timestamp,distance_cm,rssi_dbm,tx_latency_ms,e2e_latency_ms,packet_loss_pct
2026-06-27T16:45:18.116Z,35.5,-32,3,1901,0.0
2026-06-27T16:45:18.117Z,35.5,-32,3,1852,0.0
2026-06-27T16:45:18.119Z,35.5,-32,2,1803,0.0
2026-06-27T16:45:18.120Z,35.5,-32,3,1755,0.0
2026-06-27T16:45:18.121Z,35.5,-32,3,1707,0.0
2026-06-27T16:45:18.122Z,35.5,-32,3,1657,0.0
2026-06-27T16:45:18.124Z,35.5,-32,2,1609,0.0
2026-06-27T16:45:18.125Z,35.5,-32,3,1560,0.0
2026-06-27T16:45:18.126Z,35.5,-32,3,1512,0.0
2026-06-27T16:45:18.129Z,36.0,-32,3,1464,0.0
2026-06-27T16:45:18.130Z,35.5,-32,3,1416,0.0
2026-06-27T16:45:18.131Z,35.5,-33,4,1366,0.0
2026-06-27T16:45:18.133Z,35.5,-33,2,1317,0.0
2026-06-27T16:45:18.134Z,35.5,-32,3,1269,0.0
2026-06-27T16:45:18.135Z,35.5,-32,3,1221,0.0
2026-06-27T16:45:18.136Z,35.5,-32,4,1171,0.0
2026-06-27T16:45:18.137Z,35.5,-32,2,1123,0.0
2026-06-27T16:45:18.139Z,35.5,-33,3,1074,0.0
2026-06-27T16:45:18.140Z,34.7,-33,3,1026,0.0
2026-06-27T16:45:18.141Z,35.5,-33,3,976,0.0
2026-06-27T16:45:18.142Z,35.5,-33,2,926,0.0
2026-06-27T16:45:18.144Z,35.5,-32,7,880,0.0
2026-06-27T16:45:18.145Z,35.5,-32,2,830,0.0
2026-06-27T16:45:18.146Z,35.5,-32,2,781,0.0
2026-06-27T16:45:18.147Z,35.5,-32,2,733,0.0
2026-06-27T16:45:18.149Z,35.5,-32,2,684,0.0
2026-06-27T16:45:18.150Z,35.5,-33,3,635,0.0
2026-06-27T16:45:18.151Z,35.5,-33,2,586,0.0
2026-06-27T16:45:18.153Z,35.5,-33,3,537,0.0
2026-06-27T16:45:18.154Z,35.5,-33,3,490,0.0
2026-06-27T16:45:18.155Z,34.7,-33,3,440,0.0
2026-06-27T16:45:18.157Z,35.5,-33,2,391,0.0
2026-06-27T16:45:18.158Z,34.7,-33,3,343,0.0
2026-06-27T16:45:18.159Z,34.7,-33,3,295,0.0
2026-06-27T16:45:18.161Z,34.7,-33,3,247,0.0
2026-06-27T16:45:18.162Z,35.5,-33,3,197,0.0
2026-06-27T16:45:18.163Z,34.7,-32,3,148,0.0
2026-06-27T16:45:18.165Z,34.7,-32,3,100,0.0
2026-06-27T16:45:18.166Z,34.7,-33,3,51,0.0
2026-06-27T16:45:18.167Z,34.7,-33,2,2,0.0
2026-06-27T16:45:18.169Z,34.7,-33,3,-46,0.0
2026-06-27T16:45:18.171Z,34.8,-33,3,-94,0.0
2026-06-27T16:45:18.225Z,34.7,-33,6,-90,0.0
2026-06-27T16:45:18.226Z,34.7,-33,2,-139,0.0
2026-06-27T16:45:18.227Z,34.7,-33,2,-188,0.0
2026-06-27T16:45:18.281Z,34.7,-33,3,-186,0.0
2026-06-27T16:45:18.427Z,35.5,-33,3,-89,0.0
2026-06-27T16:45:18.431Z,34.7,-33,3,-135,0.0
2026-06-27T16:45:18.435Z,34.7,-33,2,-181,0.0
2026-06-27T16:45:18.479Z,35.5,-33,3,-185,0.0
2026-06-27T16:45:18.631Z,34.7,-33,3,-83,0.0
2026-06-27T16:45:18.634Z,34.7,-33,3,-131,0.0
2026-06-27T16:45:18.635Z,35.5,-33,2,-180,0.0
2026-06-27T16:45:18.686Z,34.7,-33,2,-179,0.0
2026-06-27T16:45:18.838Z,35.5,-33,3,-77,0.0
2026-06-27T16:45:18.841Z,35.5,-33,3,-124,0.0
2026-06-27T16:45:18.842Z,35.5,-32,2,-173,0.0
2026-06-27T16:45:19.045Z,34.7,-32,2,-21,0.0
2026-06-27T16:45:19.048Z,34.7,-33,4,-67,0.0
2026-06-27T16:45:19.051Z,35.5,-33,2,-114,0.0
2026-06-27T16:45:19.052Z,35.5,-33,2,-163,0.0
2026-06-27T16:45:19.054Z,35.5,-33,3,-211,0.0
2026-06-27T16:45:19.244Z,35.5,-33,3,-70,0.0
2026-06-27T16:45:19.247Z,35.5,-33,3,-119,0.0
2026-06-27T16:45:19.248Z,35.5,-33,2,-167,0.0
2026-06-27T16:45:19.250Z,35.5,-33,3,-215,0.0
2026-06-27T16:45:19.348Z,35.5,-33,6,-167,0.0
2026-06-27T16:45:19.351Z,35.5,-33,3,-215,0.0
2026-06-27T16:45:19.400Z,35.5,-33,2,-214,0.0
2026-06-27T16:45:19.654Z,35.5,-32,3,-11,0.0
2026-06-27T16:45:19.657Z,35.5,-32,3,-58,0.0
2026-06-27T16:45:19.658Z,35.5,-33,3,-107,0.0
2026-06-27T16:45:19.661Z,34.7,-33,3,-154,0.0
2026-06-27T16:45:19.662Z,34.7,-33,3,-203,0.0
2026-06-27T16:45:19.707Z,34.7,-33,3,-207,0.0
2026-06-27T16:45:19.861Z,34.7,-33,3,-106,0.0
2026-06-27T16:45:19.868Z,34.7,-33,3,-150,0.0
2026-06-27T16:45:19.872Z,34.7,-33,2,-195,0.0
2026-06-27T16:45:20.068Z,34.7,-33,3,-46,0.0
2026-06-27T16:45:20.071Z,34.7,-33,3,-94,0.0
2026-06-27T16:45:20.072Z,34.7,-33,2,-143,0.0
2026-06-27T16:45:20.073Z,35.5,-33,3,-192,0.0
2026-06-27T16:45:20.129Z,35.5,-33,3,-188,0.0
2026-06-27T16:45:20.278Z,35.5,-33,3,-88,0.0
2026-06-27T16:45:20.282Z,35.5,-33,3,-135,0.0
2026-06-27T16:45:20.285Z,35.5,-33,3,-182,0.0
2026-06-27T16:45:20.477Z,34.7,-33,3,-40,0.0
2026-06-27T16:45:20.485Z,34.7,-33,3,-83,0.0
2026-06-27T16:45:20.488Z,34.7,-33,2,-129,0.0
2026-06-27T16:45:20.492Z,34.7,-33,3,-175,0.0
2026-06-27T16:45:20.524Z,35.5,-33,3,-191,0.0
2026-06-27T16:45:20.679Z,35.5,-34,3,-85,0.0
2026-06-27T16:45:20.682Z,35.5,-34,3,-133,0.0
2026-06-27T16:45:20.683Z,34.7,-33,3,-182,0.0
2026-06-27T16:45:20.892Z,35.5,-33,3,-26,0.0
2026-06-27T16:45:20.895Z,35.5,-33,3,-70,0.0
2026-06-27T16:45:20.896Z,34.7,-33,2,-119,0.0
2026-06-27T16:45:20.897Z,35.5,-33,2,-168,0.0
2026-06-27T16:45:20.942Z,34.7,-33,3,-173,0.0
2026-06-27T16:45:20.944Z,35.5,-33,3,-221,0.0
2026-06-27T16:45:21.096Z,35.5,-33,2,-122,0.0
2026-06-27T16:45:21.098Z,34.7,-33,3,-167,0.0
2026-06-27T16:45:21.144Z,35.5,-33,2,-171,0.0
2026-06-27T16:45:21.147Z,35.5,-32,5,-218,0.0
2026-06-27T16:45:21.300Z,34.7,-32,2,-118,0.0
2026-06-27T16:45:21.308Z,34.7,-32,3,-160,0.0
2026-06-27T16:45:21.311Z,36.0,-32,2,-205,0.0
2026-06-27T16:45:21.354Z,35.5,-32,5,-213,0.0
2026-06-27T16:45:21.502Z,34.7,-34,3,-115,0.0
2026-06-27T16:45:21.504Z,34.7,-34,3,-161,0.0
2026-06-27T16:45:21.505Z,35.5,-32,2,-210,0.0
2026-06-27T16:45:21.707Z,33.5,-32,3,-61,0.0
2026-06-27T16:45:21.709Z,34.7,-38,3,-106,0.0
2026-06-27T16:45:21.710Z,35.5,-38,2,-155,0.0
2026-06-27T16:45:21.712Z,34.7,-38,2,-203,0.0
2026-06-27T16:45:21.913Z,34.7,-38,3,-54,0.0
2026-06-27T16:45:21.915Z,34.8,-29,3,-100,0.0
2026-06-27T16:45:21.917Z,34.7,-29,2,-148,0.0
2026-06-27T16:45:21.918Z,34.7,-29,3,-197,0.0
2026-06-27T16:45:22.114Z,34.7,-29,3,-52,0.0
2026-06-27T16:45:22.117Z,34.7,-39,3,-98,0.0
2026-06-27T16:45:22.120Z,34.7,-39,2,-146,0.0
2026-06-27T16:45:22.121Z,34.7,-39,3,-194,0.0
2026-06-27T16:45:22.321Z,35.5,-39,3,-44,0.0
2026-06-27T16:45:22.323Z,34.7,-41,3,-92,0.0
2026-06-27T16:45:22.324Z,34.7,-41,2,-141,0.0
2026-06-27T16:45:22.325Z,35.5,-41,3,-190,0.0
2026-06-27T16:45:22.524Z,35.5,-41,3,-41,0.0
2026-06-27T16:45:22.527Z,35.5,-45,3,-88,0.0
2026-06-27T16:45:22.529Z,35.5,-45,2,-137,0.0
2026-06-27T16:45:22.530Z,35.5,-45,3,-185,0.0
2026-06-27T16:45:22.731Z,35.5,-45,3,-34,0.0
2026-06-27T16:45:22.734Z,34.7,-40,3,-82,0.0
2026-06-27T16:45:22.736Z,35.5,-40,2,-129,0.0
2026-06-27T16:45:22.738Z,35.5,-40,3,-177,0.0
2026-06-27T16:45:22.938Z,35.5,-40,3,-27,0.0
2026-06-27T16:45:22.941Z,35.5,-46,3,-74,0.0
2026-06-27T16:45:22.944Z,35.5,-46,2,-121,0.0
2026-06-27T16:45:22.945Z,35.5,-46,2,-170,0.0
2026-06-27T16:45:23.144Z,35.5,-46,3,-26,0.0
2026-06-27T16:45:23.150Z,35.5,-48,3,-68,0.0
2026-06-27T16:45:23.154Z,35.5,-48,2,-114,0.0
2026-06-27T16:45:23.157Z,35.5,-48,2,-160,0.0
2026-06-27T16:45:23.354Z,35.5,-48,3,-13,0.0
2026-06-27T16:45:23.358Z,35.5,-56,3,-57,0.0
2026-06-27T16:45:23.360Z,35.5,-56,2,-106,0.0
2026-06-27T16:45:23.361Z,35.5,-56,2,-154,0.0
2026-06-27T16:45:23.363Z,35.5,-56,3,-204,0.0
2026-06-27T16:45:23.548Z,35.5,-54,3,-66,0.0
2026-06-27T16:45:23.550Z,35.5,-54,3,-115,0.0
2026-06-27T16:45:23.552Z,35.5,-54,2,-164,0.0
2026-06-27T16:45:23.553Z,35.5,-54,3,-211,0.0
2026-06-27T16:45:23.602Z,35.5,-54,2,-213,0.0
2026-06-27T16:45:23.753Z,35.5,-46,3,-114,0.0
2026-06-27T16:45:23.762Z,35.5,-46,3,-156,0.0
2026-06-27T16:45:23.765Z,35.5,-46,3,-202,0.0
2026-06-27T16:45:23.802Z,35.5,-46,3,-212,0.0
2026-06-27T16:45:23.962Z,35.5,-47,3,-106,0.0
2026-06-27T16:45:23.964Z,35.5,-47,3,-151,0.0
2026-06-27T16:45:23.965Z,35.5,-46,3,-200,0.0
2026-06-27T16:45:24.170Z,35.5,-46,3,-47,0.0
2026-06-27T16:45:24.178Z,35.5,-46,3,-90,0.0
2026-06-27T16:45:24.183Z,35.5,-46,2,-133,0.0
2026-06-27T16:45:24.186Z,35.5,-46,3,-181,0.0
2026-06-27T16:45:24.226Z,35.5,-46,3,-188,0.0
2026-06-27T16:45:24.280Z,35.5,-45,3,-184,0.0
2026-06-27T16:45:24.377Z,35.5,-45,3,-139,0.0
2026-06-27T16:45:24.380Z,35.5,-48,3,-185,0.0
2026-06-27T16:45:24.613Z,35.5,-48,2,-4,0.0
2026-06-27T16:45:24.621Z,35.5,-53,3,-47,0.0
2026-06-27T16:45:24.623Z,35.5,-53,2,-93,0.0
2026-06-27T16:45:24.624Z,35.5,-53,3,-141,0.0
2026-06-27T16:45:24.801Z,35.5,-53,3,-20,0.0
2026-06-27T16:45:24.810Z,35.5,-54,5,-58,0.0
2026-06-27T16:45:24.814Z,35.5,-54,2,-102,0.0
2026-06-27T16:45:24.817Z,35.5,-54,2,-149,0.0
2026-06-27T16:45:24.983Z,35.5,-54,3,-35,0.0
2026-06-27T16:45:24.987Z,35.5,-45,5,-78,0.0
2026-06-27T16:45:24.988Z,35.5,-45,2,-127,0.0
2026-06-27T16:45:24.989Z,35.5,-45,2,-176,0.0
2026-06-27T16:45:25.188Z,35.5,-45,3,-31,0.0
2026-06-27T16:45:25.201Z,35.5,-43,3,-68,0.0
2026-06-27T16:45:25.206Z,35.5,-43,2,-112,0.0
2026-06-27T16:45:25.209Z,35.5,-43,2,-158,0.0
2026-06-27T16:45:25.398Z,35.5,-43,3,-20,0.0
2026-06-27T16:45:25.409Z,35.5,-43,3,-59,0.0
2026-06-27T16:45:25.412Z,35.5,-43,3,-105,0.0
2026-06-27T16:45:25.415Z,35.5,-43,2,-152,0.0
2026-06-27T16:45:25.418Z,35.5,-43,3,-197,0.0
2026-06-27T16:45:25.454Z,35.5,-46,3,-213,0.0
2026-06-27T16:45:25.597Z,35.5,-46,2,-120,0.0
2026-06-27T16:45:25.600Z,35.5,-46,2,-165,0.0
2026-06-27T16:45:25.601Z,35.5,-46,2,-213,0.0
2026-06-27T16:45:25.698Z,35.5,-46,5,-168,0.0
2026-06-27T16:45:25.700Z,35.5,-46,3,-215,0.0
2026-06-27T16:45:25.798Z,35.5,-46,2,-167,0.0
2026-06-27T16:45:25.800Z,35.5,-47,3,-215,0.0
2026-06-27T16:45:25.852Z,35.5,-47,3,-212,0.0
2026-06-27T16:45:26.003Z,35.5,-49,3,-111,0.0
2026-06-27T16:45:26.005Z,35.5,-49,3,-160,0.0
2026-06-27T16:45:26.008Z,35.5,-51,3,-207,0.0
2026-06-27T16:45:26.062Z,35.5,-51,3,-206,0.0
2026-06-27T16:45:26.214Z,35.5,-51,3,-104,0.0
2026-06-27T16:45:26.226Z,35.5,-51,2,-144,0.0
2026-06-27T16:45:26.230Z,35.5,-51,3,-187,0.0
2026-06-27T16:45:26.238Z,35.5,-51,3,-228,0.0
2026-06-27T16:45:26.419Z,35.5,-51,5,-98,0.0
2026-06-27T16:45:26.423Z,35.5,-51,2,-144,0.0
2026-06-27T16:45:26.429Z,35.5,-51,2,-188,0.0
2026-06-27T16:45:26.617Z,35.5,-51,2,-48,0.0
2026-06-27T16:45:26.620Z,35.5,-52,3,-96,0.0
2026-06-27T16:45:26.622Z,35.5,-52,2,-143,0.0
2026-06-27T16:45:26.624Z,35.5,-52,3,-191,0.0
2026-06-27T16:45:26.827Z,35.5,-52,3,-41,0.0
2026-06-27T16:45:26.835Z,35.5,-50,3,-83,0.0
2026-06-27T16:45:26.836Z,35.5,-50,2,-129,0.0
2026-06-27T16:45:26.839Z,35.5,-50,3,-176,0.0
2026-06-27T16:45:26.882Z,35.5,-50,3,-182,0.0
2026-06-27T16:45:27.033Z,35.5,-47,3,-85,0.0
2026-06-27T16:45:27.036Z,35.5,-47,3,-128,0.0
2026-06-27T16:45:27.037Z,35.5,-45,2,-178,0.0
2026-06-27T16:45:27.237Z,35.5,-45,2,-30,0.0
2026-06-27T16:45:27.246Z,35.5,-44,3,-70,0.0
2026-06-27T16:45:27.247Z,35.5,-44,2,-118,0.0
2026-06-27T16:45:27.248Z,35.5,-44,2,-167,0.0
2026-06-27T16:45:27.445Z,35.5,-44,3,-23,0.0
2026-06-27T16:45:27.448Z,35.5,-51,3,-66,0.0
2026-06-27T16:45:27.451Z,35.5,-51,3,-114,0.0
2026-06-27T16:45:27.452Z,35.5,-51,2,-163,0.0
2026-06-27T16:45:27.453Z,35.5,-51,3,-211,0.0
2026-06-27T16:45:27.507Z,35.5,-45,3,-211,0.0
2026-06-27T16:45:27.659Z,35.5,-45,3,-107,0.0
2026-06-27T16:45:27.662Z,35.5,-44,3,-154,0.0
2026-06-27T16:45:27.664Z,35.5,-44,2,-203,0.0
2026-06-27T16:45:27.848Z,35.5,-46,3,-67,0.0
2026-06-27T16:45:27.849Z,35.5,-46,2,-116,0.0
2026-06-27T16:45:27.850Z,35.5,-46,2,-165,0.0
2026-06-27T16:45:27.853Z,35.5,-46,3,-212,0.0
2026-06-27T16:45:27.900Z,35.5,-46,2,-214,0.0
2026-06-27T16:45:28.054Z,35.5,-47,3,-114,0.0
2026-06-27T16:45:28.056Z,35.5,-47,3,-159,0.0
2026-06-27T16:45:28.058Z,35.5,-46,2,-208,0.0
2026-06-27T16:45:28.100Z,35.5,-46,3,-215,0.0
2026-06-27T16:45:28.255Z,35.5,-45,3,-110,0.0
2026-06-27T16:45:28.257Z,35.5,-45,3,-158,0.0
2026-06-27T16:45:28.259Z,35.5,-43,2,-206,0.0
2026-06-27T16:45:28.305Z,35.5,-43,3,-209,0.0
2026-06-27T16:45:28.466Z,35.5,-45,3,-101,0.0
2026-06-27T16:45:28.475Z,35.5,-45,3,-143,0.0
2026-06-27T16:45:28.476Z,35.5,-43,2,-189,0.0
2026-06-27T16:45:28.671Z,35.5,-43,3,-46,0.0
2026-06-27T16:45:28.675Z,35.5,-43,3,-90,0.0
2026-06-27T16:45:28.677Z,35.5,-43,2,-138,0.0
2026-06-27T16:45:28.678Z,35.5,-43,3,-187,0.0
2026-06-27T16:45:28.871Z,35.5,-43,3,-44,0.0
2026-06-27T16:45:28.874Z,35.5,-43,3,-92,0.0
2026-06-27T16:45:28.876Z,35.5,-43,2,-139,0.0
2026-06-27T16:45:28.877Z,35.5,-43,3,-188,0.0
2026-06-27T16:45:29.080Z,35.5,-43,3,-39,0.0
2026-06-27T16:45:29.088Z,35.5,-47,3,-81,0.0
2026-06-27T16:45:29.091Z,35.5,-47,2,-124,0.0
2026-06-27T16:45:29.093Z,35.5,-47,3,-173,0.0
2026-06-27T16:45:29.283Z,35.5,-47,3,-34,0.0
2026-06-27T16:45:29.291Z,35.5,-49,3,-75,0.0
2026-06-27T16:45:29.293Z,35.5,-49,2,-123,0.0
2026-06-27T16:45:29.294Z,35.5,-49,3,-171,0.0
2026-06-27T16:45:29.343Z,35.5,-49,3,-176,0.0
2026-06-27T16:45:29.487Z,35.5,-48,3,-81,0.0
2026-06-27T16:45:29.495Z,35.5,-48,5,-120,0.0
2026-06-27T16:45:29.496Z,35.5,-51,2,-169,0.0
2026-06-27T16:45:29.537Z,35.5,-51,2,-179,0.0
2026-06-27T16:45:29.700Z,35.5,-51,2,-67,0.0
2026-06-27T16:45:29.703Z,35.5,-51,5,-112,0.0
2026-06-27T16:45:29.704Z,35.5,-54,2,-161,0.0
2026-06-27T16:45:29.705Z,35.5,-54,2,-210,0.0
2026-06-27T16:45:29.905Z,35.5,-52,7,-63,0.0
2026-06-27T16:45:29.909Z,35.5,-52,2,-108,0.0
2026-06-27T16:45:29.912Z,35.5,-52,2,-154,0.0
2026-06-27T16:45:29.915Z,35.5,-52,3,-200,0.0
2026-06-27T16:45:30.006Z,35.5,-52,2,-161,0.0
2026-06-27T16:45:30.015Z,35.5,-63,3,-203,0.0
2026-06-27T16:45:30.099Z,35.5,-63,2,-165,0.0
2026-06-27T16:45:30.101Z,35.5,-57,3,-214,0.0
2026-06-27T16:45:30.323Z,35.5,-57,3,-42,0.0
2026-06-27T16:45:30.326Z,35.5,-55,3,-90,0.0
2026-06-27T16:45:30.327Z,35.5,-55,2,-138,0.0
2026-06-27T16:45:30.328Z,35.5,-55,3,-187,0.0
2026-06-27T16:45:30.524Z,35.5,-55,3,-43,0.0
2026-06-27T16:45:30.527Z,35.5,-54,3,-88,0.0
2026-06-27T16:45:30.529Z,35.5,-54,2,-137,0.0
2026-06-27T16:45:30.530Z,35.5,-54,3,-185,0.0
2026-06-27T16:45:30.712Z,35.5,-54,3,-52,0.0
2026-06-27T16:45:30.715Z,35.5,-59,3,-101,0.0
2026-06-27T16:45:30.716Z,35.5,-59,2,-149,0.0
2026-06-27T16:45:30.719Z,35.5,-59,3,-197,0.0
2026-06-27T16:45:30.763Z,35.5,-59,3,-201,0.0
2026-06-27T16:45:30.918Z,35.5,-70,3,-96,0.0
2026-06-27T16:45:30.921Z,35.5,-70,3,-144,0.0
2026-06-27T16:45:30.922Z,35.5,-55,3,-193,0.0
2026-06-27T16:45:31.123Z,35.5,-55,3,-42,0.0
2026-06-27T16:45:31.126Z,35.5,-68,3,-89,0.0
2026-06-27T16:45:31.127Z,35.5,-68,2,-138,0.0
2026-06-27T16:45:31.128Z,35.5,-68,3,-187,0.0
2026-06-27T16:45:31.333Z,35.5,-68,3,-32,0.0
2026-06-27T16:45:31.338Z,35.5,-56,3,-78,0.0
2026-06-27T16:45:31.341Z,34.7,-56,2,-125,0.0
2026-06-27T16:45:31.344Z,35.5,-56,3,-173,0.0
2026-06-27T16:45:31.539Z,35.5,-56,3,-28,0.0
2026-06-27T16:45:31.542Z,35.5,-54,3,-72,0.0
2026-06-27T16:45:31.543Z,35.5,-54,2,-122,0.0
2026-06-27T16:45:31.545Z,35.5,-54,2,-170,0.0
2026-06-27T16:45:31.592Z,35.5,-54,3,-172,0.0
2026-06-27T16:45:31.594Z,35.5,-54,3,-220,0.0
2026-06-27T16:45:31.749Z,35.5,-54,2,-119,0.0
2026-06-27T16:45:31.757Z,35.5,-56,3,-161,0.0
2026-06-27T16:45:31.759Z,35.5,-56,2,-205,0.0
2026-06-27T16:45:31.947Z,35.5,-57,3,-70,0.0
2026-06-27T16:45:31.950Z,35.5,-57,3,-116,0.0
2026-06-27T16:45:31.951Z,35.5,-57,2,-164,0.0
2026-06-27T16:45:31.952Z,35.5,-57,3,-212,0.0
2026-06-27T16:45:32.149Z,35.5,-57,6,-66,0.0
2026-06-27T16:45:32.150Z,35.5,-64,2,-115,0.0
2026-06-27T16:45:32.153Z,35.5,-64,2,-163,0.0
2026-06-27T16:45:32.154Z,35.5,-64,3,-211,0.0
2026-06-27T16:45:32.354Z,35.5,-64,3,-60,0.0
2026-06-27T16:45:32.356Z,34.7,-63,3,-109,0.0
2026-06-27T16:45:32.359Z,35.5,-63,2,-156,0.0
2026-06-27T16:45:32.360Z,35.5,-63,3,-205,0.0
2026-06-27T16:45:32.560Z,35.5,-63,3,-57,0.0
2026-06-27T16:45:32.562Z,35.5,-58,3,-103,0.0
2026-06-27T16:45:32.563Z,35.5,-58,2,-152,0.0
2026-06-27T16:45:32.565Z,35.5,-58,3,-200,0.0
2026-06-27T16:45:32.616Z,35.5,-58,3,-201,0.0
2026-06-27T16:45:32.765Z,34.7,-58,3,-103,0.0
2026-06-27T16:45:32.774Z,34.7,-58,3,-144,0.0
2026-06-27T16:45:32.778Z,34.7,-59,2,-189,0.0
2026-06-27T16:45:32.813Z,35.5,-59,3,-201,0.0
2026-06-27T16:45:32.970Z,35.5,-58,3,-98,0.0
2026-06-27T16:45:32.978Z,35.5,-58,3,-139,0.0
2026-06-27T16:45:32.982Z,35.5,-59,3,-185,0.0
2026-06-27T16:45:33.175Z,35.5,-59,3,-40,0.0
2026-06-27T16:45:33.178Z,35.5,-56,3,-88,0.0
2026-06-27T16:45:33.180Z,35.5,-56,2,-135,0.0
2026-06-27T16:45:33.181Z,34.7,-56,3,-184,0.0
2026-06-27T16:45:33.383Z,35.5,-56,3,-35,0.0
2026-06-27T16:45:33.395Z,34.7,-64,3,-75,0.0
2026-06-27T16:45:33.399Z,35.5,-64,2,-118,0.0
2026-06-27T16:45:33.401Z,35.5,-64,3,-165,0.0
2026-06-27T16:45:33.588Z,35.5,-64,3,-30,0.0
2026-06-27T16:45:33.592Z,35.5,-76,3,-72,0.0
2026-06-27T16:45:33.594Z,35.5,-76,2,-122,0.0
2026-06-27T16:45:33.595Z,34.8,-76,2,-170,0.0
2026-06-27T16:45:33.788Z,35.5,-76,3,-29,0.0
2026-06-27T16:45:33.793Z,34.7,-77,3,-72,0.0
2026-06-27T16:45:33.794Z,34.7,-77,3,-121,0.0
2026-06-27T16:45:33.795Z,34.7,-77,2,-170,0.0
2026-06-27T16:45:33.995Z,34.7,-77,3,-23,0.0
2026-06-27T16:45:33.998Z,34.7,-78,5,-67,0.0
2026-06-27T16:45:33.999Z,35.5,-78,2,-116,0.0
2026-06-27T16:45:34.001Z,35.5,-78,2,-164,0.0
2026-06-27T16:45:34.002Z,35.5,-78,3,-214,0.0
2026-06-27T16:45:34.200Z,34.7,-74,6,-64,0.0
2026-06-27T16:45:34.202Z,34.7,-74,2,-114,0.0
2026-06-27T16:45:34.204Z,35.5,-74,2,-161,0.0
2026-06-27T16:45:34.206Z,35.5,-74,2,-209,0.0
2026-06-27T16:45:34.407Z,35.5,-74,2,-61,0.0
2026-06-27T16:45:34.410Z,34.7,-74,3,-106,0.0
2026-06-27T16:45:34.411Z,35.5,-74,2,-154,0.0
2026-06-27T16:45:34.412Z,34.7,-76,2,-203,0.0
2026-06-27T16:45:34.607Z,34.7,-76,2,-57,0.0
2026-06-27T16:45:34.610Z,34.7,-72,3,-106,0.0
2026-06-27T16:45:34.611Z,35.5,-72,2,-154,0.0
2026-06-27T16:45:34.613Z,34.7,-72,3,-202,0.0
2026-06-27T16:45:34.810Z,35.5,-72,3,-55,0.0
2026-06-27T16:45:34.813Z,35.5,-69,3,-103,0.0
2026-06-27T16:45:34.815Z,35.5,-69,2,-151,0.0
2026-06-27T16:45:34.817Z,35.5,-69,3,-199,0.0
2026-06-27T16:45:35.018Z,34.7,-69,3,-50,0.0
2026-06-27T16:45:35.020Z,34.7,-68,3,-95,0.0
2026-06-27T16:45:35.021Z,34.7,-68,2,-144,0.0
2026-06-27T16:45:35.022Z,34.7,-68,3,-193,0.0
2026-06-27T16:45:35.223Z,34.7,-68,3,-41,0.0
2026-06-27T16:45:35.227Z,35.5,-67,3,-89,0.0
2026-06-27T16:45:35.229Z,35.5,-67,2,-137,0.0
2026-06-27T16:45:35.231Z,35.5,-67,3,-184,0.0
2026-06-27T16:45:35.276Z,35.5,-67,3,-189,0.0
2026-06-27T16:45:35.426Z,34.7,-73,3,-89,0.0
2026-06-27T16:45:35.429Z,35.5,-73,3,-137,0.0
2026-06-27T16:45:35.430Z,35.5,-69,2,-185,0.0
2026-06-27T16:45:35.477Z,35.5,-69,3,-187,0.0
2026-06-27T16:45:35.635Z,36.0,-74,3,-84,0.0
2026-06-27T16:45:35.642Z,34.8,-74,3,-124,0.0
2026-06-27T16:45:35.644Z,34.8,-72,2,-172,0.0
2026-06-27T16:45:35.837Z,33.5,-72,2,-30,0.0
2026-06-27T16:45:35.841Z,34.7,-73,3,-74,0.0
2026-06-27T16:45:35.842Z,34.7,-73,2,-123,0.0
2026-06-27T16:45:35.844Z,34.8,-73,2,-172,0.0
2026-06-27T16:45:36.043Z,34.7,-73,3,-27,0.0
2026-06-27T16:45:36.053Z,34.8,-74,3,-64,0.0
2026-06-27T16:45:36.058Z,34.8,-74,3,-110,0.0
2026-06-27T16:45:36.061Z,34.8,-74,2,-156,0.0
2026-06-27T16:45:36.063Z,34.8,-74,3,-202,0.0
2026-06-27T16:45:36.260Z,34.7,-65,7,-58,0.0
2026-06-27T16:45:36.262Z,34.7,-65,2,-103,0.0
2026-06-27T16:45:36.265Z,34.7,-65,2,-151,0.0
2026-06-27T16:45:36.266Z,34.8,-65,3,-198,0.0
2026-06-27T16:45:36.308Z,34.8,-65,5,-210,0.0
2026-06-27T16:45:36.454Z,34.7,-65,3,-114,0.0
2026-06-27T16:45:36.461Z,34.8,-65,3,-157,0.0
2026-06-27T16:45:36.466Z,34.7,-65,2,-201,0.0
2026-06-27T16:45:36.511Z,34.8,-65,3,-203,0.0
2026-06-27T16:45:36.658Z,34.7,-65,3,-109,0.0
2026-06-27T16:45:36.661Z,34.8,-65,3,-154,0.0
2026-06-27T16:45:36.662Z,34.7,-65,2,-203,0.0
2026-06-27T16:45:36.863Z,34.8,-65,3,-54,0.0
2026-06-27T16:45:36.866Z,34.8,-65,3,-99,0.0
2026-06-27T16:45:36.868Z,34.8,-65,2,-148,0.0
2026-06-27T16:45:36.869Z,36.4,-65,3,-196,0.0
2026-06-27T16:45:37.067Z,36.4,-65,3,-52,0.0
2026-06-27T16:45:37.077Z,34.7,-72,3,-91,0.0
2026-06-27T16:45:37.080Z,34.7,-72,2,-137,0.0
2026-06-27T16:45:37.083Z,34.7,-72,3,-183,0.0
2026-06-27T16:45:37.273Z,34.7,-72,3,-46,0.0
2026-06-27T16:45:37.281Z,34.7,-75,3,-87,0.0
2026-06-27T16:45:37.288Z,34.7,-75,2,-129,0.0
2026-06-27T16:45:37.291Z,34.7,-75,3,-175,0.0
2026-06-27T16:45:37.327Z,34.7,-75,3,-187,0.0
2026-06-27T16:45:37.475Z,34.7,-74,3,-92,0.0
2026-06-27T16:45:37.477Z,34.8,-74,3,-138,0.0
2026-06-27T16:45:37.478Z,34.7,-74,2,-187,0.0
2026-06-27T16:45:37.529Z,34.7,-74,3,-185,0.0
2026-06-27T16:45:37.681Z,34.8,-75,3,-84,0.0
2026-06-27T16:45:37.685Z,36.0,-75,3,-130,0.0
2026-06-27T16:45:37.687Z,34.8,-77,3,-178,0.0
2026-06-27T16:45:37.889Z,34.7,-77,2,-29,0.0
2026-06-27T16:45:37.892Z,34.7,-77,3,-72,0.0
2026-06-27T16:45:37.893Z,34.8,-77,2,-122,0.0
2026-06-27T16:45:37.895Z,34.7,-77,2,-170,0.0
2026-06-27T16:45:38.094Z,34.8,-77,3,-24,0.0
2026-06-27T16:45:38.097Z,34.7,-77,3,-68,0.0
2026-06-27T16:45:38.098Z,34.7,-77,3,-117,0.0
2026-06-27T16:45:38.099Z,34.7,-77,2,-166,0.0
2026-06-27T16:45:38.301Z,34.7,-77,3,-15,0.0
2026-06-27T16:45:38.304Z,35.5,-75,6,-61,0.0
2026-06-27T16:45:38.306Z,34.7,-75,2,-109,0.0
2026-06-27T16:45:38.307Z,35.5,-75,2,-158,0.0
2026-06-27T16:45:38.308Z,35.5,-75,3,-206,0.0
2026-06-27T16:45:38.500Z,34.7,-75,5,-68,0.0
2026-06-27T16:45:38.508Z,34.7,-76,3,-109,0.0
2026-06-27T16:45:38.511Z,34.8,-76,2,-155,0.0
2026-06-27T16:45:38.514Z,34.8,-76,3,-202,0.0
2026-06-27T16:45:38.550Z,34.8,-76,3,-214,0.0
2026-06-27T16:45:38.707Z,34.8,-66,3,-111,0.0
2026-06-27T16:45:38.710Z,34.7,-66,3,-155,0.0
2026-06-27T16:45:38.711Z,34.8,-66,2,-204,0.0
2026-06-27T16:45:38.908Z,34.8,-66,3,-59,0.0
2026-06-27T16:45:38.915Z,34.7,-67,3,-103,0.0
2026-06-27T16:45:38.919Z,34.7,-67,2,-148,0.0
2026-06-27T16:45:38.921Z,34.7,-67,3,-195,0.0
2026-06-27T16:45:38.956Z,34.7,-67,3,-208,0.0
2026-06-27T16:45:39.117Z,34.7,-73,3,-101,0.0
2026-06-27T16:45:39.126Z,34.7,-73,3,-142,0.0
2026-06-27T16:45:39.130Z,34.8,-73,2,-187,0.0
2026-06-27T16:45:39.318Z,34.7,-73,3,-47,0.0
2026-06-27T16:45:39.321Z,34.7,-73,3,-95,0.0
2026-06-27T16:45:39.323Z,34.7,-73,2,-143,0.0
2026-06-27T16:45:39.325Z,34.7,-73,3,-191,0.0
2026-06-27T16:45:39.524Z,34.7,-73,3,-44,0.0
2026-06-27T16:45:39.527Z,34.7,-75,3,-89,0.0
2026-06-27T16:45:39.528Z,34.7,-75,2,-137,0.0
2026-06-27T16:45:39.529Z,34.8,-75,3,-186,0.0
2026-06-27T16:45:39.724Z,34.7,-75,3,-40,0.0
2026-06-27T16:45:39.727Z,34.8,-73,3,-89,0.0
2026-06-27T16:45:39.729Z,34.8,-73,2,-137,0.0
2026-06-27T16:45:39.730Z,34.7,-73,3,-185,0.0
2026-06-27T16:45:39.935Z,34.7,-73,3,-32,0.0
2026-06-27T16:45:39.937Z,34.8,-74,3,-78,0.0
2026-06-27T16:45:39.939Z,34.8,-74,2,-126,0.0
2026-06-27T16:45:39.940Z,34.7,-74,3,-175,0.0
2026-06-27T16:45:39.989Z,35.5,-74,3,-177,0.0
2026-06-27T16:45:40.139Z,34.7,-76,3,-79,0.0
2026-06-27T16:45:40.148Z,34.7,-76,5,-119,0.0
2026-06-27T16:45:40.152Z,35.5,-74,2,-166,0.0
2026-06-27T16:45:40.190Z,35.5,-74,2,-176,0.0
2026-06-27T16:45:40.192Z,35.5,-75,4,-222,0.0
2026-06-27T16:45:40.346Z,35.5,-75,2,-121,0.0
2026-06-27T16:45:40.356Z,34.7,-75,3,-163,0.0
2026-06-27T16:45:40.359Z,35.5,-75,2,-208,0.0
2026-06-27T16:45:40.573Z,34.7,-74,2,-45,0.0
2026-06-27T16:45:40.576Z,34.7,-74,3,-89,0.0
2026-06-27T16:45:40.578Z,34.7,-74,2,-137,0.0
2026-06-27T16:45:40.579Z,35.5,-74,2,-185,0.0
2026-06-27T16:45:40.653Z,35.5,-74,2,-164,0.0
2026-06-27T16:45:40.661Z,34.7,-73,3,-208,0.0
2026-06-27T16:45:40.699Z,35.5,-73,2,-216,0.0
2026-06-27T16:45:40.958Z,35.5,-73,3,-10,0.0
2026-06-27T16:45:40.963Z,34.7,-73,3,-54,0.0
2026-06-27T16:45:40.966Z,35.5,-71,2,-99,0.0
2026-06-27T16:45:40.967Z,35.5,-71,3,-148,0.0
2026-06-27T16:45:40.969Z,34.7,-71,3,-196,0.0
2026-06-27T16:45:41.163Z,35.5,-71,3,-53,0.0
2026-06-27T16:45:41.166Z,35.5,-73,3,-99,0.0
2026-06-27T16:45:41.168Z,35.5,-73,2,-148,0.0
2026-06-27T16:45:41.169Z,36.0,-73,3,-196,0.0
2026-06-27T16:45:41.326Z,36.0,-73,3,-92,0.0
2026-06-27T16:45:41.328Z,34.7,-66,3,-110,0.0
2026-06-27T16:45:41.329Z,34.7,-66,2,-119,0.0
2026-06-27T16:45:41.330Z,34.7,-66,2,-129,0.0
2026-06-27T16:45:41.332Z,34.8,-66,2,-137,0.0
2026-06-27T16:45:41.333Z,36.0,-66,3,-146,0.0
2026-06-27T16:45:41.335Z,35.5,-66,3,-155,0.0
2026-06-27T16:45:41.336Z,34.7,-66,3,-163,0.0
2026-06-27T16:45:41.337Z,35.5,-66,3,-172,0.0
2026-06-27T16:45:41.338Z,34.7,-66,3,-181,0.0
2026-06-27T16:45:41.339Z,34.7,-66,3,-190,0.0
2026-06-27T16:45:41.340Z,36.0,-66,3,-199,0.0
2026-06-27T16:45:41.342Z,34.7,-66,3,-207,0.0
2026-06-27T16:45:41.459Z,34.7,-66,5,-107,0.0
2026-06-27T16:45:41.462Z,34.7,-66,4,-109,0.0
2026-06-27T16:45:41.464Z,36.0,-66,2,-117,0.0
2026-06-27T16:45:41.466Z,36.0,-66,2,-125,0.0
2026-06-27T16:45:41.468Z,34.7,-74,2,-133,0.0
2026-06-27T16:45:41.469Z,34.7,-74,2,-141,0.0
2026-06-27T16:45:41.470Z,34.8,-74,2,-152,0.0
2026-06-27T16:45:41.471Z,34.7,-74,3,-160,0.0
2026-06-27T16:45:41.472Z,34.8,-74,3,-169,0.0
2026-06-27T16:45:41.474Z,34.8,-74,3,-177,0.0
2026-06-27T16:45:41.475Z,34.7,-74,2,-186,0.0
2026-06-27T16:45:41.476Z,34.8,-74,3,-195,0.0
2026-06-27T16:45:41.477Z,34.7,-74,3,-204,0.0
2026-06-27T16:45:41.575Z,34.7,-74,5,-123,0.0
2026-06-27T16:45:41.581Z,34.7,-75,2,-124,0.0
2026-06-27T16:45:41.583Z,34.7,-75,2,-130,0.0
2026-06-27T16:45:41.588Z,34.7,-75,2,-135,0.0
2026-06-27T16:45:41.590Z,34.8,-75,2,-142,0.0
2026-06-27T16:45:41.592Z,34.7,-75,2,-151,0.0
2026-06-27T16:45:41.593Z,34.7,-75,2,-160,0.0
2026-06-27T16:45:41.594Z,34.7,-75,2,-169,0.0
2026-06-27T16:45:41.595Z,34.7,-75,3,-178,0.0
2026-06-27T16:45:41.597Z,34.7,-75,3,-187,0.0
2026-06-27T16:45:41.598Z,34.7,-75,3,-196,0.0
2026-06-27T16:45:41.622Z,34.7,-75,7,-184,0.0
2026-06-27T16:45:41.625Z,34.7,-75,2,-192,0.0
2026-06-27T16:45:41.626Z,34.8,-75,2,-200,0.0
2026-06-27T16:45:41.628Z,34.7,-75,2,-209,0.0
2026-06-27T16:45:41.629Z,34.7,-75,2,-217,0.0
2026-06-27T16:45:41.756Z,34.7,-75,3,-106,0.0
2026-06-27T16:45:41.766Z,34.7,-75,2,-104,0.0
2026-06-27T16:45:41.768Z,34.7,-75,2,-110,0.0
2026-06-27T16:45:41.771Z,34.7,-75,2,-117,0.0
2026-06-27T16:45:41.773Z,34.8,-75,2,-125,0.0
2026-06-27T16:45:41.775Z,34.8,-75,3,-133,0.0
2026-06-27T16:45:41.776Z,34.7,-75,2,-142,0.0
2026-06-27T16:45:41.778Z,34.7,-75,2,-150,0.0
2026-06-27T16:45:41.779Z,34.7,-75,3,-159,0.0
2026-06-27T16:45:41.781Z,33.5,-75,3,-167,0.0
2026-06-27T16:45:41.782Z,34.8,-75,2,-176,0.0
2026-06-27T16:45:41.783Z,34.8,-75,3,-185,0.0
2026-06-27T16:45:41.877Z,34.8,-75,3,-103,0.0
2026-06-27T16:45:41.881Z,34.8,-75,7,-110,0.0
2026-06-27T16:45:41.885Z,34.8,-75,2,-114,0.0
2026-06-27T16:45:41.887Z,33.5,-75,3,-122,0.0
2026-06-27T16:45:41.888Z,34.8,-75,2,-131,0.0
2026-06-27T16:45:41.889Z,36.0,-75,2,-140,0.0
2026-06-27T16:45:41.891Z,34.8,-75,2,-149,0.0
2026-06-27T16:45:41.892Z,33.5,-75,2,-158,0.0
2026-06-27T16:45:41.893Z,34.7,-75,2,-167,0.0
2026-06-27T16:45:41.894Z,34.8,-75,2,-176,0.0
2026-06-27T16:45:41.895Z,34.7,-75,3,-185,0.0
2026-06-27T16:45:41.896Z,34.8,-75,3,-194,0.0
2026-06-27T16:45:41.897Z,34.8,-75,3,-203,0.0
2026-06-27T16:45:41.983Z,34.8,-75,5,-130,0.0
2026-06-27T16:45:41.985Z,34.7,-75,2,-136,0.0
2026-06-27T16:45:41.987Z,34.8,-75,2,-144,0.0
2026-06-27T16:45:41.990Z,34.7,-75,2,-150,0.0
2026-06-27T16:45:41.992Z,34.7,-75,2,-159,0.0
2026-06-27T16:45:41.993Z,34.8,-75,2,-167,0.0
2026-06-27T16:45:41.994Z,33.5,-75,3,-177,0.0
2026-06-27T16:45:41.995Z,34.8,-75,2,-186,0.0
2026-06-27T16:45:41.998Z,34.8,-75,2,-194,0.0
2026-06-27T16:45:41.999Z,34.8,-75,3,-201,0.0
2026-06-27T16:45:42.082Z,34.8,-75,5,-129,0.0
2026-06-27T16:45:42.084Z,34.8,-78,3,-136,0.0
2026-06-27T16:45:42.086Z,34.8,-78,2,-145,0.0
2026-06-27T16:45:42.087Z,34.7,-78,2,-153,0.0
2026-06-27T16:45:42.089Z,34.8,-78,2,-162,0.0
2026-06-27T16:45:42.090Z,34.7,-78,2,-170,0.0
2026-06-27T16:45:42.091Z,34.7,-78,3,-180,0.0
2026-06-27T16:45:42.093Z,33.5,-78,2,-188,0.0
2026-06-27T16:45:42.094Z,34.7,-78,2,-197,0.0
2026-06-27T16:45:42.095Z,34.7,-78,3,-206,0.0
2026-06-27T16:45:42.136Z,34.7,-78,3,-176,0.0
2026-06-27T16:45:42.140Z,34.7,-79,5,-184,0.0
2026-06-27T16:45:42.141Z,34.8,-79,2,-191,0.0
2026-06-27T16:45:42.143Z,34.8,-79,2,-200,0.0
2026-06-27T16:45:42.144Z,34.7,-79,2,-208,0.0
2026-06-27T16:45:42.145Z,34.7,-79,2,-217,0.0
2026-06-27T16:45:42.272Z,34.7,-79,5,-102,0.0
2026-06-27T16:45:42.274Z,34.7,-79,2,-110,0.0
2026-06-27T16:45:42.277Z,34.8,-79,2,-117,0.0
2026-06-27T16:45:42.279Z,34.7,-79,2,-126,0.0
2026-06-27T16:45:42.280Z,34.8,-79,4,-134,0.0
2026-06-27T16:45:42.282Z,34.8,-81,2,-143,0.0
2026-06-27T16:45:42.283Z,34.7,-81,2,-152,0.0
2026-06-27T16:45:42.284Z,33.5,-81,2,-161,0.0
2026-06-27T16:45:42.285Z,34.7,-81,2,-170,0.0
2026-06-27T16:45:42.286Z,34.7,-81,3,-179,0.0
2026-06-27T16:45:42.287Z,34.7,-81,3,-188,0.0
2026-06-27T16:45:42.289Z,34.7,-81,3,-196,0.0
2026-06-27T16:45:42.399Z,34.7,-81,3,-97,0.0
2026-06-27T16:45:42.401Z,34.7,-81,6,-106,0.0
2026-06-27T16:45:42.403Z,34.8,-81,4,-114,0.0
2026-06-27T16:45:42.404Z,34.7,-82,2,-122,0.0
2026-06-27T16:45:42.405Z,34.8,-82,2,-131,0.0
2026-06-27T16:45:42.406Z,34.8,-82,2,-140,0.0
2026-06-27T16:45:42.408Z,34.7,-82,2,-149,0.0
2026-06-27T16:45:42.409Z,34.8,-82,2,-158,0.0
2026-06-27T16:45:42.410Z,34.7,-82,2,-167,0.0
2026-06-27T16:45:42.411Z,34.7,-82,3,-176,0.0
2026-06-27T16:45:42.412Z,34.7,-82,3,-185,0.0
2026-06-27T16:45:42.413Z,34.7,-82,3,-193,0.0
2026-06-27T16:45:42.414Z,34.8,-82,2,-202,0.0
2026-06-27T16:45:42.539Z,34.7,-82,5,-108,0.0
2026-06-27T16:45:42.540Z,34.7,-82,2,-115,0.0
2026-06-27T16:45:42.542Z,34.7,-82,2,-124,0.0
2026-06-27T16:45:42.543Z,34.7,-82,2,-132,0.0
2026-06-27T16:45:42.544Z,34.7,-82,2,-141,0.0
2026-06-27T16:45:42.547Z,34.8,-82,2,-151,0.0
2026-06-27T16:45:42.548Z,34.7,-82,3,-158,0.0
2026-06-27T16:45:42.549Z,34.7,-82,2,-167,0.0
2026-06-27T16:45:42.550Z,34.7,-82,3,-176,0.0
2026-06-27T16:45:42.551Z,34.7,-82,2,-185,0.0
2026-06-27T16:45:42.553Z,34.7,-82,3,-193,0.0
2026-06-27T16:45:42.554Z,34.7,-82,2,-202,0.0
2026-06-27T16:45:42.664Z,34.8,-82,3,-103,0.0
2026-06-27T16:45:42.667Z,34.7,-82,8,-112,0.0
2026-06-27T16:45:42.669Z,34.7,-82,2,-120,0.0
2026-06-27T16:45:42.670Z,34.7,-82,2,-128,0.0
2026-06-27T16:45:42.671Z,34.7,-82,2,-137,0.0
2026-06-27T16:45:42.672Z,34.7,-82,2,-146,0.0
2026-06-27T16:45:42.674Z,34.7,-80,2,-156,0.0
2026-06-27T16:45:42.675Z,33.5,-80,2,-164,0.0
2026-06-27T16:45:42.676Z,34.7,-80,2,-173,0.0
2026-06-27T16:45:42.677Z,34.7,-80,3,-182,0.0
2026-06-27T16:45:42.678Z,33.5,-80,3,-191,0.0
2026-06-27T16:45:42.679Z,34.7,-80,3,-200,0.0
2026-06-27T16:45:42.681Z,33.5,-80,3,-208,0.0
2026-06-27T16:45:42.800Z,34.7,-80,6,-105,0.0
2026-06-27T16:45:42.810Z,34.7,-80,2,-105,0.0
2026-06-27T16:45:42.814Z,34.7,-80,2,-110,0.0
2026-06-27T16:45:42.816Z,34.7,-81,2,-116,0.0
2026-06-27T16:45:42.818Z,34.7,-81,2,-124,0.0
2026-06-27T16:45:42.820Z,33.5,-81,2,-132,0.0
2026-06-27T16:45:42.822Z,33.5,-81,2,-141,0.0
2026-06-27T16:45:42.824Z,33.5,-81,2,-149,0.0
2026-06-27T16:45:42.825Z,34.7,-81,2,-157,0.0
2026-06-27T16:45:42.827Z,33.5,-81,3,-166,0.0
2026-06-27T16:45:42.828Z,33.5,-81,2,-174,0.0
2026-06-27T16:45:42.829Z,34.7,-81,2,-183,0.0
2026-06-27T16:45:42.859Z,34.7,-81,3,-167,0.0
2026-06-27T16:45:42.865Z,34.7,-76,8,-173,0.0
2026-06-27T16:45:42.868Z,34.8,-76,2,-179,0.0
2026-06-27T16:45:42.870Z,34.7,-76,2,-186,0.0
2026-06-27T16:45:42.872Z,34.8,-76,2,-194,0.0
2026-06-27T16:45:42.874Z,34.8,-76,2,-202,0.0
2026-06-27T16:45:42.981Z,33.5,-76,2,-106,0.0
2026-06-27T16:45:42.983Z,34.7,-76,3,-112,0.0
2026-06-27T16:45:42.985Z,34.7,-76,2,-121,0.0
2026-06-27T16:45:42.986Z,34.7,-76,2,-129,0.0
2026-06-27T16:45:42.988Z,34.7,-76,2,-138,0.0
2026-06-27T16:45:42.989Z,34.7,-75,2,-146,0.0
2026-06-27T16:45:42.990Z,33.5,-75,4,-156,0.0
2026-06-27T16:45:42.991Z,34.7,-75,2,-165,0.0
2026-06-27T16:45:42.992Z,34.7,-75,2,-174,0.0
2026-06-27T16:45:42.994Z,34.7,-75,3,-182,0.0
2026-06-27T16:45:42.995Z,34.7,-75,3,-191,0.0
2026-06-27T16:45:42.996Z,34.7,-75,2,-200,0.0
2026-06-27T16:45:42.997Z,33.5,-75,2,-209,0.0
2026-06-27T16:45:43.046Z,34.7,-75,5,-174,0.0
2026-06-27T16:45:43.051Z,34.7,-75,2,-180,0.0
2026-06-27T16:45:43.055Z,34.7,-76,3,-184,0.0
2026-06-27T16:45:43.057Z,34.7,-76,2,-190,0.0
2026-06-27T16:45:43.061Z,34.7,-76,2,-196,0.0
2026-06-27T16:45:43.170Z,34.7,-76,2,-96,0.0
2026-06-27T16:45:43.172Z,33.5,-76,3,-104,0.0
2026-06-27T16:45:43.176Z,34.7,-76,2,-111,0.0
2026-06-27T16:45:43.178Z,33.5,-76,2,-118,0.0
2026-06-27T16:45:43.179Z,34.7,-76,2,-127,0.0
2026-06-27T16:45:43.180Z,34.7,-76,2,-136,0.0
2026-06-27T16:45:43.181Z,34.7,-76,2,-145,0.0
2026-06-27T16:45:43.183Z,34.7,-76,5,-155,0.0
2026-06-27T16:45:43.184Z,34.7,-76,2,-163,0.0
2026-06-27T16:45:43.185Z,34.7,-76,3,-172,0.0
2026-06-27T16:45:43.186Z,34.7,-76,3,-181,0.0
2026-06-27T16:45:43.187Z,34.7,-76,3,-190,0.0
2026-06-27T16:45:43.188Z,34.7,-76,3,-199,0.0
2026-06-27T16:45:43.284Z,36.4,-76,6,-116,0.0
2026-06-27T16:45:43.286Z,34.7,-76,2,-123,0.0
2026-06-27T16:45:43.288Z,34.7,-76,2,-131,0.0
2026-06-27T16:45:43.289Z,34.7,-76,2,-140,0.0
2026-06-27T16:45:43.290Z,34.7,-76,4,-149,0.0
2026-06-27T16:45:43.292Z,34.7,-76,2,-157,0.0
2026-06-27T16:45:43.293Z,34.7,-76,3,-167,0.0
2026-06-27T16:45:43.294Z,34.7,-76,2,-176,0.0
2026-06-27T16:45:43.296Z,34.7,-76,2,-184,0.0
2026-06-27T16:45:43.298Z,33.5,-76,2,-193,0.0
2026-06-27T16:45:43.299Z,33.5,-76,2,-201,0.0
2026-06-27T16:45:43.300Z,33.5,-76,2,-210,0.0
2026-06-27T16:45:43.411Z,34.8,-76,2,-110,0.0
2026-06-27T16:45:43.414Z,34.7,-76,2,-117,0.0
2026-06-27T16:45:43.415Z,34.7,-76,4,-125,0.0
2026-06-27T16:45:43.417Z,34.7,-77,2,-134,0.0
2026-06-27T16:45:43.419Z,34.8,-77,2,-141,0.0
2026-06-27T16:45:43.421Z,34.7,-77,2,-149,0.0
2026-06-27T16:45:43.422Z,34.7,-77,2,-159,0.0
2026-06-27T16:45:43.423Z,34.7,-77,2,-168,0.0
2026-06-27T16:45:43.424Z,34.7,-77,3,-177,0.0
2026-06-27T16:45:43.426Z,34.7,-77,3,-185,0.0
2026-06-27T16:45:43.427Z,34.7,-77,3,-194,0.0
2026-06-27T16:45:43.428Z,34.8,-77,3,-202,0.0
2026-06-27T16:45:43.540Z,34.8,-77,2,-104,0.0
2026-06-27T16:45:43.542Z,34.7,-78,5,-110,0.0
2026-06-27T16:45:43.544Z,34.7,-78,2,-116,0.0
2026-06-27T16:45:43.546Z,34.7,-78,2,-125,0.0
2026-06-27T16:45:43.547Z,34.7,-78,2,-133,0.0
2026-06-27T16:45:43.548Z,34.7,-78,2,-142,0.0
2026-06-27T16:45:43.549Z,34.7,-78,2,-153,0.0
2026-06-27T16:45:43.551Z,33.5,-78,3,-160,0.0
2026-06-27T16:45:43.552Z,34.7,-78,2,-169,0.0
2026-06-27T16:45:43.553Z,34.7,-78,3,-178,0.0
2026-06-27T16:45:43.554Z,34.7,-78,3,-187,0.0
2026-06-27T16:45:43.555Z,34.7,-78,3,-196,0.0
2026-06-27T16:45:43.556Z,34.7,-78,3,-205,0.0
2026-06-27T16:45:43.619Z,34.7,-78,5,-154,0.0
2026-06-27T16:45:43.620Z,34.7,-78,2,-161,0.0
2026-06-27T16:45:43.621Z,34.7,-78,2,-170,0.0
2026-06-27T16:45:43.623Z,34.7,-78,2,-178,0.0
2026-06-27T16:45:43.625Z,34.7,-78,2,-186,0.0
2026-06-27T16:45:43.627Z,36.0,-78,2,-195,0.0
2026-06-27T16:45:43.628Z,33.5,-78,2,-204,0.0
2026-06-27T16:45:43.629Z,34.7,-78,2,-213,0.0
2026-06-27T16:45:43.669Z,34.7,-77,3,-186,0.0
2026-06-27T16:45:43.672Z,34.7,-77,3,-193,0.0
2026-06-27T16:45:43.673Z,34.7,-77,2,-201,0.0
2026-06-27T16:45:43.674Z,34.7,-77,2,-210,0.0
2026-06-27T16:45:43.675Z,34.7,-77,2,-219,0.0
2026-06-27T16:45:43.802Z,34.8,-77,2,-102,0.0
2026-06-27T16:45:43.805Z,36.0,-77,3,-110,0.0
2026-06-27T16:45:43.806Z,34.7,-77,2,-118,0.0
2026-06-27T16:45:43.807Z,34.7,-77,2,-127,0.0
2026-06-27T16:45:43.808Z,34.7,-77,2,-136,0.0
2026-06-27T16:45:43.809Z,34.7,-80,2,-146,0.0
2026-06-27T16:45:43.811Z,34.7,-80,3,-154,0.0
2026-06-27T16:45:43.812Z,36.0,-80,2,-163,0.0
2026-06-27T16:45:43.814Z,34.7,-80,3,-171,0.0
2026-06-27T16:45:43.815Z,34.8,-80,3,-180,0.0
2026-06-27T16:45:43.817Z,34.7,-80,3,-189,0.0
2026-06-27T16:45:43.818Z,34.7,-80,3,-197,0.0
2026-06-27T16:45:43.819Z,34.7,-80,3,-206,0.0
2026-06-27T16:45:43.861Z,34.7,-80,5,-176,0.0
2026-06-27T16:45:43.863Z,34.7,-80,3,-184,0.0
2026-06-27T16:45:43.864Z,34.7,-77,2,-191,0.0
2026-06-27T16:45:43.866Z,34.7,-77,2,-199,0.0
2026-06-27T16:45:43.867Z,34.7,-77,2,-208,0.0
2026-06-27T16:45:43.868Z,34.7,-77,2,-217,0.0
2026-06-27T16:45:43.996Z,34.7,-77,2,-103,0.0
2026-06-27T16:45:43.999Z,34.7,-77,2,-107,0.0
2026-06-27T16:45:44.001Z,34.7,-77,2,-116,0.0
2026-06-27T16:45:44.002Z,36.0,-77,2,-124,0.0
2026-06-27T16:45:44.003Z,36.0,-77,2,-133,0.0
2026-06-27T16:45:44.004Z,35.5,-77,2,-142,0.0
2026-06-27T16:45:44.006Z,34.7,-77,4,-152,0.0
2026-06-27T16:45:44.007Z,34.7,-79,2,-160,0.0
2026-06-27T16:45:44.008Z,34.7,-79,3,-169,0.0
2026-06-27T16:45:44.009Z,34.7,-79,3,-178,0.0
2026-06-27T16:45:44.010Z,34.7,-79,3,-187,0.0
2026-06-27T16:45:44.012Z,34.7,-79,3,-196,0.0
2026-06-27T16:45:44.117Z,34.7,-79,3,-100,0.0
2026-06-27T16:45:44.120Z,34.7,-79,8,-112,0.0
2026-06-27T16:45:44.121Z,34.8,-79,3,-119,0.0
2026-06-27T16:45:44.123Z,34.8,-79,2,-128,0.0
2026-06-27T16:45:44.124Z,35.5,-78,2,-136,0.0
2026-06-27T16:45:44.125Z,34.7,-78,2,-145,0.0
2026-06-27T16:45:44.126Z,36.0,-78,2,-154,0.0
2026-06-27T16:45:44.127Z,34.7,-78,2,-164,0.0
2026-06-27T16:45:44.128Z,34.7,-78,2,-173,0.0
2026-06-27T16:45:44.129Z,34.7,-78,3,-182,0.0
2026-06-27T16:45:44.130Z,34.7,-78,3,-191,0.0
2026-06-27T16:45:44.132Z,34.7,-78,3,-199,0.0
2026-06-27T16:45:44.133Z,34.8,-78,3,-208,0.0
2026-06-27T16:45:44.170Z,36.0,-78,5,-183,0.0
2026-06-27T16:45:44.172Z,36.0,-77,14,-202,0.0
2026-06-27T16:45:44.173Z,34.7,-77,2,-210,0.0
2026-06-27T16:45:44.174Z,34.7,-77,2,-219,0.0
2026-06-27T16:45:44.300Z,34.8,-77,2,-103,0.0
2026-06-27T16:45:44.303Z,34.7,-77,3,-111,0.0
2026-06-27T16:45:44.304Z,34.7,-77,2,-119,0.0
2026-06-27T16:45:44.306Z,34.7,-77,2,-127,0.0
2026-06-27T16:45:44.307Z,34.7,-77,2,-136,0.0
2026-06-27T16:45:44.308Z,34.7,-77,2,-145,0.0
2026-06-27T16:45:44.309Z,34.7,-77,5,-155,0.0
2026-06-27T16:45:44.311Z,34.7,-76,2,-163,0.0
2026-06-27T16:45:44.312Z,33.5,-76,2,-172,0.0
2026-06-27T16:45:44.313Z,34.7,-76,2,-181,0.0
2026-06-27T16:45:44.314Z,36.0,-76,3,-190,0.0
2026-06-27T16:45:44.315Z,34.7,-76,3,-199,0.0
2026-06-27T16:45:44.317Z,34.8,-76,3,-208,0.0
2026-06-27T16:45:44.422Z,34.8,-76,5,-113,0.0
2026-06-27T16:45:44.425Z,36.0,-76,4,-120,0.0
2026-06-27T16:45:44.426Z,36.0,-76,3,-127,0.0
2026-06-27T16:45:44.429Z,34.8,-76,2,-134,0.0
2026-06-27T16:45:44.430Z,36.0,-78,2,-143,0.0
2026-06-27T16:45:44.432Z,34.7,-78,2,-152,0.0
2026-06-27T16:45:44.433Z,34.7,-78,3,-161,0.0
2026-06-27T16:45:44.434Z,34.7,-78,2,-170,0.0
2026-06-27T16:45:44.435Z,34.7,-78,3,-179,0.0
2026-06-27T16:45:44.436Z,36.0,-78,3,-188,0.0
2026-06-27T16:45:44.437Z,36.0,-78,2,-197,0.0
2026-06-27T16:45:44.439Z,36.0,-78,3,-205,0.0
2026-06-27T16:45:44.555Z,36.0,-78,3,-101,0.0
2026-06-27T16:45:44.558Z,34.7,-78,3,-108,0.0
2026-06-27T16:45:44.560Z,34.7,-78,2,-115,0.0
2026-06-27T16:45:44.561Z,34.7,-78,2,-124,0.0
2026-06-27T16:45:44.563Z,34.8,-78,2,-133,0.0
2026-06-27T16:45:44.564Z,36.0,-78,2,-141,0.0
2026-06-27T16:45:44.565Z,34.7,-78,2,-151,0.0
2026-06-27T16:45:44.566Z,34.7,-78,2,-160,0.0
2026-06-27T16:45:44.568Z,34.7,-78,3,-169,0.0
2026-06-27T16:45:44.569Z,34.7,-78,3,-177,0.0
2026-06-27T16:45:44.570Z,36.4,-78,3,-186,0.0
2026-06-27T16:45:44.571Z,34.7,-78,2,-195,0.0
2026-06-27T16:45:44.572Z,34.7,-78,3,-204,0.0
2026-06-27T16:45:44.653Z,34.7,-78,9,-142,0.0
2026-06-27T16:45:44.659Z,34.7,-78,2,-142,0.0
2026-06-27T16:45:44.662Z,34.7,-78,2,-149,0.0
2026-06-27T16:45:44.665Z,34.7,-78,2,-157,0.0
2026-06-27T16:45:44.666Z,34.7,-78,2,-164,0.0
2026-06-27T16:45:44.668Z,34.7,-78,2,-174,0.0
2026-06-27T16:45:44.670Z,34.7,-78,3,-181,0.0
2026-06-27T16:45:44.671Z,34.7,-78,3,-189,0.0
2026-06-27T16:45:44.672Z,34.7,-78,2,-198,0.0
2026-06-27T16:45:44.697Z,34.7,-76,7,-186,0.0
2026-06-27T16:45:44.700Z,34.8,-76,2,-193,0.0
2026-06-27T16:45:44.701Z,34.7,-76,2,-201,0.0
2026-06-27T16:45:44.702Z,34.7,-76,2,-210,0.0
2026-06-27T16:45:44.703Z,34.7,-76,2,-219,0.0
2026-06-27T16:45:44.820Z,34.7,-76,6,-115,0.0
2026-06-27T16:45:44.822Z,34.7,-76,2,-121,0.0
2026-06-27T16:45:44.824Z,34.7,-76,2,-129,0.0
2026-06-27T16:45:44.828Z,34.7,-76,2,-136,0.0
2026-06-27T16:45:44.829Z,34.7,-76,2,-144,0.0
2026-06-27T16:45:44.831Z,34.7,-75,2,-152,0.0
2026-06-27T16:45:44.832Z,34.7,-75,2,-162,0.0
2026-06-27T16:45:44.833Z,34.7,-75,2,-171,0.0
2026-06-27T16:45:44.834Z,34.7,-75,3,-180,0.0
2026-06-27T16:45:44.835Z,34.7,-75,3,-189,0.0
2026-06-27T16:45:44.836Z,34.8,-75,3,-198,0.0
2026-06-27T16:45:44.837Z,34.8,-75,3,-207,0.0
2026-06-27T16:45:44.950Z,34.7,-75,3,-106,0.0
2026-06-27T16:45:44.954Z,34.7,-75,2,-111,0.0
2026-06-27T16:45:44.955Z,34.7,-75,2,-119,0.0
2026-06-27T16:45:44.956Z,34.7,-78,2,-128,0.0
2026-06-27T16:45:44.958Z,34.8,-78,2,-136,0.0
2026-06-27T16:45:44.959Z,34.8,-78,2,-145,0.0
2026-06-27T16:45:44.960Z,34.8,-78,2,-155,0.0
2026-06-27T16:45:44.961Z,34.7,-78,2,-164,0.0
2026-06-27T16:45:44.962Z,34.7,-78,3,-173,0.0
2026-06-27T16:45:44.963Z,33.5,-78,3,-182,0.0
2026-06-27T16:45:44.965Z,33.5,-78,2,-190,0.0
2026-06-27T16:45:44.966Z,34.7,-78,2,-199,0.0
2026-06-27T16:45:45.049Z,34.7,-78,3,-126,0.0
2026-06-27T16:45:45.052Z,34.7,-78,9,-138,0.0
2026-06-27T16:45:45.053Z,34.7,-78,2,-145,0.0
2026-06-27T16:45:45.055Z,34.7,-78,2,-154,0.0
2026-06-27T16:45:45.056Z,34.7,-78,2,-162,0.0
2026-06-27T16:45:45.059Z,34.7,-78,2,-170,0.0
2026-06-27T16:45:45.060Z,34.7,-78,2,-178,0.0
2026-06-27T16:45:45.061Z,34.7,-78,2,-188,0.0
2026-06-27T16:45:45.062Z,34.8,-78,2,-197,0.0
2026-06-27T16:45:45.064Z,34.8,-78,3,-205,0.0
2026-06-27T16:45:45.117Z,36.0,-78,2,-162,0.0
2026-06-27T16:45:45.119Z,34.8,-83,5,-171,0.0
2026-06-27T16:45:45.121Z,34.8,-83,3,-179,0.0
2026-06-27T16:45:45.122Z,34.7,-83,2,-187,0.0
2026-06-27T16:45:45.125Z,34.7,-83,2,-195,0.0
2026-06-27T16:45:45.127Z,34.8,-83,2,-203,0.0
2026-06-27T16:45:45.232Z,34.7,-83,2,-107,0.0
2026-06-27T16:45:45.235Z,33.5,-83,3,-115,0.0
2026-06-27T16:45:45.237Z,34.7,-83,2,-123,0.0
2026-06-27T16:45:45.238Z,34.7,-83,2,-131,0.0
2026-06-27T16:45:45.239Z,34.7,-83,2,-140,0.0
2026-06-27T16:45:45.240Z,34.7,-80,2,-149,0.0
2026-06-27T16:45:45.241Z,34.7,-80,2,-159,0.0
2026-06-27T16:45:45.243Z,33.5,-80,2,-167,0.0
2026-06-27T16:45:45.244Z,33.5,-80,2,-176,0.0
2026-06-27T16:45:45.245Z,34.8,-80,2,-185,0.0
2026-06-27T16:45:45.246Z,34.7,-80,3,-194,0.0
2026-06-27T16:45:45.247Z,34.8,-80,3,-203,0.0
2026-06-27T16:45:45.248Z,33.5,-80,3,-212,0.0
2026-06-27T16:45:45.291Z,34.8,-80,6,-180,0.0
2026-06-27T16:45:45.292Z,34.7,-80,2,-188,0.0
2026-06-27T16:45:45.293Z,34.8,-79,2,-197,0.0
2026-06-27T16:45:45.296Z,34.8,-79,2,-205,0.0
2026-06-27T16:45:45.297Z,34.8,-79,2,-213,0.0
2026-06-27T16:45:45.414Z,34.8,-79,2,-107,0.0
2026-06-27T16:45:45.416Z,34.8,-79,3,-114,0.0
2026-06-27T16:45:45.418Z,34.7,-79,2,-122,0.0
2026-06-27T16:45:45.419Z,34.7,-79,2,-131,0.0
2026-06-27T16:45:45.420Z,34.7,-79,2,-140,0.0
2026-06-27T16:45:45.422Z,34.7,-79,2,-148,0.0
2026-06-27T16:45:45.423Z,34.7,-79,2,-158,0.0
2026-06-27T16:45:45.424Z,34.8,-79,2,-167,0.0
2026-06-27T16:45:45.425Z,34.8,-79,3,-176,0.0
2026-06-27T16:45:45.426Z,34.8,-79,3,-185,0.0
2026-06-27T16:45:45.428Z,33.5,-79,3,-193,0.0
2026-06-27T16:45:45.429Z,34.7,-79,3,-202,0.0
2026-06-27T16:45:45.430Z,33.5,-79,3,-211,0.0
2026-06-27T16:45:45.536Z,34.6,-79,5,-116,0.0
2026-06-27T16:45:45.538Z,34.8,-79,3,-123,0.0
2026-06-27T16:45:45.540Z,34.8,-79,2,-131,0.0
2026-06-27T16:45:45.541Z,34.8,-79,2,-140,0.0
2026-06-27T16:45:45.542Z,34.7,-79,4,-149,0.0
2026-06-27T16:45:45.544Z,34.8,-76,2,-157,0.0
2026-06-27T16:45:45.545Z,33.5,-76,2,-167,0.0
2026-06-27T16:45:45.546Z,34.7,-76,2,-176,0.0
2026-06-27T16:45:45.547Z,33.5,-76,3,-185,0.0
2026-06-27T16:45:45.549Z,34.7,-76,3,-193,0.0
2026-06-27T16:45:45.550Z,34.7,-76,3,-202,0.0
2026-06-27T16:45:45.552Z,34.7,-76,3,-211,0.0
2026-06-27T16:45:45.666Z,34.8,-76,3,-108,0.0
2026-06-27T16:45:45.667Z,34.8,-76,2,-115,0.0
2026-06-27T16:45:45.669Z,34.8,-76,2,-123,0.0
2026-06-27T16:45:45.671Z,34.8,-76,2,-132,0.0
2026-06-27T16:45:45.672Z,34.8,-76,2,-140,0.0
2026-06-27T16:45:45.673Z,34.8,-76,2,-149,0.0
2026-06-27T16:45:45.674Z,33.5,-76,2,-159,0.0
2026-06-27T16:45:45.675Z,34.8,-76,2,-168,0.0
2026-06-27T16:45:45.677Z,34.8,-76,3,-176,0.0
2026-06-27T16:45:45.679Z,33.5,-76,3,-184,0.0
2026-06-27T16:45:45.680Z,34.7,-76,2,-193,0.0
2026-06-27T16:45:45.681Z,34.8,-76,3,-202,0.0
2026-06-27T16:45:45.683Z,34.8,-76,3,-209,0.0
2026-06-27T16:45:45.793Z,34.7,-77,6,-112,0.0
2026-06-27T16:45:45.795Z,34.7,-77,2,-120,0.0
2026-06-27T16:45:45.796Z,34.7,-77,2,-128,0.0
2026-06-27T16:45:45.797Z,34.8,-77,2,-137,0.0
2026-06-27T16:45:45.799Z,34.8,-77,2,-145,0.0
2026-06-27T16:45:45.800Z,34.8,-77,2,-156,0.0
2026-06-27T16:45:45.801Z,33.5,-77,3,-164,0.0
2026-06-27T16:45:45.802Z,34.7,-77,2,-173,0.0
2026-06-27T16:45:45.803Z,34.7,-77,3,-182,0.0
2026-06-27T16:45:45.806Z,34.7,-77,3,-189,0.0
2026-06-27T16:45:45.807Z,34.7,-77,3,-198,0.0
2026-06-27T16:45:45.808Z,34.7,-77,3,-207,0.0
2026-06-27T16:45:45.879Z,34.8,-77,3,-147,0.0
2026-06-27T16:45:45.882Z,34.7,-77,2,-154,0.0
2026-06-27T16:45:45.883Z,34.7,-77,2,-162,0.0
2026-06-27T16:45:45.885Z,34.7,-77,2,-170,0.0
2026-06-27T16:45:45.886Z,34.7,-77,2,-179,0.0
2026-06-27T16:45:45.887Z,34.7,-77,2,-188,0.0
2026-06-27T16:45:45.888Z,34.7,-77,2,-198,0.0
2026-06-27T16:45:45.889Z,36.0,-77,2,-207,0.0
2026-06-27T16:45:46.003Z,34.8,-75,7,-105,0.0
2026-06-27T16:45:46.005Z,34.8,-75,2,-113,0.0
2026-06-27T16:45:46.007Z,34.8,-75,2,-120,0.0
2026-06-27T16:45:46.008Z,34.7,-75,2,-129,0.0
2026-06-27T16:45:46.009Z,34.7,-75,2,-138,0.0
2026-06-27T16:45:46.011Z,34.7,-75,2,-146,0.0
2026-06-27T16:45:46.012Z,34.7,-75,2,-156,0.0
2026-06-27T16:45:46.013Z,34.7,-75,2,-165,0.0
2026-06-27T16:45:46.014Z,33.5,-75,3,-174,0.0
2026-06-27T16:45:46.015Z,34.7,-75,2,-183,0.0
2026-06-27T16:45:46.017Z,33.5,-75,3,-191,0.0
2026-06-27T16:45:46.018Z,33.5,-75,2,-200,0.0
2026-06-27T16:45:46.080Z,34.8,-75,2,-148,0.0
2026-06-27T16:45:46.084Z,34.7,-75,2,-153,0.0
2026-06-27T16:45:46.086Z,34.7,-75,2,-162,0.0
2026-06-27T16:45:46.087Z,34.7,-75,2,-170,0.0
2026-06-27T16:45:46.089Z,34.7,-75,2,-179,0.0
2026-06-27T16:45:46.090Z,34.7,-75,2,-187,0.0
2026-06-27T16:45:46.092Z,33.5,-75,2,-196,0.0
2026-06-27T16:45:46.093Z,33.5,-75,2,-204,0.0
2026-06-27T16:45:46.202Z,36.9,-75,5,-106,0.0
2026-06-27T16:45:46.205Z,34.7,-79,3,-113,0.0
2026-06-27T16:45:46.207Z,34.7,-79,2,-120,0.0
2026-06-27T16:45:46.208Z,34.7,-79,2,-129,0.0
2026-06-27T16:45:46.209Z,34.7,-79,2,-138,0.0
2026-06-27T16:45:46.211Z,34.7,-79,2,-146,0.0
2026-06-27T16:45:46.212Z,33.5,-79,2,-156,0.0
2026-06-27T16:45:46.213Z,33.5,-79,2,-165,0.0
2026-06-27T16:45:46.214Z,33.5,-79,2,-174,0.0
2026-06-27T16:45:46.215Z,34.7,-79,2,-183,0.0
2026-06-27T16:45:46.217Z,33.5,-79,3,-192,0.0
2026-06-27T16:45:46.218Z,34.7,-79,2,-200,0.0
2026-06-27T16:45:46.219Z,34.7,-79,3,-209,0.0
2026-06-27T16:45:46.283Z,33.5,-79,5,-156,0.0
2026-06-27T16:45:46.285Z,34.7,-79,2,-164,0.0
2026-06-27T16:45:46.288Z,33.5,-79,2,-171,0.0
2026-06-27T16:45:46.289Z,34.7,-79,2,-179,0.0
2026-06-27T16:45:46.290Z,34.7,-79,2,-188,0.0
2026-06-27T16:45:46.291Z,33.5,-79,2,-197,0.0
2026-06-27T16:45:46.293Z,33.5,-79,2,-205,0.0
2026-06-27T16:45:46.402Z,33.5,-79,2,-106,0.0
2026-06-27T16:45:46.405Z,34.7,-78,5,-114,0.0
2026-06-27T16:45:46.407Z,34.8,-78,2,-122,0.0
2026-06-27T16:45:46.408Z,34.7,-78,2,-130,0.0
2026-06-27T16:45:46.409Z,34.8,-78,2,-139,0.0
2026-06-27T16:45:46.411Z,34.7,-78,2,-148,0.0
2026-06-27T16:45:46.412Z,36.0,-78,2,-156,0.0
2026-06-27T16:45:46.413Z,35.5,-78,2,-166,0.0
2026-06-27T16:45:46.414Z,34.7,-78,2,-175,0.0
2026-06-27T16:45:46.415Z,34.7,-78,3,-184,0.0
2026-06-27T16:45:46.417Z,36.0,-78,3,-192,0.0
2026-06-27T16:45:46.418Z,34.7,-78,3,-201,0.0
2026-06-27T16:45:46.419Z,34.7,-78,3,-210,0.0
2026-06-27T16:45:46.493Z,34.7,-78,6,-151,0.0
2026-06-27T16:45:46.499Z,34.7,-78,2,-152,0.0
2026-06-27T16:45:46.501Z,34.8,-78,2,-159,0.0
2026-06-27T16:45:46.503Z,34.8,-78,2,-166,0.0
2026-06-27T16:45:46.506Z,35.5,-78,2,-173,0.0
2026-06-27T16:45:46.507Z,36.0,-78,2,-182,0.0
2026-06-27T16:45:46.508Z,33.5,-78,2,-192,0.0
2026-06-27T16:45:46.509Z,36.0,-78,2,-201,0.0
2026-06-27T16:45:46.539Z,34.8,-77,7,-183,0.0
2026-06-27T16:45:46.541Z,34.7,-77,2,-191,0.0
2026-06-27T16:45:46.542Z,34.7,-77,2,-199,0.0
2026-06-27T16:45:46.544Z,34.7,-77,2,-207,0.0
2026-06-27T16:45:46.546Z,36.0,-77,2,-216,0.0
2026-06-27T16:45:46.665Z,34.7,-77,2,-107,0.0
2026-06-27T16:45:46.668Z,34.8,-77,3,-114,0.0
2026-06-27T16:45:46.670Z,36.0,-77,2,-122,0.0
2026-06-27T16:45:46.671Z,34.8,-77,2,-130,0.0
2026-06-27T16:45:46.672Z,34.8,-77,2,-139,0.0
2026-06-27T16:45:46.674Z,34.8,-78,2,-147,0.0
2026-06-27T16:45:46.675Z,34.8,-78,4,-157,0.0
2026-06-27T16:45:46.676Z,34.7,-78,2,-166,0.0
2026-06-27T16:45:46.677Z,33.5,-78,3,-175,0.0
2026-06-27T16:45:46.678Z,34.7,-78,3,-184,0.0
2026-06-27T16:45:46.680Z,34.8,-78,3,-192,0.0
2026-06-27T16:45:46.681Z,34.7,-78,3,-201,0.0
2026-06-27T16:45:46.682Z,33.5,-78,3,-210,0.0
2026-06-27T16:45:46.787Z,34.7,-78,6,-116,0.0
2026-06-27T16:45:46.789Z,34.7,-78,2,-124,0.0
2026-06-27T16:45:46.792Z,34.8,-77,2,-131,0.0
2026-06-27T16:45:46.793Z,34.7,-77,2,-139,0.0
2026-06-27T16:45:46.795Z,36.0,-77,2,-148,0.0
2026-06-27T16:45:46.796Z,34.7,-77,2,-156,0.0
2026-06-27T16:45:46.797Z,34.7,-77,2,-166,0.0
2026-06-27T16:45:46.798Z,34.7,-77,2,-175,0.0
2026-06-27T16:45:46.799Z,34.7,-77,2,-184,0.0
2026-06-27T16:45:46.801Z,34.7,-77,3,-192,0.0
2026-06-27T16:45:46.802Z,34.7,-77,2,-201,0.0
2026-06-27T16:45:46.803Z,34.7,-77,3,-210,0.0
2026-06-27T16:45:46.901Z,34.7,-77,2,-123,0.0
2026-06-27T16:45:46.902Z,34.7,-77,3,-131,0.0
2026-06-27T16:45:46.904Z,34.7,-77,2,-139,0.0
2026-06-27T16:45:46.905Z,34.7,-77,2,-148,0.0
2026-06-27T16:45:46.908Z,34.7,-77,2,-155,0.0
2026-06-27T16:45:46.909Z,34.7,-77,2,-164,0.0
2026-06-27T16:45:46.910Z,34.7,-77,2,-173,0.0
2026-06-27T16:45:46.912Z,33.5,-77,2,-182,0.0
2026-06-27T16:45:46.913Z,34.7,-77,2,-191,0.0
2026-06-27T16:45:46.914Z,34.8,-77,3,-199,0.0
2026-06-27T16:45:46.916Z,34.7,-77,2,-207,0.0
2026-06-27T16:45:47.028Z,34.7,-77,2,-106,0.0
2026-06-27T16:45:47.031Z,34.8,-77,3,-113,0.0
2026-06-27T16:45:47.032Z,34.7,-77,2,-121,0.0
2026-06-27T16:45:47.033Z,34.8,-77,2,-130,0.0
2026-06-27T16:45:47.036Z,34.8,-77,2,-138,0.0
2026-06-27T16:45:47.037Z,34.8,-77,2,-146,0.0
2026-06-27T16:45:47.038Z,34.8,-77,3,-156,0.0
2026-06-27T16:45:47.040Z,34.8,-77,2,-164,0.0
2026-06-27T16:45:47.041Z,34.7,-77,3,-173,0.0
2026-06-27T16:45:47.042Z,33.5,-77,3,-182,0.0
2026-06-27T16:45:47.043Z,34.8,-77,2,-191,0.0
2026-06-27T16:45:47.044Z,34.7,-77,3,-200,0.0
2026-06-27T16:45:47.045Z,34.7,-77,3,-209,0.0
2026-06-27T16:45:47.097Z,33.5,-77,5,-170,0.0
2026-06-27T16:45:47.098Z,34.8,-77,3,-177,0.0
2026-06-27T16:45:47.100Z,34.8,-77,2,-185,0.0
2026-06-27T16:45:47.101Z,34.8,-77,2,-194,0.0
2026-06-27T16:45:47.104Z,34.8,-77,2,-202,0.0
2026-06-27T16:45:47.105Z,34.8,-77,2,-210,0.0
2026-06-27T16:45:47.221Z,34.7,-77,2,-104,0.0
2026-06-27T16:45:47.224Z,34.8,-77,6,-114,0.0
2026-06-27T16:45:47.227Z,34.7,-77,2,-119,0.0
2026-06-27T16:45:47.229Z,34.8,-77,2,-128,0.0
2026-06-27T16:45:47.230Z,34.8,-77,2,-136,0.0
2026-06-27T16:45:47.232Z,34.8,-77,2,-145,0.0
2026-06-27T16:45:47.233Z,34.8,-77,2,-153,0.0
2026-06-27T16:45:47.235Z,34.8,-77,2,-163,0.0
2026-06-27T16:45:47.236Z,34.7,-77,2,-171,0.0
2026-06-27T16:45:47.237Z,33.5,-77,3,-180,0.0
2026-06-27T16:45:47.238Z,34.7,-77,2,-189,0.0
2026-06-27T16:45:47.239Z,34.8,-77,3,-198,0.0
2026-06-27T16:45:47.240Z,34.8,-77,3,-207,0.0
2026-06-27T16:45:47.272Z,34.8,-77,5,-185,0.0
2026-06-27T16:45:47.273Z,34.8,-77,3,-194,0.0
2026-06-27T16:45:47.274Z,34.7,-77,2,-203,0.0
2026-06-27T16:45:47.277Z,34.7,-77,2,-211,0.0
2026-06-27T16:45:47.278Z,34.7,-77,2,-219,0.0
2026-06-27T16:45:47.400Z,34.7,-77,2,-107,0.0
2026-06-27T16:45:47.402Z,34.8,-77,3,-115,0.0
2026-06-27T16:45:47.404Z,34.7,-77,2,-124,0.0
2026-06-27T16:45:47.405Z,34.7,-77,2,-132,0.0
2026-06-27T16:45:47.406Z,34.8,-77,2,-141,0.0
2026-06-27T16:45:47.408Z,36.0,-77,2,-149,0.0
2026-06-27T16:45:47.409Z,34.8,-77,2,-159,0.0
2026-06-27T16:45:47.410Z,34.7,-77,2,-168,0.0
2026-06-27T16:45:47.411Z,34.7,-77,3,-177,0.0
2026-06-27T16:45:47.412Z,34.8,-77,3,-186,0.0
2026-06-27T16:45:47.413Z,34.7,-77,3,-195,0.0
2026-06-27T16:45:47.415Z,33.5,-77,3,-203,0.0
2026-06-27T16:45:47.416Z,33.5,-77,2,-212,0.0
2026-06-27T16:45:47.459Z,34.8,-77,5,-181,0.0
2026-06-27T16:45:47.461Z,34.7,-77,2,-187,0.0
2026-06-27T16:45:47.463Z,34.7,-77,2,-195,0.0
2026-06-27T16:45:47.464Z,34.7,-77,2,-204,0.0
2026-06-27T16:45:47.466Z,34.7,-77,2,-212,0.0
2026-06-27T16:45:47.589Z,33.5,-77,2,-102,0.0
2026-06-27T16:45:47.592Z,34.7,-77,5,-107,0.0
2026-06-27T16:45:47.593Z,34.7,-77,2,-115,0.0
2026-06-27T16:45:47.594Z,34.7,-77,2,-124,0.0
2026-06-27T16:45:47.595Z,34.7,-77,2,-133,0.0
2026-06-27T16:45:47.596Z,34.7,-77,2,-142,0.0
2026-06-27T16:45:47.598Z,34.7,-78,2,-150,0.0
2026-06-27T16:45:47.599Z,33.5,-78,2,-160,0.0
2026-06-27T16:45:47.600Z,34.7,-78,2,-169,0.0
2026-06-27T16:45:47.602Z,34.7,-78,3,-177,0.0
2026-06-27T16:45:47.603Z,34.7,-78,3,-186,0.0
2026-06-27T16:45:47.604Z,34.7,-78,3,-195,0.0
2026-06-27T16:45:47.605Z,34.7,-78,3,-204,0.0
2026-06-27T16:45:47.709Z,33.5,-78,5,-112,0.0
2026-06-27T16:45:47.711Z,34.7,-78,3,-118,0.0
2026-06-27T16:45:47.713Z,34.7,-78,2,-126,0.0
2026-06-27T16:45:47.714Z,34.7,-76,2,-135,0.0
2026-06-27T16:45:47.716Z,33.5,-76,2,-144,0.0
2026-06-27T16:45:47.717Z,34.8,-76,2,-153,0.0
2026-06-27T16:45:47.718Z,34.7,-76,3,-162,0.0
2026-06-27T16:45:47.719Z,34.7,-76,2,-171,0.0
2026-06-27T16:45:47.721Z,34.8,-76,3,-179,0.0
2026-06-27T16:45:47.722Z,33.5,-76,3,-188,0.0
2026-06-27T16:45:47.723Z,33.5,-76,3,-197,0.0
2026-06-27T16:45:47.724Z,34.7,-76,2,-206,0.0
2026-06-27T16:45:47.839Z,34.7,-76,3,-104,0.0
2026-06-27T16:45:47.845Z,34.7,-75,2,-106,0.0
2026-06-27T16:45:47.848Z,33.5,-75,2,-114,0.0
2026-06-27T16:45:47.850Z,34.8,-75,2,-121,0.0
2026-06-27T16:45:47.852Z,33.5,-75,2,-129,0.0
2026-06-27T16:45:47.853Z,33.5,-75,2,-137,0.0
2026-06-27T16:45:47.854Z,33.5,-75,3,-147,0.0
2026-06-27T16:45:47.855Z,34.7,-75,2,-156,0.0
2026-06-27T16:45:47.857Z,34.8,-75,3,-164,0.0
2026-06-27T16:45:47.858Z,34.8,-75,3,-173,0.0
2026-06-27T16:45:47.859Z,34.7,-75,3,-182,0.0
2026-06-27T16:45:47.860Z,34.7,-75,3,-191,0.0
2026-06-27T16:45:47.861Z,34.8,-75,3,-200,0.0
2026-06-27T16:45:47.958Z,34.7,-75,12,-120,0.0
2026-06-27T16:45:47.960Z,34.8,-75,2,-127,0.0
2026-06-27T16:45:47.961Z,34.7,-75,2,-136,0.0
2026-06-27T16:45:47.962Z,34.8,-75,2,-145,0.0
2026-06-27T16:45:47.965Z,34.7,-75,2,-153,0.0
2026-06-27T16:45:47.966Z,34.7,-75,2,-163,0.0
2026-06-27T16:45:47.967Z,34.7,-75,3,-170,0.0
2026-06-27T16:45:47.968Z,34.8,-75,2,-179,0.0
2026-06-27T16:45:47.969Z,34.7,-73,2,-188,0.0
2026-06-27T16:45:47.970Z,34.8,-73,2,-196,0.0
2026-06-27T16:45:48.065Z,34.7,-73,6,-114,0.0
2026-06-27T16:45:48.068Z,34.8,-73,2,-120,0.0
2026-06-27T16:45:48.070Z,34.7,-73,2,-129,0.0
2026-06-27T16:45:48.071Z,34.7,-73,2,-137,0.0
2026-06-27T16:45:48.073Z,34.7,-73,2,-146,0.0
2026-06-27T16:45:48.074Z,34.7,-73,2,-154,0.0
2026-06-27T16:45:48.075Z,34.8,-73,2,-164,0.0
2026-06-27T16:45:48.076Z,34.7,-73,2,-173,0.0
2026-06-27T16:45:48.077Z,34.7,-67,2,-182,0.0
2026-06-27T16:45:48.080Z,34.7,-67,3,-190,0.0
2026-06-27T16:45:48.081Z,34.7,-67,3,-198,0.0
2026-06-27T16:45:48.082Z,34.7,-67,3,-207,0.0
2026-06-27T16:45:48.196Z,36.0,-67,3,-108,0.0
2026-06-27T16:45:48.207Z,34.7,-67,2,-107,0.0
2026-06-27T16:45:48.211Z,34.8,-67,2,-112,0.0
2026-06-27T16:45:48.213Z,34.7,-67,2,-118,0.0
2026-06-27T16:45:48.216Z,33.5,-67,2,-126,0.0
2026-06-27T16:45:48.218Z,34.7,-67,2,-133,0.0
2026-06-27T16:45:48.220Z,33.5,-66,3,-142,0.0
2026-06-27T16:45:48.222Z,34.7,-66,2,-150,0.0
2026-06-27T16:45:48.223Z,33.5,-66,3,-158,0.0
2026-06-27T16:45:48.225Z,33.5,-66,3,-166,0.0
2026-06-27T16:45:48.226Z,33.5,-66,2,-175,0.0
2026-06-27T16:45:48.227Z,34.7,-66,3,-184,0.0
2026-06-27T16:45:48.249Z,33.5,-66,3,-172,0.0
2026-06-27T16:45:48.251Z,33.5,-66,8,-183,0.0
2026-06-27T16:45:48.252Z,34.7,-66,2,-191,0.0
2026-06-27T16:45:48.253Z,34.7,-66,2,-200,0.0
2026-06-27T16:45:48.255Z,34.7,-69,2,-208,0.0
2026-06-27T16:45:48.256Z,34.7,-69,2,-217,0.0
2026-06-27T16:45:48.330Z,34.8,-69,2,-153,0.0
2026-06-27T16:45:48.333Z,34.7,-69,3,-161,0.0
2026-06-27T16:45:48.335Z,34.7,-69,2,-169,0.0
2026-06-27T16:45:48.337Z,33.5,-69,2,-176,0.0
2026-06-27T16:45:48.339Z,33.5,-69,2,-184,0.0
2026-06-27T16:45:48.340Z,34.7,-69,2,-194,0.0
2026-06-27T16:45:48.341Z,33.5,-69,3,-203,0.0
2026-06-27T16:45:48.342Z,35.5,-69,2,-211,0.0
2026-06-27T16:45:48.450Z,34.7,-64,7,-116,0.0
2026-06-27T16:45:48.452Z,35.5,-64,2,-123,0.0
2026-06-27T16:45:48.454Z,33.5,-64,2,-132,0.0
2026-06-27T16:45:48.455Z,35.5,-64,2,-140,0.0
2026-06-27T16:45:48.458Z,35.5,-64,2,-147,0.0
2026-06-27T16:45:48.459Z,34.8,-64,2,-156,0.0
2026-06-27T16:45:48.461Z,33.5,-64,2,-166,0.0
2026-06-27T16:45:48.462Z,35.5,-64,2,-174,0.0
2026-06-27T16:45:48.463Z,33.5,-64,3,-183,0.0
2026-06-27T16:45:48.464Z,34.7,-64,2,-192,0.0
2026-06-27T16:45:48.465Z,34.7,-64,3,-201,0.0
2026-06-27T16:45:48.466Z,33.5,-64,3,-210,0.0
2026-06-27T16:45:48.532Z,34.7,-64,2,-155,0.0
2026-06-27T16:45:48.535Z,34.7,-64,2,-162,0.0
2026-06-27T16:45:48.536Z,34.7,-64,2,-170,0.0
2026-06-27T16:45:48.537Z,34.7,-64,2,-179,0.0
2026-06-27T16:45:48.539Z,33.5,-64,2,-187,0.0
2026-06-27T16:45:48.540Z,35.5,-64,2,-196,0.0
2026-06-27T16:45:48.541Z,33.5,-64,2,-206,0.0
2026-06-27T16:45:48.543Z,34.7,-64,2,-216,0.0
2026-06-27T16:45:48.659Z,34.7,-63,2,-109,0.0
2026-06-27T16:45:48.662Z,35.5,-63,2,-115,0.0
2026-06-27T16:45:48.663Z,35.5,-63,2,-123,0.0
2026-06-27T16:45:48.665Z,35.5,-63,2,-132,0.0
2026-06-27T16:45:48.666Z,35.5,-63,2,-140,0.0
2026-06-27T16:45:48.669Z,35.5,-63,2,-149,0.0
2026-06-27T16:45:48.670Z,35.5,-63,3,-157,0.0
2026-06-27T16:45:48.671Z,33.5,-63,2,-166,0.0
2026-06-27T16:45:48.673Z,34.7,-63,2,-175,0.0
2026-06-27T16:45:48.674Z,35.5,-63,3,-183,0.0
2026-06-27T16:45:48.675Z,35.5,-63,3,-192,0.0
2026-06-27T16:45:48.676Z,35.5,-63,3,-201,0.0
2026-06-27T16:45:48.678Z,35.5,-63,3,-209,0.0
2026-06-27T16:45:48.712Z,35.5,-63,5,-187,0.0
2026-06-27T16:45:48.713Z,35.5,-63,2,-194,0.0
2026-06-27T16:45:48.715Z,35.5,-63,2,-202,0.0
2026-06-27T16:45:48.716Z,35.5,-63,2,-211,0.0
2026-06-27T16:45:48.717Z,35.5,-63,2,-220,0.0
2026-06-27T16:45:48.839Z,35.5,-63,2,-108,0.0
2026-06-27T16:45:48.841Z,35.5,-63,3,-116,0.0
2026-06-27T16:45:48.843Z,35.5,-63,2,-124,0.0
2026-06-27T16:45:48.845Z,35.5,-62,2,-133,0.0
2026-06-27T16:45:48.846Z,35.5,-62,2,-141,0.0
2026-06-27T16:45:48.847Z,35.5,-62,2,-150,0.0
2026-06-27T16:45:48.848Z,35.5,-62,2,-160,0.0
2026-06-27T16:45:48.849Z,35.5,-62,2,-169,0.0
2026-06-27T16:45:48.851Z,35.5,-62,3,-178,0.0
2026-06-27T16:45:48.852Z,35.5,-62,3,-186,0.0
2026-06-27T16:45:48.853Z,35.5,-62,3,-195,0.0
2026-06-27T16:45:48.854Z,35.5,-62,3,-204,0.0
2026-06-27T16:45:48.941Z,35.5,-62,3,-127,0.0
2026-06-27T16:45:48.945Z,35.5,-60,6,-135,0.0
2026-06-27T16:45:48.947Z,35.5,-60,2,-142,0.0
2026-06-27T16:45:48.949Z,35.5,-60,2,-150,0.0
2026-06-27T16:45:48.950Z,35.5,-60,2,-158,0.0
2026-06-27T16:45:48.952Z,35.5,-60,2,-166,0.0
2026-06-27T16:45:48.954Z,35.5,-60,2,-176,0.0
2026-06-27T16:45:48.956Z,33.5,-60,3,-184,0.0
2026-06-27T16:45:48.957Z,35.5,-60,3,-192,0.0
2026-06-27T16:45:48.959Z,35.5,-60,3,-200,0.0
2026-06-27T16:45:48.992Z,35.5,-60,3,-177,0.0
2026-06-27T16:45:48.995Z,35.5,-60,6,-186,0.0
2026-06-27T16:45:48.996Z,34.7,-60,2,-194,0.0
2026-06-27T16:45:48.998Z,35.5,-60,2,-203,0.0
2026-06-27T16:45:48.999Z,35.5,-60,2,-211,0.0
2026-06-27T16:45:49.000Z,35.5,-60,2,-220,0.0
2026-06-27T16:45:49.123Z,35.5,-60,3,-109,0.0
2026-06-27T16:45:49.126Z,35.5,-60,3,-115,0.0
2026-06-27T16:45:49.128Z,35.5,-60,2,-123,0.0
2026-06-27T16:45:49.129Z,35.5,-60,2,-132,0.0
2026-06-27T16:45:49.131Z,35.5,-60,2,-141,0.0
2026-06-27T16:45:49.132Z,35.5,-60,2,-149,0.0
2026-06-27T16:45:49.134Z,35.5,-60,2,-159,0.0
2026-06-27T16:45:49.135Z,35.5,-60,2,-167,0.0
2026-06-27T16:45:49.136Z,35.5,-60,3,-176,0.0
2026-06-27T16:45:49.138Z,35.5,-60,3,-184,0.0
2026-06-27T16:45:49.139Z,35.5,-60,3,-193,0.0
2026-06-27T16:45:49.141Z,35.5,-60,3,-202,0.0
2026-06-27T16:45:49.250Z,35.5,-60,3,-103,0.0
2026-06-27T16:45:49.253Z,35.5,-60,7,-112,0.0
2026-06-27T16:45:49.255Z,35.5,-60,3,-119,0.0
2026-06-27T16:45:49.257Z,35.5,-60,2,-127,0.0
2026-06-27T16:45:49.258Z,35.5,-60,2,-136,0.0
2026-06-27T16:45:49.259Z,35.5,-60,2,-145,0.0
2026-06-27T16:45:49.261Z,35.5,-60,2,-155,0.0
2026-06-27T16:45:49.262Z,35.5,-60,2,-163,0.0
2026-06-27T16:45:49.263Z,35.5,-60,3,-172,0.0
2026-06-27T16:45:49.265Z,35.5,-60,3,-181,0.0
2026-06-27T16:45:49.267Z,35.5,-60,3,-189,0.0
2026-06-27T16:45:49.269Z,35.5,-60,3,-197,0.0
2026-06-27T16:45:49.271Z,35.5,-60,3,-205,0.0
2026-06-27T16:45:49.355Z,35.5,-60,5,-132,0.0
2026-06-27T16:45:49.358Z,35.5,-60,2,-138,0.0
2026-06-27T16:45:49.359Z,35.5,-60,2,-146,0.0
2026-06-27T16:45:49.361Z,35.5,-60,2,-155,0.0
2026-06-27T16:45:49.362Z,35.5,-60,2,-163,0.0
2026-06-27T16:45:49.363Z,35.5,-60,2,-172,0.0
2026-06-27T16:45:49.365Z,35.5,-60,2,-181,0.0
2026-06-27T16:45:49.366Z,35.5,-60,2,-190,0.0
2026-06-27T16:45:49.367Z,35.5,-60,3,-199,0.0
2026-06-27T16:45:49.369Z,35.5,-60,3,-208,0.0
2026-06-27T16:45:49.483Z,35.5,-60,3,-104,0.0
2026-06-27T16:45:49.486Z,35.5,-60,2,-110,0.0
2026-06-27T16:45:49.489Z,35.5,-60,2,-117,0.0
2026-06-27T16:45:49.491Z,35.5,-60,2,-125,0.0
2026-06-27T16:45:49.492Z,35.5,-60,2,-133,0.0
2026-06-27T16:45:49.493Z,35.5,-60,2,-142,0.0
2026-06-27T16:45:49.495Z,35.5,-60,3,-151,0.0
2026-06-27T16:45:49.496Z,35.5,-60,2,-160,0.0
2026-06-27T16:45:49.498Z,35.5,-60,3,-169,0.0
2026-06-27T16:45:49.499Z,35.5,-60,3,-177,0.0
2026-06-27T16:45:49.501Z,35.5,-60,3,-186,0.0
2026-06-27T16:45:49.502Z,35.5,-60,3,-194,0.0
2026-06-27T16:45:49.503Z,35.5,-60,3,-203,0.0
2026-06-27T16:45:49.556Z,35.5,-60,5,-161,0.0
2026-06-27T16:45:49.558Z,35.5,-60,3,-168,0.0
2026-06-27T16:45:49.561Z,35.5,-60,2,-176,0.0
2026-06-27T16:45:49.562Z,35.5,-60,2,-184,0.0
2026-06-27T16:45:49.564Z,35.5,-60,2,-193,0.0
2026-06-27T16:45:49.565Z,35.5,-60,2,-202,0.0
2026-06-27T16:45:49.566Z,35.5,-60,2,-210,0.0
2026-06-27T16:45:49.668Z,35.5,-60,2,-120,0.0
2026-06-27T16:45:49.671Z,35.5,-60,2,-126,0.0
2026-06-27T16:45:49.672Z,35.5,-60,2,-135,0.0
2026-06-27T16:45:49.674Z,35.5,-60,2,-143,0.0
2026-06-27T16:45:49.675Z,35.5,-60,2,-152,0.0
2026-06-27T16:45:49.676Z,35.5,-60,2,-161,0.0
2026-06-27T16:45:49.677Z,35.5,-60,3,-171,0.0
2026-06-27T16:45:49.679Z,35.5,-60,2,-180,0.0
2026-06-27T16:45:49.680Z,35.5,-60,3,-188,0.0
2026-06-27T16:45:49.681Z,35.5,-60,3,-197,0.0
2026-06-27T16:45:49.683Z,35.5,-60,2,-205,0.0
2026-06-27T16:45:49.765Z,35.5,-60,3,-133,0.0
2026-06-27T16:45:49.768Z,35.5,-60,6,-141,0.0
2026-06-27T16:45:49.769Z,35.5,-60,2,-149,0.0
2026-06-27T16:45:49.771Z,35.5,-60,2,-157,0.0
2026-06-27T16:45:49.772Z,35.5,-60,2,-166,0.0
2026-06-27T16:45:49.773Z,35.5,-60,2,-175,0.0
2026-06-27T16:45:49.775Z,35.5,-60,2,-185,0.0
2026-06-27T16:45:49.777Z,35.5,-60,3,-193,0.0
2026-06-27T16:45:49.779Z,35.5,-60,3,-201,0.0
2026-06-27T16:45:49.781Z,35.5,-60,3,-208,0.0
2026-06-27T16:45:49.891Z,35.5,-61,2,-108,0.0
2026-06-27T16:45:49.893Z,35.5,-61,3,-115,0.0
2026-06-27T16:45:49.895Z,35.5,-61,2,-123,0.0
2026-06-27T16:45:49.896Z,35.5,-61,2,-132,0.0
2026-06-27T16:45:49.898Z,35.5,-61,2,-140,0.0
2026-06-27T16:45:49.899Z,35.5,-61,2,-150,0.0
2026-06-27T16:45:49.900Z,35.5,-61,2,-159,0.0
2026-06-27T16:45:49.901Z,35.5,-61,2,-168,0.0
2026-06-27T16:45:49.902Z,35.5,-61,3,-177,0.0
2026-06-27T16:45:49.903Z,35.5,-61,3,-186,0.0
2026-06-27T16:45:49.904Z,35.5,-61,3,-195,0.0
2026-06-27T16:45:49.905Z,35.5,-61,3,-204,0.0
2026-06-27T16:45:49.907Z,35.5,-61,3,-212,0.0
2026-06-27T16:45:49.942Z,35.5,-61,5,-188,0.0
2026-06-27T16:45:49.943Z,35.5,-61,2,-196,0.0
2026-06-27T16:45:49.945Z,35.5,-61,2,-204,0.0
2026-06-27T16:45:49.947Z,35.5,-61,2,-213,0.0
2026-06-27T16:45:49.948Z,35.5,-61,2,-221,0.0
2026-06-27T16:45:50.012Z,35.5,-61,2,-170,0.0
2026-06-27T16:45:50.015Z,35.5,-61,3,-177,0.0
2026-06-27T16:45:50.016Z,35.5,-61,3,-183,0.0
2026-06-27T16:45:50.017Z,35.5,-61,2,-192,0.0
2026-06-27T16:45:50.018Z,35.5,-61,2,-201,0.0
2026-06-27T16:45:50.019Z,35.5,-61,2,-210,0.0
2026-06-27T16:45:50.139Z,35.5,-61,2,-106,0.0
2026-06-27T16:45:50.145Z,35.5,-61,4,-106,0.0
2026-06-27T16:45:50.151Z,35.5,-61,2,-109,0.0
2026-06-27T16:45:50.153Z,35.5,-61,2,-117,0.0
2026-06-27T16:45:50.155Z,35.5,-61,2,-124,0.0
2026-06-27T16:45:50.156Z,35.5,-61,2,-133,0.0
2026-06-27T16:45:50.157Z,35.5,-61,3,-142,0.0
2026-06-27T16:45:50.158Z,35.5,-61,2,-152,0.0
2026-06-27T16:45:50.159Z,35.5,-61,2,-161,0.0
2026-06-27T16:45:50.160Z,35.5,-61,3,-170,0.0
2026-06-27T16:45:50.161Z,35.5,-61,3,-179,0.0
2026-06-27T16:45:50.162Z,35.5,-61,3,-188,0.0
2026-06-27T16:45:50.164Z,35.5,-61,3,-196,0.0
2026-06-27T16:45:50.257Z,35.5,-61,6,-115,0.0
2026-06-27T16:45:50.258Z,35.5,-61,2,-123,0.0
2026-06-27T16:45:50.259Z,35.5,-61,2,-132,0.0
2026-06-27T16:45:50.260Z,35.5,-61,2,-141,0.0
2026-06-27T16:45:50.263Z,35.5,-62,2,-148,0.0
2026-06-27T16:45:50.264Z,35.5,-62,2,-157,0.0
2026-06-27T16:45:50.266Z,35.5,-62,2,-166,0.0
2026-06-27T16:45:50.267Z,35.5,-62,2,-175,0.0
2026-06-27T16:45:50.268Z,35.5,-62,3,-184,0.0
2026-06-27T16:45:50.269Z,35.5,-62,3,-193,0.0
2026-06-27T16:45:50.270Z,35.5,-62,3,-202,0.0
2026-06-27T16:45:50.272Z,35.5,-62,3,-210,0.0
2026-06-27T16:45:50.380Z,35.5,-62,3,-116,0.0
2026-06-27T16:45:50.383Z,35.5,-62,2,-120,0.0
2026-06-27T16:45:50.385Z,35.5,-61,2,-128,0.0
2026-06-27T16:45:50.386Z,35.5,-61,2,-136,0.0
2026-06-27T16:45:50.387Z,35.5,-61,2,-145,0.0
2026-06-27T16:45:50.388Z,35.5,-61,2,-154,0.0
2026-06-27T16:45:50.389Z,35.5,-61,3,-164,0.0
2026-06-27T16:45:50.391Z,35.5,-61,2,-173,0.0
2026-06-27T16:45:50.392Z,35.5,-61,3,-181,0.0
2026-06-27T16:45:50.393Z,35.5,-61,3,-190,0.0
2026-06-27T16:45:50.394Z,35.5,-61,3,-199,0.0
2026-06-27T16:45:50.426Z,35.5,-61,3,-176,0.0
2026-06-27T16:45:50.428Z,35.5,-61,6,-187,0.0
2026-06-27T16:45:50.430Z,35.5,-61,2,-194,0.0
2026-06-27T16:45:50.431Z,35.5,-61,2,-203,0.0
2026-06-27T16:45:50.433Z,35.5,-61,2,-211,0.0
2026-06-27T16:45:50.434Z,35.5,-61,2,-220,0.0
2026-06-27T16:45:50.560Z,35.5,-61,6,-111,0.0
2026-06-27T16:45:50.567Z,35.5,-61,2,-110,0.0
2026-06-27T16:45:50.569Z,35.5,-61,2,-117,0.0
2026-06-27T16:45:50.572Z,35.5,-61,2,-124,0.0
2026-06-27T16:45:50.574Z,35.5,-61,2,-132,0.0
2026-06-27T16:45:50.575Z,35.5,-60,2,-140,0.0
2026-06-27T16:45:50.576Z,35.5,-60,2,-150,0.0
2026-06-27T16:45:50.577Z,35.5,-60,2,-159,0.0
2026-06-27T16:45:50.578Z,35.5,-60,3,-167,0.0
2026-06-27T16:45:50.580Z,35.5,-60,3,-176,0.0
2026-06-27T16:45:50.582Z,35.5,-60,3,-184,0.0
2026-06-27T16:45:50.583Z,35.5,-60,3,-193,0.0
2026-06-27T16:45:50.678Z,35.5,-60,3,-109,0.0
2026-06-27T16:45:50.681Z,35.5,-60,3,-116,0.0
2026-06-27T16:45:50.684Z,35.5,-60,2,-123,0.0
2026-06-27T16:45:50.685Z,35.5,-63,2,-131,0.0
2026-06-27T16:45:50.687Z,35.5,-63,2,-139,0.0
2026-06-27T16:45:50.688Z,35.5,-63,2,-149,0.0
2026-06-27T16:45:50.689Z,35.5,-63,3,-158,0.0
2026-06-27T16:45:50.690Z,35.5,-63,2,-167,0.0
2026-06-27T16:45:50.692Z,35.5,-63,3,-175,0.0
2026-06-27T16:45:50.693Z,35.5,-63,3,-184,0.0
2026-06-27T16:45:50.694Z,35.5,-63,3,-193,0.0
2026-06-27T16:45:50.695Z,35.5,-63,3,-202,0.0
2026-06-27T16:45:50.790Z,35.5,-63,3,-117,0.0
2026-06-27T16:45:50.793Z,34.7,-63,8,-127,0.0
2026-06-27T16:45:50.794Z,35.5,-63,2,-135,0.0
2026-06-27T16:45:50.795Z,35.5,-63,2,-144,0.0
2026-06-27T16:45:50.797Z,35.5,-63,2,-152,0.0
2026-06-27T16:45:50.798Z,35.5,-63,2,-161,0.0
2026-06-27T16:45:50.799Z,34.7,-63,2,-172,0.0
2026-06-27T16:45:50.800Z,35.5,-63,3,-180,0.0
2026-06-27T16:45:50.801Z,33.5,-63,3,-189,0.0
2026-06-27T16:45:50.803Z,34.7,-63,3,-197,0.0
2026-06-27T16:45:50.804Z,34.7,-63,3,-207,0.0
2026-06-27T16:45:50.848Z,34.7,-64,3,-173,0.0
2026-06-27T16:45:50.850Z,34.7,-64,5,-181,0.0
2026-06-27T16:45:50.852Z,33.5,-64,2,-190,0.0
2026-06-27T16:45:50.853Z,35.5,-64,2,-198,0.0
2026-06-27T16:45:50.854Z,33.5,-64,2,-207,0.0
2026-06-27T16:45:50.855Z,33.5,-64,2,-216,0.0
2026-06-27T16:45:50.986Z,35.5,-64,2,-96,0.0
2026-06-27T16:45:50.989Z,34.7,-64,3,-103,0.0
2026-06-27T16:45:50.993Z,34.7,-64,2,-109,0.0
2026-06-27T16:45:50.995Z,35.5,-64,2,-118,0.0
2026-06-27T16:45:50.996Z,35.5,-66,2,-125,0.0
2026-06-27T16:45:50.998Z,35.5,-66,2,-134,0.0
2026-06-27T16:45:51.000Z,33.5,-66,3,-143,0.0
2026-06-27T16:45:51.001Z,35.5,-66,2,-151,0.0
2026-06-27T16:45:51.002Z,35.5,-66,3,-160,0.0
2026-06-27T16:45:51.003Z,34.7,-66,3,-169,0.0
2026-06-27T16:45:51.005Z,35.5,-66,2,-177,0.0
2026-06-27T16:45:51.006Z,34.7,-66,3,-186,0.0
2026-06-27T16:45:51.007Z,34.7,-66,3,-195,0.0
2026-06-27T16:45:51.094Z,34.7,-66,5,-119,0.0
2026-06-27T16:45:51.096Z,35.5,-66,4,-126,0.0
2026-06-27T16:45:51.099Z,35.5,-65,2,-134,0.0
2026-06-27T16:45:51.100Z,34.7,-65,2,-142,0.0
2026-06-27T16:45:51.102Z,34.7,-65,2,-151,0.0
2026-06-27T16:45:51.104Z,35.5,-65,2,-158,0.0
2026-06-27T16:45:51.106Z,33.5,-65,2,-168,0.0
2026-06-27T16:45:51.107Z,35.5,-65,2,-176,0.0
2026-06-27T16:45:51.108Z,35.5,-65,3,-185,0.0
2026-06-27T16:45:51.109Z,35.5,-65,3,-194,0.0
2026-06-27T16:45:51.110Z,34.7,-65,3,-203,0.0
2026-06-27T16:45:51.199Z,35.5,-65,3,-126,0.0
2026-06-27T16:45:51.202Z,35.5,-64,3,-132,0.0
2026-06-27T16:45:51.204Z,35.5,-64,2,-140,0.0
2026-06-27T16:45:51.206Z,35.5,-64,2,-148,0.0
2026-06-27T16:45:51.208Z,35.5,-64,2,-155,0.0
2026-06-27T16:45:51.210Z,35.5,-64,2,-163,0.0
2026-06-27T16:45:51.211Z,35.5,-64,2,-173,0.0
2026-06-27T16:45:51.212Z,33.5,-64,2,-182,0.0
2026-06-27T16:45:51.213Z,34.7,-64,2,-191,0.0
2026-06-27T16:45:51.215Z,35.5,-64,3,-198,0.0
2026-06-27T16:45:51.246Z,35.5,-64,2,-178,0.0
2026-06-27T16:45:51.249Z,35.5,-66,6,-187,0.0
2026-06-27T16:45:51.251Z,35.5,-66,2,-193,0.0
2026-06-27T16:45:51.252Z,35.5,-66,2,-202,0.0
2026-06-27T16:45:51.254Z,34.7,-66,2,-210,0.0
2026-06-27T16:45:51.255Z,35.5,-66,2,-219,0.0
2026-06-27T16:45:51.381Z,35.5,-66,3,-108,0.0
2026-06-27T16:45:51.386Z,35.5,-66,2,-111,0.0
2026-06-27T16:45:51.388Z,35.5,-66,2,-118,0.0
2026-06-27T16:45:51.390Z,35.5,-66,2,-125,0.0
2026-06-27T16:45:51.391Z,35.5,-66,2,-134,0.0
2026-06-27T16:45:51.392Z,35.5,-65,2,-143,0.0
2026-06-27T16:45:51.394Z,35.5,-65,2,-152,0.0
2026-06-27T16:45:51.395Z,35.5,-65,2,-161,0.0
2026-06-27T16:45:51.396Z,35.5,-65,3,-170,0.0
2026-06-27T16:45:51.397Z,35.5,-65,3,-179,0.0
2026-06-27T16:45:51.398Z,35.5,-65,3,-188,0.0
2026-06-27T16:45:51.399Z,35.5,-65,3,-197,0.0
2026-06-27T16:45:51.500Z,35.5,-65,3,-106,0.0
2026-06-27T16:45:51.503Z,35.5,-65,7,-115,0.0
2026-06-27T16:45:51.504Z,35.5,-65,2,-123,0.0
2026-06-27T16:45:51.506Z,35.5,-65,2,-131,0.0
2026-06-27T16:45:51.508Z,35.5,-65,2,-139,0.0
2026-06-27T16:45:51.510Z,35.5,-65,2,-147,0.0
2026-06-27T16:45:51.511Z,34.7,-65,2,-156,0.0
2026-06-27T16:45:51.512Z,33.5,-65,2,-166,0.0
2026-06-27T16:45:51.513Z,33.5,-65,2,-175,0.0
2026-06-27T16:45:51.514Z,35.5,-65,2,-184,0.0
2026-06-27T16:45:51.515Z,33.5,-65,3,-193,0.0
2026-06-27T16:45:51.517Z,35.5,-65,3,-201,0.0
2026-06-27T16:45:51.518Z,35.5,-65,3,-210,0.0
2026-06-27T16:45:51.605Z,34.7,-65,5,-135,0.0
2026-06-27T16:45:51.607Z,34.7,-65,2,-142,0.0
2026-06-27T16:45:51.609Z,35.5,-65,2,-150,0.0
2026-06-27T16:45:51.610Z,35.5,-65,2,-158,0.0
2026-06-27T16:45:51.613Z,35.5,-65,2,-165,0.0
2026-06-27T16:45:51.614Z,35.5,-65,2,-174,0.0
2026-06-27T16:45:51.616Z,33.5,-65,2,-183,0.0
2026-06-27T16:45:51.617Z,35.5,-65,2,-192,0.0
2026-06-27T16:45:51.618Z,35.5,-65,3,-201,0.0
2026-06-27T16:45:51.619Z,35.5,-65,3,-211,0.0
2026-06-27T16:45:51.736Z,34.7,-65,4,-106,0.0
2026-06-27T16:45:51.737Z,34.7,-65,2,-115,0.0
2026-06-27T16:45:51.739Z,34.7,-65,2,-123,0.0
2026-06-27T16:45:51.740Z,33.5,-65,2,-132,0.0
2026-06-27T16:45:51.742Z,35.5,-65,2,-141,0.0
2026-06-27T16:45:51.743Z,35.5,-65,2,-149,0.0
2026-06-27T16:45:51.744Z,33.5,-65,2,-159,0.0
2026-06-27T16:45:51.745Z,33.5,-65,2,-168,0.0
2026-06-27T16:45:51.746Z,35.5,-65,2,-177,0.0
2026-06-27T16:45:51.747Z,33.5,-65,3,-186,0.0
2026-06-27T16:45:51.748Z,33.5,-65,2,-195,0.0
2026-06-27T16:45:51.750Z,33.5,-65,2,-203,0.0
2026-06-27T16:45:51.813Z,34.7,-65,2,-153,0.0
2026-06-27T16:45:51.824Z,35.5,-65,7,-154,0.0
2026-06-27T16:45:51.827Z,35.5,-65,2,-159,0.0
2026-06-27T16:45:51.830Z,33.5,-65,2,-166,0.0
2026-06-27T16:45:51.832Z,35.5,-65,2,-173,0.0
2026-06-27T16:45:51.834Z,35.5,-65,2,-181,0.0
2026-06-27T16:45:51.836Z,34.7,-65,2,-189,0.0
2026-06-27T16:45:51.837Z,33.5,-65,2,-197,0.0
2026-06-27T16:45:51.944Z,34.7,-65,6,-103,0.0
2026-06-27T16:45:51.946Z,35.5,-65,2,-110,0.0
2026-06-27T16:45:51.947Z,35.5,-65,2,-119,0.0
2026-06-27T16:45:51.948Z,35.5,-65,2,-128,0.0
2026-06-27T16:45:51.950Z,35.5,-65,2,-137,0.0
2026-06-27T16:45:51.952Z,35.5,-65,2,-144,0.0
2026-06-27T16:45:51.954Z,35.5,-65,2,-154,0.0
2026-06-27T16:45:51.955Z,35.5,-65,2,-162,0.0
2026-06-27T16:45:51.956Z,35.5,-65,3,-171,0.0
2026-06-27T16:45:51.957Z,35.5,-65,3,-180,0.0
2026-06-27T16:45:51.959Z,35.5,-65,3,-188,0.0
2026-06-27T16:45:51.960Z,34.7,-65,3,-197,0.0
2026-06-27T16:45:51.998Z,35.5,-65,3,-169,0.0
2026-06-27T16:45:52.001Z,35.5,-65,5,-178,0.0
2026-06-27T16:45:52.002Z,35.5,-65,2,-185,0.0
2026-06-27T16:45:52.003Z,36.0,-65,2,-194,0.0
2026-06-27T16:45:52.004Z,34.7,-65,2,-202,0.0
2026-06-27T16:45:52.006Z,34.7,-65,2,-211,0.0
2026-06-27T16:45:52.122Z,34.7,-65,2,-105,0.0
2026-06-27T16:45:52.125Z,35.5,-65,3,-115,0.0
2026-06-27T16:45:52.127Z,35.5,-61,2,-121,0.0
2026-06-27T16:45:52.128Z,35.5,-61,2,-129,0.0
2026-06-27T16:45:52.129Z,34.7,-61,2,-138,0.0
2026-06-27T16:45:52.130Z,35.5,-61,2,-147,0.0
2026-06-27T16:45:52.132Z,35.5,-61,3,-156,0.0
2026-06-27T16:45:52.133Z,34.7,-61,2,-165,0.0
2026-06-27T16:45:52.134Z,34.7,-61,2,-174,0.0
2026-06-27T16:45:52.135Z,34.7,-61,3,-183,0.0
2026-06-27T16:45:52.136Z,34.7,-61,3,-192,0.0
2026-06-27T16:45:52.137Z,34.7,-61,3,-201,0.0
2026-06-27T16:45:52.138Z,34.7,-61,3,-210,0.0
2026-06-27T16:45:52.225Z,34.7,-61,5,-136,0.0
2026-06-27T16:45:52.227Z,36.0,-61,3,-141,0.0
2026-06-27T16:45:52.229Z,34.7,-61,2,-149,0.0
2026-06-27T16:45:52.230Z,35.5,-61,2,-158,0.0
2026-06-27T16:45:52.232Z,35.5,-61,2,-167,0.0
2026-06-27T16:45:52.233Z,36.0,-61,2,-175,0.0
2026-06-27T16:45:52.234Z,34.7,-61,2,-185,0.0
2026-06-27T16:45:52.235Z,36.0,-61,2,-194,0.0
2026-06-27T16:45:52.236Z,36.0,-61,3,-202,0.0
2026-06-27T16:45:52.353Z,35.5,-61,2,-100,0.0
2026-06-27T16:45:52.356Z,34.7,-61,5,-103,0.0
2026-06-27T16:45:52.359Z,35.5,-61,2,-109,0.0
2026-06-27T16:45:52.360Z,34.7,-61,2,-118,0.0
2026-06-27T16:45:52.361Z,34.7,-61,2,-127,0.0
2026-06-27T16:45:52.363Z,36.0,-61,2,-135,0.0
2026-06-27T16:45:52.364Z,36.0,-61,2,-144,0.0
2026-06-27T16:45:52.365Z,34.7,-61,2,-154,0.0
2026-06-27T16:45:52.366Z,34.7,-61,2,-163,0.0
2026-06-27T16:45:52.367Z,34.7,-61,3,-172,0.0
2026-06-27T16:45:52.368Z,34.7,-61,3,-181,0.0
2026-06-27T16:45:52.369Z,34.7,-61,3,-190,0.0
2026-06-27T16:45:52.370Z,34.7,-61,3,-199,0.0
2026-06-27T16:45:52.425Z,34.8,-61,5,-156,0.0
2026-06-27T16:45:52.427Z,34.7,-61,3,-163,0.0
2026-06-27T16:45:52.430Z,34.7,-61,2,-169,0.0
2026-06-27T16:45:52.432Z,34.7,-61,2,-178,0.0
2026-06-27T16:45:52.433Z,34.8,-61,2,-186,0.0
2026-06-27T16:45:52.434Z,35.5,-61,2,-195,0.0
2026-06-27T16:45:52.435Z,33.5,-61,2,-205,0.0
2026-06-27T16:45:52.437Z,36.0,-61,2,-213,0.0
2026-06-27T16:45:52.486Z,35.4,-61,6,-179,0.0
2026-06-27T16:45:52.492Z,34.8,-61,3,-183,0.0
2026-06-27T16:45:52.495Z,34.8,-61,2,-188,0.0
2026-06-27T16:45:52.498Z,34.7,-61,2,-195,0.0
2026-06-27T16:45:52.502Z,36.0,-61,2,-200,0.0
2026-06-27T16:45:52.612Z,34.7,-61,2,-103,0.0
2026-06-27T16:45:52.619Z,34.7,-61,4,-103,0.0
2026-06-27T16:45:52.622Z,34.8,-61,2,-110,0.0
2026-06-27T16:45:52.625Z,34.7,-61,2,-117,0.0
2026-06-27T16:45:52.627Z,34.7,-61,2,-125,0.0
2026-06-27T16:45:52.629Z,34.7,-61,2,-133,0.0
2026-06-27T16:45:52.631Z,34.7,-61,2,-142,0.0
2026-06-27T16:45:52.632Z,34.8,-61,2,-150,0.0
2026-06-27T16:45:52.634Z,33.5,-61,3,-158,0.0
2026-06-27T16:45:52.635Z,34.7,-61,3,-167,0.0
2026-06-27T16:45:52.636Z,34.7,-61,3,-176,0.0
2026-06-27T16:45:52.637Z,33.5,-61,3,-185,0.0
2026-06-27T16:45:52.638Z,34.7,-61,2,-194,0.0
2026-06-27T16:45:52.736Z,34.7,-61,6,-112,0.0
2026-06-27T16:45:52.742Z,34.7,-61,2,-113,0.0
2026-06-27T16:45:52.747Z,36.0,-65,2,-116,0.0
2026-06-27T16:45:52.749Z,34.7,-65,2,-124,0.0
2026-06-27T16:45:52.751Z,34.7,-65,2,-132,0.0
2026-06-27T16:45:52.752Z,34.8,-65,2,-140,0.0
2026-06-27T16:45:52.753Z,34.7,-65,2,-150,0.0
2026-06-27T16:45:52.755Z,34.8,-65,2,-158,0.0
2026-06-27T16:45:52.756Z,34.8,-65,3,-167,0.0
2026-06-27T16:45:52.757Z,33.5,-65,3,-176,0.0
2026-06-27T16:45:52.758Z,34.8,-65,2,-185,0.0
2026-06-27T16:45:52.759Z,33.5,-65,3,-194,0.0
2026-06-27T16:45:52.837Z,34.7,-65,3,-130,0.0
2026-06-27T16:45:52.845Z,34.8,-65,2,-130,0.0
2026-06-27T16:45:52.847Z,34.8,-65,2,-137,0.0
2026-06-27T16:45:52.849Z,34.7,-65,2,-145,0.0
2026-06-27T16:45:52.850Z,35.5,-65,2,-153,0.0
2026-06-27T16:45:52.851Z,35.5,-65,2,-162,0.0
2026-06-27T16:45:52.852Z,35.5,-65,2,-172,0.0
2026-06-27T16:45:52.853Z,33.5,-65,2,-181,0.0
2026-06-27T16:45:52.854Z,35.5,-65,2,-190,0.0
2026-06-27T16:45:52.855Z,34.7,-65,3,-198,0.0
2026-06-27T16:45:52.890Z,36.0,-65,2,-178,0.0
2026-06-27T16:45:52.895Z,35.5,-64,3,-180,0.0
2026-06-27T16:45:52.897Z,36.0,-64,2,-188,0.0
2026-06-27T16:45:52.899Z,34.8,-64,2,-196,0.0
2026-06-27T16:45:52.901Z,36.0,-64,2,-204,0.0
2026-06-27T16:45:53.015Z,34.8,-64,2,-99,0.0
2026-06-27T16:45:53.018Z,34.8,-64,5,-107,0.0
2026-06-27T16:45:53.019Z,34.7,-64,2,-115,0.0
2026-06-27T16:45:53.021Z,36.0,-64,2,-123,0.0
2026-06-27T16:45:53.022Z,36.0,-64,2,-132,0.0
2026-06-27T16:45:53.023Z,36.0,-64,2,-141,0.0
2026-06-27T16:45:53.024Z,34.8,-64,4,-150,0.0
2026-06-27T16:45:53.025Z,36.0,-60,2,-160,0.0
2026-06-27T16:45:53.026Z,34.7,-60,2,-169,0.0
2026-06-27T16:45:53.028Z,34.7,-60,3,-177,0.0
2026-06-27T16:45:53.029Z,36.0,-60,3,-186,0.0
2026-06-27T16:45:53.030Z,34.8,-60,2,-195,0.0
2026-06-27T16:45:53.031Z,34.8,-60,3,-204,0.0
2026-06-27T16:45:53.148Z,34.7,-60,5,-98,0.0
2026-06-27T16:45:53.150Z,34.7,-60,3,-105,0.0
2026-06-27T16:45:53.151Z,34.7,-60,2,-114,0.0
2026-06-27T16:45:53.152Z,36.0,-61,2,-123,0.0
2026-06-27T16:45:53.154Z,35.5,-61,2,-131,0.0
2026-06-27T16:45:53.155Z,34.8,-61,2,-140,0.0
2026-06-27T16:45:53.156Z,36.0,-61,3,-150,0.0
2026-06-27T16:45:53.157Z,34.7,-61,2,-159,0.0
2026-06-27T16:45:53.159Z,34.8,-61,3,-168,0.0
2026-06-27T16:45:53.160Z,34.7,-61,3,-176,0.0
2026-06-27T16:45:53.161Z,34.8,-61,3,-185,0.0
2026-06-27T16:45:53.162Z,34.8,-61,3,-194,0.0
2026-06-27T16:45:53.269Z,36.0,-61,3,-98,0.0
2026-06-27T16:45:53.270Z,36.0,-61,2,-106,0.0
2026-06-27T16:45:53.271Z,36.0,-61,2,-115,0.0
2026-06-27T16:45:53.273Z,36.0,-61,2,-123,0.0
2026-06-27T16:45:53.274Z,36.0,-61,2,-132,0.0
2026-06-27T16:45:53.276Z,36.0,-61,2,-140,0.0
2026-06-27T16:45:53.277Z,34.7,-61,3,-150,0.0
2026-06-27T16:45:53.278Z,34.7,-61,2,-159,0.0
2026-06-27T16:45:53.279Z,34.7,-61,3,-168,0.0
2026-06-27T16:45:53.280Z,34.8,-61,3,-177,0.0
2026-06-27T16:45:53.281Z,36.0,-61,3,-187,0.0
2026-06-27T16:45:53.282Z,36.0,-60,3,-195,0.0
2026-06-27T16:45:53.380Z,36.0,-60,3,-107,0.0
2026-06-27T16:45:53.383Z,34.7,-60,3,-114,0.0
2026-06-27T16:45:53.386Z,34.7,-60,2,-121,0.0
2026-06-27T16:45:53.387Z,34.8,-60,2,-129,0.0
2026-06-27T16:45:53.388Z,34.8,-60,2,-138,0.0
2026-06-27T16:45:53.390Z,36.0,-60,2,-147,0.0
2026-06-27T16:45:53.391Z,34.7,-60,2,-156,0.0
2026-06-27T16:45:53.392Z,34.7,-60,2,-165,0.0
2026-06-27T16:45:53.393Z,36.0,-60,3,-174,0.0
2026-06-27T16:45:53.394Z,34.7,-60,3,-183,0.0
2026-06-27T16:45:53.395Z,34.8,-60,3,-192,0.0
2026-06-27T16:45:53.397Z,36.0,-60,3,-200,0.0
2026-06-27T16:45:53.398Z,34.8,-60,3,-209,0.0
2026-06-27T16:45:53.508Z,34.8,-60,5,-110,0.0
2026-06-27T16:45:53.510Z,34.8,-60,2,-117,0.0
2026-06-27T16:45:53.512Z,34.8,-60,2,-125,0.0
2026-06-27T16:45:53.513Z,36.0,-60,2,-134,0.0
2026-06-27T16:45:53.515Z,36.0,-60,2,-142,0.0
2026-06-27T16:45:53.516Z,34.8,-60,2,-151,0.0
2026-06-27T16:45:53.517Z,34.8,-60,2,-161,0.0
2026-06-27T16:45:53.518Z,34.7,-61,2,-170,0.0
2026-06-27T16:45:53.519Z,34.7,-61,3,-179,0.0
2026-06-27T16:45:53.521Z,34.7,-61,3,-187,0.0
2026-06-27T16:45:53.522Z,34.8,-61,3,-196,0.0
2026-06-27T16:45:53.523Z,36.0,-61,3,-205,0.0
2026-06-27T16:45:53.633Z,36.0,-61,3,-107,0.0
2026-06-27T16:45:53.636Z,34.8,-61,2,-114,0.0
2026-06-27T16:45:53.638Z,36.0,-61,2,-122,0.0
2026-06-27T16:45:53.639Z,36.0,-61,2,-130,0.0
2026-06-27T16:45:53.640Z,34.7,-61,2,-139,0.0
2026-06-27T16:45:53.641Z,36.0,-61,2,-148,0.0
2026-06-27T16:45:53.642Z,34.8,-61,2,-158,0.0
2026-06-27T16:45:53.643Z,34.7,-61,2,-167,0.0
2026-06-27T16:45:53.644Z,34.7,-61,3,-176,0.0
2026-06-27T16:45:53.645Z,34.8,-61,3,-184,0.0
2026-06-27T16:45:53.647Z,34.8,-61,3,-193,0.0
2026-06-27T16:45:53.648Z,34.8,-61,3,-202,0.0
2026-06-27T16:45:53.649Z,34.8,-61,3,-211,0.0
2026-06-27T16:45:53.689Z,34.7,-61,10,-187,0.0
2026-06-27T16:45:53.691Z,34.7,-61,4,-194,0.0
2026-06-27T16:45:53.693Z,36.0,-61,2,-202,0.0
2026-06-27T16:45:53.694Z,36.0,-61,2,-211,0.0
2026-06-27T16:45:53.695Z,34.7,-61,2,-220,0.0
2026-06-27T16:45:53.827Z,36.0,-61,6,-105,0.0
2026-06-27T16:45:53.836Z,36.0,-61,2,-103,0.0
2026-06-27T16:45:53.840Z,36.0,-61,2,-109,0.0
2026-06-27T16:45:53.842Z,36.0,-61,2,-115,0.0
2026-06-27T16:45:53.844Z,36.0,-61,2,-123,0.0
2026-06-27T16:45:53.846Z,36.0,-61,2,-131,0.0
2026-06-27T16:45:53.848Z,34.7,-61,5,-141,0.0
2026-06-27T16:45:53.850Z,34.7,-62,3,-148,0.0
2026-06-27T16:45:53.851Z,34.8,-62,3,-156,0.0
2026-06-27T16:45:53.852Z,36.0,-62,3,-165,0.0
2026-06-27T16:45:53.853Z,34.7,-62,3,-174,0.0
2026-06-27T16:45:53.855Z,34.8,-62,3,-182,0.0
2026-06-27T16:45:53.942Z,34.8,-62,3,-105,0.0
2026-06-27T16:45:53.945Z,36.0,-62,7,-116,0.0
2026-06-27T16:45:53.946Z,36.0,-62,3,-123,0.0
2026-06-27T16:45:53.948Z,34.8,-62,2,-131,0.0
2026-06-27T16:45:53.949Z,34.7,-62,4,-140,0.0
2026-06-27T16:45:53.951Z,36.0,-61,2,-149,0.0
2026-06-27T16:45:53.952Z,36.0,-61,2,-157,0.0
2026-06-27T16:45:53.953Z,36.0,-61,2,-167,0.0
2026-06-27T16:45:53.954Z,34.7,-61,2,-176,0.0
2026-06-27T16:45:53.955Z,34.7,-61,3,-185,0.0
2026-06-27T16:45:53.956Z,34.7,-61,3,-194,0.0
2026-06-27T16:45:53.957Z,34.7,-61,3,-203,0.0
2026-06-27T16:45:53.958Z,36.0,-61,3,-211,0.0
2026-06-27T16:45:54.060Z,34.7,-61,6,-123,0.0
2026-06-27T16:45:54.062Z,34.7,-61,3,-131,0.0
2026-06-27T16:45:54.064Z,34.8,-61,2,-138,0.0
2026-06-27T16:45:54.066Z,34.7,-61,2,-147,0.0
2026-06-27T16:45:54.067Z,34.7,-61,2,-155,0.0
2026-06-27T16:45:54.068Z,36.0,-61,2,-164,0.0
2026-06-27T16:45:54.069Z,33.5,-61,2,-174,0.0
2026-06-27T16:45:54.072Z,34.7,-61,2,-182,0.0
2026-06-27T16:45:54.073Z,34.7,-61,3,-190,0.0
2026-06-27T16:45:54.074Z,34.7,-61,3,-199,0.0
2026-06-27T16:45:54.075Z,34.7,-61,3,-207,0.0
2026-06-27T16:45:54.165Z,34.8,-61,2,-129,0.0
2026-06-27T16:45:54.168Z,34.8,-62,2,-136,0.0
2026-06-27T16:45:54.169Z,34.8,-62,2,-144,0.0
2026-06-27T16:45:54.171Z,34.8,-62,2,-152,0.0
2026-06-27T16:45:54.172Z,34.8,-62,2,-161,0.0
2026-06-27T16:45:54.173Z,34.8,-62,2,-170,0.0
2026-06-27T16:45:54.175Z,34.8,-62,3,-180,0.0
2026-06-27T16:45:54.176Z,34.7,-62,2,-188,0.0
2026-06-27T16:45:54.177Z,34.7,-62,3,-197,0.0
2026-06-27T16:45:54.178Z,34.7,-62,3,-206,0.0
2026-06-27T16:45:54.218Z,34.7,-62,3,-175,0.0
2026-06-27T16:45:54.220Z,34.8,-65,5,-185,0.0
2026-06-27T16:45:54.222Z,34.8,-65,2,-192,0.0
2026-06-27T16:45:54.224Z,34.7,-65,2,-201,0.0
2026-06-27T16:45:54.225Z,34.7,-65,2,-209,0.0
2026-06-27T16:45:54.226Z,34.7,-65,2,-218,0.0
2026-06-27T16:45:54.347Z,34.8,-65,5,-109,0.0
2026-06-27T16:45:54.349Z,34.8,-65,2,-117,0.0
2026-06-27T16:45:54.350Z,34.7,-65,2,-125,0.0
2026-06-27T16:45:54.352Z,34.7,-65,2,-133,0.0
2026-06-27T16:45:54.354Z,33.5,-65,2,-141,0.0
2026-06-27T16:45:54.355Z,33.5,-65,2,-150,0.0
2026-06-27T16:45:54.356Z,33.5,-65,2,-160,0.0
2026-06-27T16:45:54.358Z,34.8,-65,2,-168,0.0
2026-06-27T16:45:54.359Z,34.8,-65,3,-177,0.0
2026-06-27T16:45:54.360Z,33.5,-65,3,-186,0.0
2026-06-27T16:45:54.361Z,34.8,-65,3,-195,0.0
2026-06-27T16:45:54.362Z,33.5,-65,3,-204,0.0
2026-06-27T16:45:54.401Z,34.8,-65,2,-175,0.0
2026-06-27T16:45:54.404Z,34.8,-65,6,-184,0.0
2026-06-27T16:45:54.406Z,34.7,-65,2,-190,0.0
2026-06-27T16:45:54.407Z,34.8,-65,2,-199,0.0
2026-06-27T16:45:54.408Z,34.8,-65,2,-208,0.0
2026-06-27T16:45:54.410Z,34.8,-65,2,-216,0.0
2026-06-27T16:45:54.531Z,34.8,-65,2,-105,0.0
2026-06-27T16:45:54.534Z,34.7,-65,3,-113,0.0
2026-06-27T16:45:54.535Z,33.5,-65,2,-121,0.0
2026-06-27T16:45:54.537Z,33.5,-65,2,-129,0.0
2026-06-27T16:45:54.538Z,34.8,-65,2,-138,0.0
2026-06-27T16:45:54.539Z,34.8,-65,2,-148,0.0
2026-06-27T16:45:54.541Z,34.7,-65,3,-157,0.0
2026-06-27T16:45:54.542Z,34.8,-65,2,-165,0.0
2026-06-27T16:45:54.543Z,33.5,-65,3,-174,0.0
2026-06-27T16:45:54.544Z,34.8,-65,3,-183,0.0
2026-06-27T16:45:54.545Z,34.8,-65,3,-192,0.0
2026-06-27T16:45:54.546Z,34.8,-65,3,-201,0.0
2026-06-27T16:45:54.548Z,33.5,-65,3,-210,0.0
2026-06-27T16:45:54.662Z,34.7,-65,6,-108,0.0
2026-06-27T16:45:54.663Z,34.7,-65,2,-116,0.0
2026-06-27T16:45:54.665Z,34.8,-65,2,-124,0.0
2026-06-27T16:45:54.666Z,34.7,-65,2,-133,0.0
2026-06-27T16:45:54.667Z,33.5,-65,2,-142,0.0
2026-06-27T16:45:54.668Z,34.8,-65,2,-151,0.0
2026-06-27T16:45:54.669Z,34.7,-65,2,-161,0.0
2026-06-27T16:45:54.670Z,33.5,-65,2,-170,0.0
2026-06-27T16:45:54.672Z,34.7,-65,2,-178,0.0
2026-06-27T16:45:54.673Z,33.5,-65,3,-187,0.0
2026-06-27T16:45:54.674Z,34.7,-65,3,-196,0.0
2026-06-27T16:45:54.675Z,33.5,-65,3,-205,0.0
2026-06-27T16:45:54.782Z,35.5,-65,3,-109,0.0
2026-06-27T16:45:54.785Z,34.8,-65,2,-117,0.0
2026-06-27T16:45:54.786Z,34.8,-66,2,-124,0.0
2026-06-27T16:45:54.788Z,34.7,-66,2,-133,0.0
2026-06-27T16:45:54.789Z,34.7,-66,2,-141,0.0
2026-06-27T16:45:54.792Z,33.5,-66,2,-149,0.0
2026-06-27T16:45:54.794Z,33.5,-66,2,-158,0.0
2026-06-27T16:45:54.795Z,33.5,-66,2,-166,0.0
2026-06-27T16:45:54.796Z,33.5,-66,3,-175,0.0
2026-06-27T16:45:54.797Z,34.7,-66,2,-184,0.0
2026-06-27T16:45:54.798Z,33.5,-66,3,-193,0.0
2026-06-27T16:45:54.799Z,33.5,-66,2,-202,0.0
2026-06-27T16:45:54.800Z,33.5,-66,3,-211,0.0
2026-06-27T16:45:54.837Z,33.5,-66,8,-187,0.0
2026-06-27T16:45:54.839Z,33.5,-66,2,-195,0.0
2026-06-27T16:45:54.841Z,34.7,-66,2,-203,0.0
2026-06-27T16:45:54.842Z,33.5,-66,2,-212,0.0
2026-06-27T16:45:54.844Z,34.8,-66,2,-220,0.0
2026-06-27T16:45:54.968Z,33.5,-66,2,-107,0.0
2026-06-27T16:45:54.971Z,33.5,-66,3,-114,0.0
2026-06-27T16:45:54.972Z,33.5,-66,2,-122,0.0
2026-06-27T16:45:54.973Z,35.5,-66,2,-131,0.0
2026-06-27T16:45:54.975Z,35.5,-66,3,-139,0.0
2026-06-27T16:45:54.976Z,35.5,-62,2,-148,0.0
2026-06-27T16:45:54.977Z,34.7,-62,2,-158,0.0
2026-06-27T16:45:54.978Z,34.7,-62,2,-167,0.0
2026-06-27T16:45:54.980Z,35.5,-62,3,-175,0.0
2026-06-27T16:45:54.981Z,34.8,-62,3,-184,0.0
2026-06-27T16:45:54.982Z,34.7,-62,3,-193,0.0
2026-06-27T16:45:54.983Z,34.7,-62,3,-202,0.0
2026-06-27T16:45:54.984Z,33.5,-62,3,-211,0.0
2026-06-27T16:45:55.024Z,34.7,-62,5,-182,0.0
2026-06-27T16:45:55.027Z,36.0,-62,3,-190,0.0
2026-06-27T16:45:55.028Z,34.7,-63,2,-197,0.0
2026-06-27T16:45:55.029Z,34.7,-63,2,-206,0.0
2026-06-27T16:45:55.030Z,35.5,-63,2,-215,0.0
2026-06-27T16:45:55.154Z,35.5,-63,2,-105,0.0
2026-06-27T16:45:55.164Z,35.5,-63,3,-103,0.0
2026-06-27T16:45:55.167Z,35.5,-63,2,-110,0.0
2026-06-27T16:45:55.170Z,35.5,-63,2,-116,0.0
2026-06-27T16:45:55.172Z,35.5,-63,2,-124,0.0
2026-06-27T16:45:55.174Z,35.5,-63,2,-132,0.0
2026-06-27T16:45:55.176Z,35.5,-63,3,-141,0.0
2026-06-27T16:45:55.177Z,35.5,-63,3,-149,0.0
2026-06-27T16:45:55.178Z,36.0,-63,3,-158,0.0
2026-06-27T16:45:55.179Z,35.5,-63,3,-167,0.0
2026-06-27T16:45:55.180Z,34.7,-63,3,-176,0.0
2026-06-27T16:45:55.181Z,36.0,-63,3,-185,0.0
2026-06-27T16:45:55.182Z,34.7,-63,3,-194,0.0
2026-06-27T16:45:55.274Z,36.0,-63,6,-115,0.0
2026-06-27T16:45:55.275Z,36.0,-63,3,-123,0.0
2026-06-27T16:45:55.277Z,36.0,-63,2,-131,0.0
2026-06-27T16:45:55.279Z,34.7,-63,2,-140,0.0
2026-06-27T16:45:55.280Z,36.0,-63,2,-148,0.0
2026-06-27T16:45:55.281Z,34.7,-63,2,-157,0.0
2026-06-27T16:45:55.284Z,36.0,-63,2,-166,0.0
2026-06-27T16:45:55.285Z,34.8,-63,2,-174,0.0
2026-06-27T16:45:55.286Z,36.0,-63,3,-183,0.0
2026-06-27T16:45:55.287Z,36.0,-63,3,-192,0.0
2026-06-27T16:45:55.288Z,34.7,-63,3,-201,0.0
2026-06-27T16:45:55.289Z,34.7,-63,3,-210,0.0
2026-06-27T16:45:55.414Z,36.0,-63,3,-100,0.0
2026-06-27T16:45:55.423Z,36.0,-63,2,-98,0.0
2026-06-27T16:45:55.424Z,34.7,-64,2,-105,0.0
2026-06-27T16:45:55.425Z,36.0,-64,2,-114,0.0
2026-06-27T16:45:55.426Z,36.0,-64,2,-123,0.0
2026-06-27T16:45:55.427Z,34.7,-64,2,-133,0.0
2026-06-27T16:45:55.429Z,34.7,-64,3,-141,0.0
2026-06-27T16:45:55.430Z,34.7,-64,2,-150,0.0
2026-06-27T16:45:55.431Z,36.0,-64,3,-159,0.0
2026-06-27T16:45:55.432Z,34.7,-64,3,-168,0.0
2026-06-27T16:45:55.433Z,36.0,-64,3,-177,0.0
2026-06-27T16:45:55.434Z,34.7,-64,2,-186,0.0
2026-06-27T16:45:55.435Z,36.0,-64,3,-195,0.0
2026-06-27T16:45:55.495Z,34.8,-64,9,-150,0.0
2026-06-27T16:45:55.496Z,36.0,-64,2,-158,0.0
2026-06-27T16:45:55.498Z,36.0,-64,2,-166,0.0
2026-06-27T16:45:55.499Z,34.7,-64,2,-175,0.0
2026-06-27T16:45:55.501Z,34.7,-64,2,-183,0.0
2026-06-27T16:45:55.503Z,36.0,-64,2,-192,0.0
2026-06-27T16:45:55.504Z,34.7,-64,2,-201,0.0
2026-06-27T16:45:55.505Z,34.7,-64,2,-210,0.0
2026-06-27T16:45:55.617Z,36.0,-64,2,-109,0.0
2026-06-27T16:45:55.620Z,34.7,-64,6,-117,0.0
2026-06-27T16:45:55.622Z,36.0,-64,2,-124,0.0
2026-06-27T16:45:55.623Z,34.7,-64,2,-132,0.0
2026-06-27T16:45:55.624Z,34.7,-64,2,-141,0.0
2026-06-27T16:45:55.625Z,34.7,-64,2,-150,0.0
2026-06-27T16:45:55.626Z,36.0,-64,2,-160,0.0
2026-06-27T16:45:55.628Z,34.7,-64,2,-168,0.0
2026-06-27T16:45:55.629Z,36.0,-64,3,-177,0.0
2026-06-27T16:45:55.630Z,36.0,-64,3,-186,0.0
2026-06-27T16:45:55.631Z,34.7,-64,3,-195,0.0
2026-06-27T16:45:55.632Z,34.7,-64,3,-204,0.0
2026-06-27T16:45:55.633Z,34.7,-64,3,-213,0.0
2026-06-27T16:45:55.702Z,36.0,-64,5,-157,0.0
2026-06-27T16:45:55.703Z,34.7,-64,2,-164,0.0
2026-06-27T16:45:55.704Z,36.0,-64,2,-173,0.0
2026-06-27T16:45:55.706Z,36.0,-64,2,-181,0.0
2026-06-27T16:45:55.707Z,36.0,-64,2,-190,0.0
2026-06-27T16:45:55.708Z,36.0,-64,2,-199,0.0
2026-06-27T16:45:55.709Z,36.0,-64,2,-209,0.0
2026-06-27T16:45:55.710Z,34.7,-64,2,-217,0.0
2026-06-27T16:45:55.756Z,36.0,-64,3,-184,0.0
2026-06-27T16:45:55.758Z,34.7,-64,2,-191,0.0
2026-06-27T16:45:55.759Z,34.7,-64,2,-200,0.0
2026-06-27T16:45:55.760Z,36.0,-64,2,-209,0.0
2026-06-27T16:45:55.762Z,36.0,-64,2,-217,0.0
2026-06-27T16:45:55.886Z,34.7,-64,2,-108,0.0
2026-06-27T16:45:55.900Z,36.0,-64,3,-103,0.0
2026-06-27T16:45:55.904Z,34.7,-64,2,-107,0.0
2026-06-27T16:45:55.908Z,34.7,-64,2,-113,0.0
2026-06-27T16:45:55.910Z,34.7,-64,2,-120,0.0
2026-06-27T16:45:55.912Z,34.7,-64,2,-128,0.0
2026-06-27T16:45:55.914Z,36.0,-64,3,-137,0.0
2026-06-27T16:45:55.915Z,34.7,-64,2,-145,0.0
2026-06-27T16:45:55.917Z,34.7,-64,3,-153,0.0
2026-06-27T16:45:55.918Z,34.7,-64,3,-162,0.0
2026-06-27T16:45:55.920Z,34.7,-64,3,-170,0.0
2026-06-27T16:45:55.921Z,34.8,-64,3,-179,0.0
2026-06-27T16:45:55.923Z,34.7,-64,3,-188,0.0
2026-06-27T16:45:55.943Z,34.7,-64,5,-179,0.0
2026-06-27T16:45:55.944Z,34.7,-64,3,-187,0.0
2026-06-27T16:45:55.946Z,36.0,-63,3,-195,0.0
2026-06-27T16:45:55.947Z,36.0,-63,2,-204,0.0
2026-06-27T16:45:55.948Z,36.0,-63,2,-213,0.0
2026-06-27T16:45:55.949Z,36.0,-63,2,-222,0.0
2026-06-27T16:45:56.078Z,34.7,-63,6,-106,0.0
2026-06-27T16:45:56.079Z,34.7,-63,2,-113,0.0
2026-06-27T16:45:56.081Z,34.7,-63,2,-121,0.0
2026-06-27T16:45:56.082Z,34.7,-63,2,-130,0.0
2026-06-27T16:45:56.083Z,34.7,-63,2,-139,0.0
2026-06-27T16:45:56.085Z,34.7,-63,2,-148,0.0
2026-06-27T16:45:56.086Z,33.5,-63,2,-157,0.0
2026-06-27T16:45:56.087Z,34.7,-64,2,-166,0.0
2026-06-27T16:45:56.088Z,34.8,-64,3,-175,0.0
2026-06-27T16:45:56.089Z,34.7,-64,3,-184,0.0
2026-06-27T16:45:56.090Z,34.7,-64,3,-193,0.0
2026-06-27T16:45:56.091Z,34.7,-64,3,-202,0.0
2026-06-27T16:45:56.205Z,33.5,-64,3,-98,0.0
2026-06-27T16:45:56.207Z,34.7,-64,6,-107,0.0
2026-06-27T16:45:56.210Z,34.7,-64,2,-113,0.0
2026-06-27T16:45:56.211Z,34.8,-64,2,-122,0.0
2026-06-27T16:45:56.212Z,34.7,-64,3,-131,0.0
2026-06-27T16:45:56.213Z,34.7,-67,2,-140,0.0
2026-06-27T16:45:56.215Z,34.7,-67,2,-149,0.0
2026-06-27T16:45:56.216Z,33.5,-67,2,-158,0.0
2026-06-27T16:45:56.217Z,33.5,-67,2,-167,0.0
2026-06-27T16:45:56.218Z,34.7,-67,3,-176,0.0
2026-06-27T16:45:56.219Z,33.5,-67,3,-185,0.0
2026-06-27T16:45:56.220Z,34.7,-67,3,-194,0.0
2026-06-27T16:45:56.221Z,34.7,-67,3,-202,0.0
2026-06-27T16:45:56.315Z,34.7,-67,6,-122,0.0
2026-06-27T16:45:56.317Z,34.7,-67,2,-130,0.0
2026-06-27T16:45:56.319Z,34.8,-67,2,-138,0.0
2026-06-27T16:45:56.321Z,34.7,-67,2,-146,0.0
2026-06-27T16:45:56.322Z,34.8,-67,2,-155,0.0
2026-06-27T16:45:56.323Z,33.5,-67,2,-164,0.0
2026-06-27T16:45:56.325Z,33.5,-67,3,-173,0.0
2026-06-27T16:45:56.326Z,34.7,-67,2,-182,0.0
2026-06-27T16:45:56.327Z,34.7,-67,3,-191,0.0
2026-06-27T16:45:56.328Z,33.5,-67,3,-200,0.0
2026-06-27T16:45:56.329Z,34.7,-67,3,-208,0.0
2026-06-27T16:45:56.443Z,36.0,-67,5,-107,0.0
2026-06-27T16:45:56.446Z,34.7,-64,3,-112,0.0
2026-06-27T16:45:56.447Z,34.7,-64,2,-121,0.0
2026-06-27T16:45:56.448Z,34.7,-64,2,-130,0.0
2026-06-27T16:45:56.450Z,34.7,-64,2,-138,0.0
2026-06-27T16:45:56.451Z,36.0,-64,2,-148,0.0
2026-06-27T16:45:56.452Z,34.7,-64,2,-157,0.0
2026-06-27T16:45:56.453Z,34.7,-64,2,-166,0.0
2026-06-27T16:45:56.454Z,34.7,-64,3,-175,0.0
2026-06-27T16:45:56.455Z,34.7,-64,3,-184,0.0
2026-06-27T16:45:56.456Z,34.7,-64,3,-193,0.0
2026-06-27T16:45:56.458Z,34.7,-64,3,-201,0.0
2026-06-27T16:45:56.459Z,34.7,-64,3,-210,0.0
2026-06-27T16:45:56.502Z,34.7,-64,5,-180,0.0
2026-06-27T16:45:56.505Z,34.7,-64,6,-189,0.0
2026-06-27T16:45:56.508Z,34.7,-64,2,-195,0.0
2026-06-27T16:45:56.509Z,34.7,-64,2,-203,0.0
2026-06-27T16:45:56.510Z,34.7,-64,2,-212,0.0
2026-06-27T16:45:56.620Z,34.7,-64,2,-112,0.0
2026-06-27T16:45:56.622Z,34.7,-64,5,-121,0.0
2026-06-27T16:45:56.625Z,33.5,-64,3,-128,0.0
2026-06-27T16:45:56.626Z,34.7,-62,2,-136,0.0
2026-06-27T16:45:56.627Z,34.7,-62,2,-145,0.0
2026-06-27T16:45:56.629Z,34.7,-62,2,-153,0.0
2026-06-27T16:45:56.630Z,34.7,-62,2,-164,0.0
2026-06-27T16:45:56.631Z,33.5,-62,2,-172,0.0
2026-06-27T16:45:56.632Z,33.5,-62,2,-181,0.0
2026-06-27T16:45:56.633Z,34.7,-62,2,-190,0.0
2026-06-27T16:45:56.634Z,34.7,-62,3,-199,0.0
2026-06-27T16:45:56.635Z,34.7,-62,3,-208,0.0
2026-06-27T16:45:56.673Z,34.7,-62,3,-181,0.0
2026-06-27T16:45:56.675Z,34.7,-63,2,-188,0.0
2026-06-27T16:45:56.677Z,34.7,-63,2,-197,0.0
2026-06-27T16:45:56.678Z,34.7,-63,2,-205,0.0
2026-06-27T16:45:56.679Z,34.7,-63,2,-214,0.0
2026-06-27T16:45:56.795Z,33.5,-63,2,-109,0.0
2026-06-27T16:45:56.798Z,34.7,-63,6,-118,0.0
2026-06-27T16:45:56.799Z,34.7,-63,3,-125,0.0
2026-06-27T16:45:56.802Z,34.7,-63,2,-132,0.0
2026-06-27T16:45:56.803Z,34.7,-63,2,-141,0.0
2026-06-27T16:45:56.804Z,34.7,-63,2,-150,0.0
2026-06-27T16:45:56.806Z,34.7,-63,2,-160,0.0
2026-06-27T16:45:56.807Z,34.7,-63,2,-168,0.0
2026-06-27T16:45:56.808Z,33.5,-63,3,-177,0.0
2026-06-27T16:45:56.809Z,34.7,-63,3,-186,0.0
2026-06-27T16:45:56.810Z,34.7,-63,3,-195,0.0
2026-06-27T16:45:56.811Z,34.7,-63,3,-204,0.0
2026-06-27T16:45:56.812Z,34.7,-63,3,-213,0.0
2026-06-27T16:45:56.933Z,34.7,-63,5,-105,0.0
2026-06-27T16:45:56.935Z,36.0,-63,2,-111,0.0
2026-06-27T16:45:56.937Z,34.7,-63,2,-119,0.0
2026-06-27T16:45:56.938Z,34.7,-63,2,-128,0.0
2026-06-27T16:45:56.940Z,34.7,-63,2,-136,0.0
2026-06-27T16:45:56.941Z,34.7,-63,2,-145,0.0
2026-06-27T16:45:56.942Z,34.7,-63,2,-155,0.0
2026-06-27T16:45:56.943Z,34.7,-63,2,-164,0.0
2026-06-27T16:45:56.944Z,34.7,-63,3,-173,0.0
2026-06-27T16:45:56.946Z,34.7,-63,3,-181,0.0
2026-06-27T16:45:56.947Z,34.7,-63,3,-190,0.0
2026-06-27T16:45:56.948Z,34.7,-63,3,-199,0.0
2026-06-27T16:45:57.057Z,34.7,-63,3,-101,0.0
2026-06-27T16:45:57.058Z,34.7,-62,11,-118,0.0
2026-06-27T16:45:57.060Z,34.7,-62,2,-125,0.0
2026-06-27T16:45:57.061Z,34.7,-62,2,-134,0.0
2026-06-27T16:45:57.063Z,34.7,-62,2,-142,0.0
2026-06-27T16:45:57.064Z,34.7,-62,2,-151,0.0
2026-06-27T16:45:57.065Z,34.7,-62,2,-161,0.0
2026-06-27T16:45:57.066Z,33.5,-62,2,-170,0.0
2026-06-27T16:45:57.068Z,34.7,-62,2,-178,0.0
2026-06-27T16:45:57.069Z,34.7,-62,3,-187,0.0
2026-06-27T16:45:57.070Z,33.5,-62,3,-196,0.0
2026-06-27T16:45:57.071Z,33.5,-62,3,-205,0.0
2026-06-27T16:45:57.072Z,34.7,-62,2,-214,0.0
2026-06-27T16:45:57.133Z,34.7,-62,8,-166,0.0
2026-06-27T16:45:57.135Z,34.7,-62,2,-174,0.0
2026-06-27T16:45:57.136Z,34.7,-62,2,-182,0.0
2026-06-27T16:45:57.137Z,34.7,-62,2,-191,0.0
2026-06-27T16:45:57.139Z,34.7,-62,2,-199,0.0
2026-06-27T16:45:57.140Z,34.7,-62,2,-210,0.0
2026-06-27T16:45:57.141Z,34.7,-62,2,-219,0.0
2026-06-27T16:45:57.189Z,34.7,-63,4,-183,0.0
2026-06-27T16:45:57.190Z,34.7,-63,2,-191,0.0
2026-06-27T16:45:57.193Z,34.7,-63,2,-199,0.0
2026-06-27T16:45:57.194Z,34.7,-63,2,-207,0.0
2026-06-27T16:45:57.195Z,36.0,-63,2,-216,0.0
2026-06-27T16:45:57.249Z,36.0,-63,2,-177,0.0
2026-06-27T16:45:57.260Z,34.8,-63,3,-175,0.0
2026-06-27T16:45:57.264Z,34.7,-63,2,-180,0.0
2026-06-27T16:45:57.266Z,34.7,-63,2,-186,0.0
2026-06-27T16:45:57.269Z,35.5,-63,2,-195,0.0
2026-06-27T16:45:57.270Z,35.5,-63,3,-201,0.0
2026-06-27T16:45:57.338Z,34.7,-63,8,-147,0.0
2026-06-27T16:45:57.340Z,34.7,-63,2,-155,0.0
2026-06-27T16:45:57.341Z,34.7,-63,2,-163,0.0
2026-06-27T16:45:57.344Z,34.7,-63,2,-170,0.0
2026-06-27T16:45:57.345Z,34.7,-63,2,-179,0.0
2026-06-27T16:45:57.346Z,35.5,-63,2,-188,0.0
2026-06-27T16:45:57.348Z,34.7,-63,2,-198,0.0
2026-06-27T16:45:57.349Z,33.5,-63,2,-206,0.0
2026-06-27T16:45:57.350Z,34.7,-63,2,-215,0.0
2026-06-27T16:45:57.477Z,34.7,-63,6,-103,0.0
2026-06-27T16:45:57.479Z,34.7,-63,2,-108,0.0
2026-06-27T16:45:57.480Z,34.7,-63,2,-117,0.0
2026-06-27T16:45:57.481Z,33.5,-63,2,-126,0.0
2026-06-27T16:45:57.482Z,33.5,-63,2,-135,0.0
2026-06-27T16:45:57.484Z,35.5,-63,2,-145,0.0
2026-06-27T16:45:57.486Z,33.5,-63,2,-152,0.0
2026-06-27T16:45:57.487Z,34.7,-63,2,-161,0.0
2026-06-27T16:45:57.488Z,33.5,-63,3,-170,0.0
2026-06-27T16:45:57.490Z,34.7,-63,2,-178,0.0
2026-06-27T16:45:57.491Z,33.5,-63,3,-187,0.0
2026-06-27T16:45:57.492Z,34.7,-63,2,-196,0.0
2026-06-27T16:45:57.523Z,34.7,-63,3,-176,0.0
2026-06-27T16:45:57.525Z,34.7,-63,5,-185,0.0
2026-06-27T16:45:57.526Z,34.7,-63,2,-193,0.0
2026-06-27T16:45:57.527Z,36.0,-63,2,-202,0.0
2026-06-27T16:45:57.528Z,34.7,-63,2,-211,0.0
2026-06-27T16:45:57.529Z,34.7,-63,2,-220,0.0
2026-06-27T16:45:57.655Z,36.0,-63,2,-108,0.0
2026-06-27T16:45:57.666Z,34.7,-63,3,-105,0.0
2026-06-27T16:45:57.670Z,36.0,-64,2,-111,0.0
2026-06-27T16:45:57.673Z,33.5,-64,2,-118,0.0
2026-06-27T16:45:57.675Z,35.5,-64,2,-125,0.0
2026-06-27T16:45:57.677Z,35.5,-64,2,-133,0.0
2026-06-27T16:45:57.679Z,34.7,-64,2,-142,0.0
2026-06-27T16:45:57.681Z,33.5,-64,2,-150,0.0
2026-06-27T16:45:57.682Z,34.7,-64,2,-158,0.0
2026-06-27T16:45:57.683Z,34.7,-64,3,-167,0.0
2026-06-27T16:45:57.684Z,34.7,-64,3,-176,0.0
2026-06-27T16:45:57.685Z,33.5,-64,3,-185,0.0
2026-06-27T16:45:57.686Z,35.5,-64,2,-194,0.0
2026-06-27T16:45:57.749Z,35.5,-64,5,-143,0.0
2026-06-27T16:45:57.750Z,35.5,-64,2,-151,0.0
2026-06-27T16:45:57.752Z,35.5,-64,2,-159,0.0
2026-06-27T16:45:57.754Z,35.5,-64,2,-167,0.0
2026-06-27T16:45:57.755Z,35.5,-64,2,-176,0.0
2026-06-27T16:45:57.756Z,35.5,-64,2,-185,0.0
2026-06-27T16:45:57.757Z,35.5,-64,2,-195,0.0
2026-06-27T16:45:57.759Z,35.5,-64,2,-203,0.0
2026-06-27T16:45:57.761Z,35.5,-64,3,-210,0.0
2026-06-27T16:45:57.848Z,35.5,-64,5,-134,0.0
2026-06-27T16:45:57.851Z,35.5,-63,3,-141,0.0
2026-06-27T16:45:57.852Z,35.5,-63,2,-149,0.0
2026-06-27T16:45:57.854Z,35.5,-63,2,-157,0.0
2026-06-27T16:45:57.855Z,35.5,-63,2,-166,0.0
2026-06-27T16:45:57.857Z,35.5,-63,2,-174,0.0
2026-06-27T16:45:57.858Z,33.5,-63,3,-184,0.0
2026-06-27T16:45:57.859Z,34.7,-63,2,-193,0.0
2026-06-27T16:45:57.860Z,34.7,-63,3,-202,0.0
2026-06-27T16:45:57.861Z,35.5,-63,3,-211,0.0
2026-06-27T16:45:57.952Z,34.7,-63,3,-131,0.0
2026-06-27T16:45:57.954Z,35.5,-64,3,-138,0.0
2026-06-27T16:45:57.956Z,35.5,-64,2,-146,0.0
2026-06-27T16:45:57.957Z,35.5,-64,2,-155,0.0
2026-06-27T16:45:57.958Z,35.5,-64,2,-164,0.0
2026-06-27T16:45:57.959Z,35.5,-64,2,-173,0.0
2026-06-27T16:45:57.960Z,35.5,-64,3,-182,0.0
2026-06-27T16:45:57.961Z,34.7,-64,2,-191,0.0
2026-06-27T16:45:57.963Z,34.7,-64,3,-200,0.0
2026-06-27T16:45:57.964Z,35.5,-64,3,-208,0.0
2026-06-27T16:45:58.009Z,35.5,-64,2,-177,0.0
2026-06-27T16:45:58.017Z,35.5,-64,5,-180,0.0
2026-06-27T16:45:58.021Z,35.5,-64,2,-184,0.0
2026-06-27T16:45:58.025Z,35.5,-64,2,-191,0.0
2026-06-27T16:45:58.027Z,35.5,-64,2,-197,0.0
2026-06-27T16:45:58.029Z,35.5,-64,2,-205,0.0
2026-06-27T16:45:58.140Z,35.5,-64,6,-107,0.0
2026-06-27T16:45:58.142Z,35.5,-64,2,-112,0.0
2026-06-27T16:45:58.144Z,35.5,-64,2,-120,0.0
2026-06-27T16:45:58.146Z,35.5,-64,2,-128,0.0
2026-06-27T16:45:58.147Z,35.5,-64,2,-137,0.0
2026-06-27T16:45:58.148Z,35.5,-65,2,-146,0.0
2026-06-27T16:45:58.150Z,35.5,-65,2,-155,0.0
2026-06-27T16:45:58.151Z,35.5,-65,2,-164,0.0
2026-06-27T16:45:58.152Z,35.5,-65,3,-173,0.0
2026-06-27T16:45:58.153Z,35.5,-65,3,-182,0.0
2026-06-27T16:45:58.154Z,35.5,-65,3,-191,0.0
2026-06-27T16:45:58.155Z,34.7,-65,3,-200,0.0
2026-06-27T16:45:58.194Z,33.5,-65,3,-171,0.0
2026-06-27T16:45:58.196Z,35.5,-65,6,-181,0.0
2026-06-27T16:45:58.197Z,34.7,-65,2,-189,0.0
2026-06-27T16:45:58.199Z,35.5,-67,2,-197,0.0
2026-06-27T16:45:58.200Z,35.5,-67,2,-206,0.0
2026-06-27T16:45:58.201Z,35.5,-67,2,-215,0.0
2026-06-27T16:45:58.320Z,35.5,-67,2,-108,0.0
2026-06-27T16:45:58.322Z,34.7,-67,3,-114,0.0
2026-06-27T16:45:58.325Z,35.5,-67,2,-122,0.0
2026-06-27T16:45:58.326Z,35.5,-67,2,-130,0.0
2026-06-27T16:45:58.328Z,34.7,-67,2,-139,0.0
2026-06-27T16:45:58.329Z,35.5,-67,2,-147,0.0
2026-06-27T16:45:58.330Z,35.5,-67,3,-157,0.0
2026-06-27T16:45:58.331Z,35.5,-67,2,-166,0.0
2026-06-27T16:45:58.332Z,35.5,-67,3,-175,0.0
2026-06-27T16:45:58.333Z,34.7,-67,3,-184,0.0
2026-06-27T16:45:58.334Z,35.5,-67,3,-193,0.0
2026-06-27T16:45:58.335Z,35.5,-67,3,-202,0.0
2026-06-27T16:45:58.337Z,35.5,-67,3,-210,0.0
2026-06-27T16:45:58.442Z,35.5,-67,5,-117,0.0
2026-06-27T16:45:58.443Z,35.5,-67,3,-124,0.0
2026-06-27T16:45:58.445Z,35.5,-67,2,-132,0.0
2026-06-27T16:45:58.446Z,35.5,-67,2,-142,0.0
2026-06-27T16:45:58.447Z,35.5,-68,2,-150,0.0
2026-06-27T16:45:58.448Z,35.5,-68,2,-159,0.0
2026-06-27T16:45:58.450Z,35.5,-68,2,-168,0.0
2026-06-27T16:45:58.451Z,35.5,-68,2,-177,0.0
2026-06-27T16:45:58.452Z,35.5,-68,3,-186,0.0
2026-06-27T16:45:58.453Z,35.5,-68,3,-195,0.0
2026-06-27T16:45:58.454Z,35.5,-68,3,-204,0.0
2026-06-27T16:45:58.455Z,34.7,-68,3,-213,0.0
2026-06-27T16:45:58.565Z,35.5,-68,3,-114,0.0
2026-06-27T16:45:58.567Z,35.5,-68,2,-121,0.0
2026-06-27T16:45:58.569Z,35.5,-68,3,-130,0.0
2026-06-27T16:45:58.570Z,35.5,-67,2,-138,0.0
2026-06-27T16:45:58.571Z,35.5,-67,2,-147,0.0
2026-06-27T16:45:58.573Z,35.5,-67,2,-156,0.0
2026-06-27T16:45:58.575Z,35.5,-67,2,-164,0.0
2026-06-27T16:45:58.576Z,35.5,-67,2,-173,0.0
2026-06-27T16:45:58.578Z,35.5,-67,3,-181,0.0
2026-06-27T16:45:58.579Z,35.5,-67,3,-190,0.0
2026-06-27T16:45:58.580Z,35.5,-67,3,-199,0.0
2026-06-27T16:45:58.581Z,35.5,-67,3,-207,0.0
2026-06-27T16:45:58.675Z,35.5,-67,2,-128,0.0
2026-06-27T16:45:58.679Z,35.5,-62,2,-131,0.0
2026-06-27T16:45:58.681Z,35.5,-62,2,-139,0.0
2026-06-27T16:45:58.682Z,35.5,-62,2,-147,0.0
2026-06-27T16:45:58.685Z,35.5,-62,2,-155,0.0
2026-06-27T16:45:58.686Z,35.5,-62,2,-163,0.0
2026-06-27T16:45:58.687Z,35.5,-62,3,-173,0.0
2026-06-27T16:45:58.688Z,35.5,-62,2,-182,0.0
2026-06-27T16:45:58.690Z,35.5,-62,3,-190,0.0
2026-06-27T16:45:58.691Z,35.5,-62,3,-199,0.0
2026-06-27T16:45:58.778Z,35.5,-62,3,-124,0.0
2026-06-27T16:45:58.784Z,35.5,-64,5,-129,0.0
2026-06-27T16:45:58.789Z,35.5,-64,3,-132,0.0
2026-06-27T16:45:58.791Z,35.5,-64,2,-139,0.0
2026-06-27T16:45:58.793Z,35.5,-64,2,-147,0.0
2026-06-27T16:45:58.795Z,35.5,-64,2,-155,0.0
2026-06-27T16:45:58.796Z,35.5,-64,2,-164,0.0
2026-06-27T16:45:58.798Z,35.5,-64,2,-174,0.0
2026-06-27T16:45:58.799Z,35.5,-64,2,-182,0.0
2026-06-27T16:45:58.800Z,35.5,-64,3,-191,0.0
2026-06-27T16:45:58.824Z,35.5,-64,3,-176,0.0
2026-06-27T16:45:58.827Z,35.5,-64,6,-187,0.0
2026-06-27T16:45:58.828Z,35.5,-64,2,-194,0.0
2026-06-27T16:45:58.829Z,35.5,-64,2,-203,0.0
2026-06-27T16:45:58.831Z,35.5,-64,2,-211,0.0
2026-06-27T16:45:58.832Z,35.5,-64,2,-220,0.0
2026-06-27T16:45:58.962Z,35.5,-64,2,-101,0.0
2026-06-27T16:45:58.964Z,35.5,-64,3,-109,0.0
2026-06-27T16:45:58.967Z,34.7,-64,2,-116,0.0
2026-06-27T16:45:58.968Z,35.5,-64,2,-124,0.0
2026-06-27T16:45:58.969Z,35.5,-64,2,-133,0.0
2026-06-27T16:45:58.970Z,34.7,-70,2,-142,0.0
2026-06-27T16:45:58.971Z,35.5,-70,2,-152,0.0
2026-06-27T16:45:58.973Z,34.7,-70,2,-160,0.0
2026-06-27T16:45:58.974Z,35.5,-70,3,-169,0.0
2026-06-27T16:45:58.975Z,34.7,-70,3,-178,0.0
2026-06-27T16:45:58.976Z,35.5,-70,3,-187,0.0
2026-06-27T16:45:58.977Z,34.7,-70,3,-196,0.0
2026-06-27T16:45:58.978Z,35.5,-70,3,-205,0.0
2026-06-27T16:45:59.087Z,35.5,-70,5,-107,0.0
2026-06-27T16:45:59.089Z,35.5,-70,3,-114,0.0
2026-06-27T16:45:59.091Z,35.5,-62,3,-123,0.0
2026-06-27T16:45:59.092Z,35.5,-62,2,-131,0.0
2026-06-27T16:45:59.093Z,36.0,-62,2,-140,0.0
2026-06-27T16:45:59.096Z,35.5,-62,2,-147,0.0
2026-06-27T16:45:59.098Z,34.7,-62,2,-156,0.0
2026-06-27T16:45:59.099Z,36.0,-62,2,-165,0.0
2026-06-27T16:45:59.100Z,34.7,-62,2,-174,0.0
2026-06-27T16:45:59.101Z,35.5,-62,3,-183,0.0
2026-06-27T16:45:59.102Z,35.5,-62,3,-192,0.0
2026-06-27T16:45:59.103Z,34.7,-62,3,-201,0.0
2026-06-27T16:45:59.134Z,35.5,-62,3,-181,0.0
2026-06-27T16:45:59.136Z,35.5,-62,9,-194,0.0
2026-06-27T16:45:59.138Z,35.5,-62,2,-203,0.0
2026-06-27T16:45:59.139Z,35.5,-62,2,-211,0.0
2026-06-27T16:45:59.140Z,35.5,-62,2,-220,0.0
2026-06-27T16:45:59.264Z,35.5,-62,2,-107,0.0
2026-06-27T16:45:59.267Z,34.7,-62,3,-114,0.0
2026-06-27T16:45:59.269Z,35.5,-62,2,-122,0.0
2026-06-27T16:45:59.271Z,35.5,-62,2,-129,0.0
2026-06-27T16:45:59.272Z,35.5,-62,2,-138,0.0
2026-06-27T16:45:59.273Z,34.7,-62,2,-148,0.0
2026-06-27T16:45:59.275Z,34.7,-62,3,-156,0.0
2026-06-27T16:45:59.276Z,34.8,-62,2,-165,0.0
2026-06-27T16:45:59.277Z,35.5,-62,3,-174,0.0
2026-06-27T16:45:59.278Z,35.5,-62,3,-183,0.0
2026-06-27T16:45:59.279Z,35.5,-62,3,-192,0.0
2026-06-27T16:45:59.280Z,35.5,-62,3,-201,0.0
2026-06-27T16:45:59.281Z,34.7,-62,3,-210,0.0
2026-06-27T16:45:59.397Z,35.5,-62,5,-108,0.0
2026-06-27T16:45:59.402Z,34.7,-62,2,-112,0.0
2026-06-27T16:45:59.404Z,35.5,-62,2,-118,0.0
2026-06-27T16:45:59.407Z,35.5,-62,2,-125,0.0
2026-06-27T16:45:59.410Z,34.7,-62,2,-132,0.0
2026-06-27T16:45:59.412Z,35.5,-62,2,-140,0.0
2026-06-27T16:45:59.414Z,33.5,-62,2,-149,0.0
2026-06-27T16:45:59.418Z,36.0,-62,2,-155,0.0
2026-06-27T16:45:59.419Z,34.7,-62,3,-163,0.0
2026-06-27T16:45:59.421Z,34.7,-62,3,-172,0.0
2026-06-27T16:45:59.422Z,34.7,-62,3,-180,0.0
2026-06-27T16:45:59.424Z,35.5,-62,3,-190,0.0
2026-06-27T16:45:59.519Z,34.7,-65,6,-108,0.0
2026-06-27T16:45:59.520Z,35.5,-65,3,-115,0.0
2026-06-27T16:45:59.523Z,35.5,-65,2,-123,0.0
2026-06-27T16:45:59.524Z,35.5,-65,2,-131,0.0
2026-06-27T16:45:59.525Z,34.7,-65,2,-140,0.0
2026-06-27T16:45:59.526Z,35.5,-65,2,-149,0.0
2026-06-27T16:45:59.527Z,35.5,-65,2,-159,0.0
2026-06-27T16:45:59.530Z,33.5,-65,2,-166,0.0
2026-06-27T16:45:59.531Z,35.5,-65,2,-175,0.0
2026-06-27T16:45:59.532Z,35.5,-65,3,-184,0.0
2026-06-27T16:45:59.534Z,34.7,-65,3,-192,0.0
2026-06-27T16:45:59.535Z,35.5,-65,3,-201,0.0
2026-06-27T16:45:59.579Z,34.7,-65,3,-167,0.0
2026-06-27T16:45:59.582Z,35.5,-65,8,-179,0.0
2026-06-27T16:45:59.584Z,35.5,-65,2,-185,0.0
2026-06-27T16:45:59.585Z,35.5,-65,2,-194,0.0
2026-06-27T16:45:59.586Z,35.5,-65,2,-203,0.0
2026-06-27T16:45:59.587Z,35.5,-65,2,-212,0.0
2026-06-27T16:45:59.704Z,34.7,-65,2,-105,0.0
2026-06-27T16:45:59.707Z,35.5,-65,3,-112,0.0
2026-06-27T16:45:59.708Z,35.5,-61,2,-121,0.0
2026-06-27T16:45:59.710Z,35.5,-61,2,-130,0.0
2026-06-27T16:45:59.711Z,35.5,-61,2,-138,0.0
2026-06-27T16:45:59.712Z,35.5,-61,2,-147,0.0
2026-06-27T16:45:59.713Z,35.5,-61,4,-157,0.0
2026-06-27T16:45:59.714Z,35.5,-61,2,-166,0.0
2026-06-27T16:45:59.715Z,35.5,-61,2,-175,0.0
2026-06-27T16:45:59.716Z,35.5,-61,3,-183,0.0
2026-06-27T16:45:59.718Z,35.5,-61,3,-192,0.0
2026-06-27T16:45:59.719Z,35.5,-61,3,-201,0.0
2026-06-27T16:45:59.720Z,35.5,-61,3,-210,0.0
2026-06-27T16:45:59.758Z,35.5,-61,6,-184,0.0
2026-06-27T16:45:59.759Z,35.5,-61,2,-192,0.0
2026-06-27T16:45:59.761Z,35.5,-61,2,-200,0.0
2026-06-27T16:45:59.763Z,35.5,-61,2,-208,0.0
2026-06-27T16:45:59.764Z,35.5,-61,2,-217,0.0
2026-06-27T16:45:59.883Z,35.5,-61,2,-110,0.0
2026-06-27T16:45:59.885Z,35.5,-61,3,-116,0.0
2026-06-27T16:45:59.887Z,35.5,-61,2,-124,0.0
2026-06-27T16:45:59.888Z,35.5,-61,2,-134,0.0
2026-06-27T16:45:59.890Z,35.5,-63,2,-142,0.0
2026-06-27T16:45:59.891Z,35.5,-63,2,-150,0.0
2026-06-27T16:45:59.892Z,35.5,-63,3,-160,0.0
2026-06-27T16:45:59.893Z,35.5,-63,2,-169,0.0
2026-06-27T16:45:59.894Z,35.5,-63,3,-178,0.0
2026-06-27T16:45:59.895Z,35.5,-63,3,-187,0.0
2026-06-27T16:45:59.896Z,35.5,-63,3,-196,0.0
2026-06-27T16:45:59.897Z,35.5,-63,3,-205,0.0
2026-06-27T16:45:59.899Z,34.7,-63,3,-213,0.0
2026-06-27T16:46:00.005Z,36.0,-63,5,-122,0.0
2026-06-27T16:46:00.013Z,36.0,-62,2,-122,0.0
2026-06-27T16:46:00.016Z,35.5,-62,2,-129,0.0
2026-06-27T16:46:00.019Z,35.5,-62,2,-135,0.0
2026-06-27T16:46:00.021Z,35.5,-62,2,-143,0.0
2026-06-27T16:46:00.023Z,35.5,-62,2,-151,0.0
2026-06-27T16:46:00.025Z,35.5,-62,2,-160,0.0
2026-06-27T16:46:00.026Z,34.8,-62,2,-168,0.0
2026-06-27T16:46:00.028Z,35.5,-62,3,-177,0.0
2026-06-27T16:46:00.029Z,35.5,-62,3,-185,0.0
2026-06-27T16:46:00.031Z,36.0,-62,3,-193,0.0
2026-06-27T16:46:00.060Z,36.0,-62,5,-176,0.0
2026-06-27T16:46:00.062Z,34.7,-60,2,-181,0.0
2026-06-27T16:46:00.063Z,35.5,-60,2,-190,0.0
2026-06-27T16:46:00.065Z,36.0,-60,2,-198,0.0
2026-06-27T16:46:00.066Z,35.5,-60,2,-207,0.0
2026-06-27T16:46:00.067Z,35.5,-60,2,-216,0.0
2026-06-27T16:46:00.189Z,35.5,-60,4,-108,0.0
2026-06-27T16:46:00.190Z,34.8,-60,3,-116,0.0
2026-06-27T16:46:00.193Z,34.7,-60,2,-123,0.0
2026-06-27T16:46:00.194Z,34.7,-60,2,-132,0.0
2026-06-27T16:46:00.195Z,34.7,-60,4,-141,0.0
2026-06-27T16:46:00.197Z,34.7,-73,2,-149,0.0
2026-06-27T16:46:00.198Z,34.7,-73,2,-159,0.0
2026-06-27T16:46:00.200Z,34.7,-73,2,-167,0.0
2026-06-27T16:46:00.201Z,34.7,-73,3,-176,0.0
2026-06-27T16:46:00.202Z,34.7,-73,3,-185,0.0
2026-06-27T16:46:00.203Z,33.5,-73,3,-194,0.0
2026-06-27T16:46:00.204Z,34.7,-73,2,-203,0.0
2026-06-27T16:46:00.248Z,34.7,-73,3,-173,0.0
2026-06-27T16:46:00.255Z,34.7,-73,6,-179,0.0
2026-06-27T16:46:00.262Z,36.0,-54,2,-180,0.0
2026-06-27T16:46:00.264Z,34.8,-54,2,-186,0.0
2026-06-27T16:46:00.267Z,34.7,-54,2,-194,0.0
2026-06-27T16:46:00.268Z,34.7,-54,2,-201,0.0
2026-06-27T16:46:00.374Z,34.7,-54,6,-113,0.0
2026-06-27T16:46:00.377Z,34.8,-54,2,-115,0.0
2026-06-27T16:46:00.381Z,35.5,-54,2,-121,0.0
2026-06-27T16:46:00.386Z,35.5,-54,2,-126,0.0
2026-06-27T16:46:00.388Z,35.5,-54,2,-133,0.0
2026-06-27T16:46:00.390Z,36.0,-54,2,-143,0.0
2026-06-27T16:46:00.392Z,33.5,-54,2,-150,0.0
2026-06-27T16:46:00.393Z,34.7,-54,2,-158,0.0
2026-06-27T16:46:00.394Z,34.7,-54,3,-167,0.0
2026-06-27T16:46:00.395Z,33.5,-54,3,-176,0.0
2026-06-27T16:46:00.396Z,35.5,-54,3,-185,0.0
2026-06-27T16:46:00.397Z,35.5,-54,3,-194,0.0
2026-06-27T16:46:00.500Z,35.5,-54,3,-106,0.0
2026-06-27T16:46:00.508Z,35.5,-54,2,-105,0.0
2026-06-27T16:46:00.512Z,35.5,-54,2,-111,0.0
2026-06-27T16:46:00.515Z,35.5,-54,2,-118,0.0
2026-06-27T16:46:00.518Z,36.0,-54,2,-125,0.0
2026-06-27T16:46:00.519Z,34.7,-63,2,-132,0.0
2026-06-27T16:46:00.521Z,34.7,-63,2,-141,0.0
2026-06-27T16:46:00.522Z,35.5,-63,2,-150,0.0
2026-06-27T16:46:00.524Z,36.0,-63,3,-158,0.0
2026-06-27T16:46:00.525Z,35.5,-63,3,-167,0.0
2026-06-27T16:46:00.526Z,36.0,-63,3,-176,0.0
2026-06-27T16:46:00.527Z,36.0,-63,3,-185,0.0
2026-06-27T16:46:00.552Z,34.7,-63,3,-170,0.0
2026-06-27T16:46:00.553Z,36.0,-63,9,-183,0.0
2026-06-27T16:46:00.555Z,34.7,-63,4,-191,0.0
2026-06-27T16:46:00.556Z,34.7,-57,2,-199,0.0
2026-06-27T16:46:00.557Z,34.7,-57,2,-208,0.0
2026-06-27T16:46:00.558Z,34.8,-57,2,-217,0.0
2026-06-27T16:46:00.684Z,34.7,-57,2,-105,0.0
2026-06-27T16:46:00.694Z,36.0,-57,3,-105,0.0
2026-06-27T16:46:00.697Z,36.0,-57,2,-110,0.0
2026-06-27T16:46:00.700Z,34.7,-57,2,-117,0.0
2026-06-27T16:46:00.703Z,34.7,-57,2,-123,0.0
2026-06-27T16:46:00.705Z,36.0,-57,2,-131,0.0
2026-06-27T16:46:00.707Z,34.7,-57,3,-140,0.0
2026-06-27T16:46:00.709Z,34.7,-57,2,-148,0.0
2026-06-27T16:46:00.711Z,34.7,-57,3,-156,0.0
2026-06-27T16:46:00.712Z,36.0,-57,3,-164,0.0
2026-06-27T16:46:00.713Z,34.7,-57,2,-173,0.0
2026-06-27T16:46:00.714Z,34.7,-57,3,-182,0.0
2026-06-27T16:46:00.715Z,35.5,-57,3,-191,0.0
2026-06-27T16:46:00.825Z,34.7,-57,6,-98,0.0
2026-06-27T16:46:00.833Z,34.7,-57,2,-98,0.0
2026-06-27T16:46:00.835Z,34.7,-57,2,-104,0.0
2026-06-27T16:46:00.837Z,34.7,-57,2,-111,0.0
2026-06-27T16:46:00.839Z,34.7,-58,2,-119,0.0
2026-06-27T16:46:00.841Z,34.7,-58,2,-127,0.0
2026-06-27T16:46:00.843Z,36.0,-58,2,-136,0.0
2026-06-27T16:46:00.844Z,34.7,-58,2,-145,0.0
2026-06-27T16:46:00.845Z,35.5,-58,3,-154,0.0
2026-06-27T16:46:00.846Z,34.7,-58,3,-163,0.0
2026-06-27T16:46:00.847Z,34.7,-58,3,-172,0.0
2026-06-27T16:46:00.848Z,34.7,-58,3,-181,0.0
2026-06-27T16:46:00.876Z,36.0,-58,3,-167,0.0
2026-06-27T16:46:00.883Z,34.7,-58,15,-180,0.0
2026-06-27T16:46:00.886Z,34.7,-59,2,-186,0.0
2026-06-27T16:46:00.889Z,36.0,-59,2,-194,0.0
2026-06-27T16:46:00.892Z,36.0,-59,2,-201,0.0
2026-06-27T16:46:00.893Z,35.5,-59,2,-208,0.0
2026-06-27T16:46:01.005Z,36.0,-59,5,-108,0.0
2026-06-27T16:46:01.007Z,34.8,-59,3,-116,0.0
2026-06-27T16:46:01.009Z,36.0,-59,2,-123,0.0
2026-06-27T16:46:01.011Z,36.0,-59,2,-132,0.0
2026-06-27T16:46:01.012Z,34.8,-59,2,-140,0.0
2026-06-27T16:46:01.013Z,36.0,-58,2,-149,0.0
2026-06-27T16:46:01.015Z,34.7,-58,2,-159,0.0
2026-06-27T16:46:01.016Z,36.0,-58,2,-167,0.0
2026-06-27T16:46:01.017Z,34.8,-58,3,-176,0.0
2026-06-27T16:46:01.018Z,34.7,-58,3,-185,0.0
2026-06-27T16:46:01.019Z,36.0,-58,3,-194,0.0
2026-06-27T16:46:01.021Z,34.7,-58,3,-202,0.0
2026-06-27T16:46:01.077Z,34.7,-58,3,-156,0.0
2026-06-27T16:46:01.079Z,34.8,-58,6,-165,0.0
2026-06-27T16:46:01.081Z,35.5,-58,3,-173,0.0
2026-06-27T16:46:01.082Z,35.5,-61,2,-181,0.0
2026-06-27T16:46:01.083Z,35.5,-61,2,-190,0.0
2026-06-27T16:46:01.084Z,34.8,-61,2,-199,0.0
2026-06-27T16:46:01.187Z,36.0,-61,2,-107,0.0
2026-06-27T16:46:01.190Z,36.0,-61,3,-114,0.0
2026-06-27T16:46:01.191Z,36.0,-61,2,-122,0.0
2026-06-27T16:46:01.192Z,34.8,-61,2,-131,0.0
2026-06-27T16:46:01.193Z,36.0,-61,2,-140,0.0
2026-06-27T16:46:01.196Z,36.0,-61,2,-147,0.0
2026-06-27T16:46:01.197Z,36.0,-61,2,-158,0.0
2026-06-27T16:46:01.198Z,34.8,-56,3,-166,0.0
2026-06-27T16:46:01.200Z,34.7,-56,3,-174,0.0
2026-06-27T16:46:01.201Z,34.7,-56,3,-183,0.0
2026-06-27T16:46:01.202Z,34.7,-56,3,-192,0.0
2026-06-27T16:46:01.203Z,34.7,-56,3,-201,0.0
2026-06-27T16:46:01.204Z,36.0,-56,3,-210,0.0
2026-06-27T16:46:01.312Z,34.7,-56,6,-114,0.0
2026-06-27T16:46:01.313Z,34.7,-56,3,-122,0.0
2026-06-27T16:46:01.315Z,34.7,-56,2,-131,0.0
2026-06-27T16:46:01.317Z,34.7,-56,2,-138,0.0
2026-06-27T16:46:01.319Z,34.7,-57,2,-147,0.0
2026-06-27T16:46:01.320Z,34.7,-57,2,-155,0.0
2026-06-27T16:46:01.321Z,34.7,-57,2,-165,0.0
2026-06-27T16:46:01.322Z,34.7,-57,2,-174,0.0
2026-06-27T16:46:01.323Z,34.7,-57,3,-183,0.0
2026-06-27T16:46:01.324Z,34.7,-57,3,-192,0.0
2026-06-27T16:46:01.325Z,34.7,-57,3,-201,0.0
2026-06-27T16:46:01.326Z,34.7,-57,3,-210,0.0
2026-06-27T16:46:01.437Z,34.7,-57,3,-110,0.0
2026-06-27T16:46:01.439Z,34.7,-57,2,-118,0.0
2026-06-27T16:46:01.441Z,35.5,-57,3,-125,0.0
2026-06-27T16:46:01.442Z,34.7,-58,2,-134,0.0
2026-06-27T16:46:01.444Z,36.0,-58,2,-142,0.0
2026-06-27T16:46:01.445Z,34.8,-58,2,-152,0.0
2026-06-27T16:46:01.446Z,34.7,-58,3,-161,0.0
2026-06-27T16:46:01.447Z,34.8,-58,2,-170,0.0
2026-06-27T16:46:01.449Z,34.7,-58,3,-178,0.0
2026-06-27T16:46:01.450Z,34.7,-58,3,-187,0.0
2026-06-27T16:46:01.451Z,34.7,-58,3,-196,0.0
2026-06-27T16:46:01.452Z,36.0,-58,3,-204,0.0
2026-06-27T16:46:01.541Z,36.4,-58,5,-127,0.0
2026-06-27T16:46:01.543Z,34.7,-58,3,-134,0.0
2026-06-27T16:46:01.544Z,34.7,-58,2,-143,0.0
2026-06-27T16:46:01.546Z,34.7,-58,2,-151,0.0
2026-06-27T16:46:01.547Z,34.7,-58,2,-160,0.0
2026-06-27T16:46:01.548Z,34.7,-58,2,-169,0.0
2026-06-27T16:46:01.550Z,33.5,-58,2,-178,0.0
2026-06-27T16:46:01.551Z,33.5,-58,2,-187,0.0
2026-06-27T16:46:01.552Z,34.7,-58,2,-196,0.0
2026-06-27T16:46:01.553Z,33.5,-58,3,-205,0.0
2026-06-27T16:46:01.639Z,34.7,-58,2,-129,0.0
2026-06-27T16:46:01.644Z,34.7,-58,5,-135,0.0
2026-06-27T16:46:01.645Z,34.7,-58,2,-142,0.0
2026-06-27T16:46:01.647Z,36.0,-58,2,-150,0.0
2026-06-27T16:46:01.648Z,34.7,-58,2,-159,0.0
2026-06-27T16:46:01.650Z,34.7,-58,2,-168,0.0
2026-06-27T16:46:01.651Z,34.7,-58,2,-177,0.0
2026-06-27T16:46:01.652Z,34.7,-58,3,-186,0.0
2026-06-27T16:46:01.653Z,34.7,-58,3,-195,0.0
2026-06-27T16:46:01.654Z,34.7,-58,3,-204,0.0
2026-06-27T16:46:01.655Z,34.7,-58,3,-212,0.0
2026-06-27T16:46:01.769Z,34.7,-55,6,-111,0.0
2026-06-27T16:46:01.770Z,34.7,-55,2,-119,0.0
2026-06-27T16:46:01.772Z,36.0,-55,2,-128,0.0
2026-06-27T16:46:01.774Z,34.7,-55,2,-135,0.0
2026-06-27T16:46:01.775Z,34.7,-55,2,-144,0.0
2026-06-27T16:46:01.777Z,34.7,-55,2,-154,0.0
2026-06-27T16:46:01.778Z,34.7,-55,3,-162,0.0
2026-06-27T16:46:01.780Z,34.7,-55,3,-170,0.0
2026-06-27T16:46:01.781Z,34.7,-55,3,-179,0.0
2026-06-27T16:46:01.783Z,34.7,-55,3,-187,0.0
2026-06-27T16:46:01.784Z,34.7,-55,3,-196,0.0
2026-06-27T16:46:01.785Z,33.5,-55,3,-205,0.0
2026-06-27T16:46:01.821Z,35.5,-55,2,-180,0.0
2026-06-27T16:46:01.825Z,33.5,-55,2,-186,0.0
2026-06-27T16:46:01.826Z,33.5,-55,2,-194,0.0
2026-06-27T16:46:01.827Z,34.8,-55,2,-203,0.0
2026-06-27T16:46:01.828Z,33.5,-55,2,-212,0.0
2026-06-27T16:46:01.943Z,33.5,-55,2,-108,0.0
2026-06-27T16:46:01.945Z,33.5,-55,5,-116,0.0
2026-06-27T16:46:01.947Z,33.5,-55,2,-123,0.0
2026-06-27T16:46:01.948Z,34.7,-55,2,-132,0.0
2026-06-27T16:46:01.949Z,34.7,-55,2,-141,0.0
2026-06-27T16:46:01.950Z,34.7,-55,2,-150,0.0
2026-06-27T16:46:01.952Z,34.7,-55,2,-158,0.0
2026-06-27T16:46:01.953Z,33.5,-55,2,-168,0.0
2026-06-27T16:46:01.954Z,34.7,-55,2,-177,0.0
2026-06-27T16:46:01.955Z,35.5,-55,3,-186,0.0
2026-06-27T16:46:01.956Z,35.5,-55,3,-195,0.0
2026-06-27T16:46:01.957Z,33.5,-55,3,-204,0.0
2026-06-27T16:46:01.958Z,33.5,-55,3,-213,0.0
2026-06-27T16:46:02.050Z,35.5,-55,5,-132,0.0
2026-06-27T16:46:02.052Z,34.7,-55,2,-139,0.0
2026-06-27T16:46:02.054Z,35.5,-55,2,-147,0.0
2026-06-27T16:46:02.055Z,35.5,-55,2,-156,0.0
2026-06-27T16:46:02.058Z,35.5,-55,2,-164,0.0
2026-06-27T16:46:02.059Z,34.8,-55,2,-172,0.0
2026-06-27T16:46:02.060Z,33.5,-55,2,-182,0.0
2026-06-27T16:46:02.061Z,34.8,-55,2,-191,0.0
2026-06-27T16:46:02.062Z,34.8,-55,3,-200,0.0
2026-06-27T16:46:02.063Z,35.5,-55,3,-208,0.0
2026-06-27T16:46:02.175Z,36.0,-55,5,-109,0.0
2026-06-27T16:46:02.177Z,36.0,-54,3,-116,0.0
2026-06-27T16:46:02.179Z,34.7,-54,2,-125,0.0
2026-06-27T16:46:02.180Z,34.7,-54,2,-133,0.0
2026-06-27T16:46:02.182Z,36.0,-54,2,-141,0.0
2026-06-27T16:46:02.183Z,34.7,-54,2,-150,0.0
2026-06-27T16:46:02.184Z,34.7,-54,3,-160,0.0
2026-06-27T16:46:02.185Z,34.7,-54,2,-169,0.0
2026-06-27T16:46:02.186Z,34.7,-54,3,-178,0.0
2026-06-27T16:46:02.187Z,34.7,-54,3,-187,0.0
2026-06-27T16:46:02.188Z,34.7,-54,3,-196,0.0
2026-06-27T16:46:02.189Z,34.8,-54,3,-205,0.0
2026-06-27T16:46:02.191Z,34.8,-54,3,-213,0.0
2026-06-27T16:46:02.224Z,34.7,-54,5,-191,0.0
2026-06-27T16:46:02.225Z,34.7,-54,3,-199,0.0
2026-06-27T16:46:02.228Z,34.7,-54,2,-206,0.0
2026-06-27T16:46:02.229Z,34.7,-54,2,-215,0.0
2026-06-27T16:46:02.230Z,34.7,-54,2,-224,0.0
2026-06-27T16:46:02.356Z,35.5,-54,5,-109,0.0
2026-06-27T16:46:02.357Z,33.5,-54,2,-117,0.0
2026-06-27T16:46:02.359Z,35.5,-54,2,-125,0.0
2026-06-27T16:46:02.360Z,34.7,-55,2,-134,0.0
2026-06-27T16:46:02.361Z,34.7,-55,2,-143,0.0
2026-06-27T16:46:02.362Z,34.7,-55,2,-152,0.0
2026-06-27T16:46:02.364Z,34.7,-55,2,-162,0.0
2026-06-27T16:46:02.365Z,34.7,-55,2,-170,0.0
2026-06-27T16:46:02.366Z,33.5,-55,3,-179,0.0
2026-06-27T16:46:02.368Z,34.8,-55,2,-187,0.0
2026-06-27T16:46:02.369Z,33.5,-55,3,-196,0.0
2026-06-27T16:46:02.370Z,33.5,-55,3,-205,0.0
2026-06-27T16:46:02.411Z,34.8,-55,3,-174,0.0
2026-06-27T16:46:02.413Z,34.7,-55,7,-184,0.0
2026-06-27T16:46:02.414Z,34.7,-55,2,-193,0.0
2026-06-27T16:46:02.417Z,34.7,-55,2,-201,0.0
2026-06-27T16:46:02.418Z,34.8,-55,2,-209,0.0
2026-06-27T16:46:02.419Z,34.8,-55,2,-218,0.0
2026-06-27T16:46:02.549Z,34.7,-55,2,-98,0.0
2026-06-27T16:46:02.551Z,34.7,-55,3,-106,0.0
2026-06-27T16:46:02.553Z,35.5,-55,2,-114,0.0
2026-06-27T16:46:02.555Z,34.7,-55,2,-123,0.0
2026-06-27T16:46:02.556Z,34.7,-55,2,-131,0.0
2026-06-27T16:46:02.557Z,35.5,-53,2,-140,0.0
2026-06-27T16:46:02.558Z,34.7,-53,2,-150,0.0
2026-06-27T16:46:02.559Z,34.8,-53,2,-159,0.0
2026-06-27T16:46:02.560Z,33.5,-53,3,-167,0.0
2026-06-27T16:46:02.562Z,34.7,-53,3,-176,0.0
2026-06-27T16:46:02.563Z,35.5,-53,3,-185,0.0
2026-06-27T16:46:02.564Z,34.7,-53,3,-194,0.0
2026-06-27T16:46:02.565Z,34.7,-53,3,-203,0.0
2026-06-27T16:46:02.674Z,34.7,-53,5,-105,0.0
2026-06-27T16:46:02.676Z,34.7,-53,3,-112,0.0
2026-06-27T16:46:02.677Z,34.8,-54,2,-121,0.0
2026-06-27T16:46:02.678Z,34.7,-54,2,-130,0.0
2026-06-27T16:46:02.679Z,34.8,-54,2,-139,0.0
2026-06-27T16:46:02.681Z,34.7,-54,2,-148,0.0
2026-06-27T16:46:02.682Z,34.8,-54,2,-156,0.0
2026-06-27T16:46:02.683Z,33.5,-54,3,-166,0.0
2026-06-27T16:46:02.684Z,34.8,-54,2,-175,0.0
2026-06-27T16:46:02.685Z,34.7,-54,3,-184,0.0
2026-06-27T16:46:02.686Z,34.7,-54,3,-193,0.0
2026-06-27T16:46:02.687Z,34.7,-54,3,-203,0.0
2026-06-27T16:46:02.799Z,34.7,-53,4,-107,0.0
2026-06-27T16:46:02.808Z,34.7,-53,2,-106,0.0
2026-06-27T16:46:02.810Z,34.7,-53,2,-113,0.0
2026-06-27T16:46:02.813Z,36.0,-53,2,-120,0.0
2026-06-27T16:46:02.815Z,34.7,-53,2,-128,0.0
2026-06-27T16:46:02.817Z,34.7,-53,2,-136,0.0
2026-06-27T16:46:02.819Z,34.7,-53,2,-145,0.0
2026-06-27T16:46:02.820Z,34.7,-53,2,-153,0.0
2026-06-27T16:46:02.821Z,34.7,-53,3,-162,0.0
2026-06-27T16:46:02.822Z,34.8,-53,3,-171,0.0
2026-06-27T16:46:02.823Z,34.8,-53,3,-180,0.0
2026-06-27T16:46:02.824Z,36.0,-53,3,-189,0.0
2026-06-27T16:46:02.846Z,34.7,-53,3,-177,0.0
2026-06-27T16:46:02.847Z,34.7,-53,9,-190,0.0
2026-06-27T16:46:02.850Z,34.7,-53,2,-196,0.0
2026-06-27T16:46:02.851Z,34.8,-53,2,-205,0.0
2026-06-27T16:46:02.852Z,34.8,-53,2,-214,0.0
2026-06-27T16:46:02.971Z,34.8,-53,2,-109,0.0
2026-06-27T16:46:02.983Z,34.8,-53,4,-107,0.0
2026-06-27T16:46:02.986Z,34.7,-53,2,-112,0.0
2026-06-27T16:46:02.989Z,34.7,-55,2,-119,0.0
2026-06-27T16:46:02.991Z,34.7,-55,2,-125,0.0
2026-06-27T16:46:02.992Z,34.7,-55,2,-134,0.0
2026-06-27T16:46:02.993Z,33.5,-55,4,-144,0.0
2026-06-27T16:46:02.994Z,34.8,-55,2,-153,0.0
2026-06-27T16:46:02.995Z,34.7,-55,3,-162,0.0
2026-06-27T16:46:02.996Z,34.7,-55,3,-171,0.0
2026-06-27T16:46:02.997Z,34.7,-55,3,-180,0.0
2026-06-27T16:46:02.999Z,34.8,-55,3,-188,0.0
2026-06-27T16:46:03.000Z,34.7,-55,3,-197,0.0
2026-06-27T16:46:03.078Z,34.8,-55,5,-134,0.0
2026-06-27T16:46:03.083Z,34.7,-55,2,-137,0.0
2026-06-27T16:46:03.086Z,34.8,-55,2,-144,0.0
2026-06-27T16:46:03.088Z,34.8,-55,2,-151,0.0
2026-06-27T16:46:03.090Z,34.8,-55,2,-158,0.0
2026-06-27T16:46:03.092Z,34.7,-55,2,-166,0.0
2026-06-27T16:46:03.094Z,34.7,-55,2,-175,0.0
2026-06-27T16:46:03.095Z,33.5,-55,2,-184,0.0
2026-06-27T16:46:03.096Z,34.8,-55,2,-193,0.0
2026-06-27T16:46:03.097Z,34.7,-55,3,-203,0.0
2026-06-27T16:46:03.129Z,34.7,-55,7,-186,0.0
2026-06-27T16:46:03.131Z,34.7,-55,2,-192,0.0
2026-06-27T16:46:03.134Z,34.7,-55,2,-198,0.0
2026-06-27T16:46:03.135Z,34.7,-55,2,-207,0.0
2026-06-27T16:46:03.136Z,34.7,-55,2,-216,0.0
2026-06-27T16:46:03.263Z,34.7,-55,6,-105,0.0
2026-06-27T16:46:03.266Z,34.7,-55,2,-109,0.0
2026-06-27T16:46:03.271Z,34.7,-55,2,-113,0.0
2026-06-27T16:46:03.274Z,34.7,-55,2,-120,0.0
2026-06-27T16:46:03.276Z,34.7,-55,2,-128,0.0
2026-06-27T16:46:03.280Z,34.7,-55,2,-134,0.0
2026-06-27T16:46:03.282Z,36.0,-55,2,-143,0.0
2026-06-27T16:46:03.283Z,34.8,-55,2,-151,0.0
2026-06-27T16:46:03.285Z,34.8,-55,3,-159,0.0
2026-06-27T16:46:03.286Z,34.8,-55,3,-168,0.0
2026-06-27T16:46:03.288Z,36.0,-55,3,-177,0.0
2026-06-27T16:46:03.289Z,34.8,-55,3,-185,0.0
2026-06-27T16:46:03.311Z,34.7,-55,3,-173,0.0
2026-06-27T16:46:03.312Z,34.8,-55,7,-185,0.0
2026-06-27T16:46:03.314Z,34.7,-55,2,-192,0.0
2026-06-27T16:46:03.317Z,34.8,-55,2,-199,0.0
2026-06-27T16:46:03.318Z,35.5,-55,2,-208,0.0
2026-06-27T16:46:03.320Z,34.8,-55,2,-216,0.0
2026-06-27T16:46:03.443Z,34.8,-55,2,-106,0.0
2026-06-27T16:46:03.453Z,34.8,-55,3,-106,0.0
2026-06-27T16:46:03.457Z,35.5,-55,2,-111,0.0
2026-06-27T16:46:03.460Z,34.8,-55,2,-118,0.0
2026-06-27T16:46:03.462Z,35.5,-55,2,-125,0.0
2026-06-27T16:46:03.464Z,34.8,-55,2,-134,0.0
2026-06-27T16:46:03.466Z,33.5,-55,2,-141,0.0
2026-06-27T16:46:03.468Z,33.5,-55,2,-150,0.0
2026-06-27T16:46:03.469Z,34.8,-55,2,-158,0.0
2026-06-27T16:46:03.470Z,33.5,-55,3,-167,0.0
2026-06-27T16:46:03.471Z,33.5,-55,2,-175,0.0
2026-06-27T16:46:03.473Z,34.8,-55,2,-184,0.0
2026-06-27T16:46:03.474Z,35.5,-55,3,-193,0.0
2026-06-27T16:46:03.566Z,34.8,-55,5,-113,0.0
2026-06-27T16:46:03.569Z,34.7,-55,2,-119,0.0
2026-06-27T16:46:03.570Z,34.7,-55,2,-127,0.0
2026-06-27T16:46:03.572Z,34.7,-55,2,-136,0.0
2026-06-27T16:46:03.573Z,34.7,-56,2,-144,0.0
2026-06-27T16:46:03.574Z,34.7,-56,2,-153,0.0
2026-06-27T16:46:03.575Z,33.5,-56,2,-163,0.0
2026-06-27T16:46:03.576Z,34.7,-56,2,-172,0.0
2026-06-27T16:46:03.578Z,33.5,-56,3,-180,0.0
2026-06-27T16:46:03.579Z,33.5,-56,3,-189,0.0
2026-06-27T16:46:03.580Z,34.7,-56,2,-198,0.0
2026-06-27T16:46:03.581Z,33.5,-56,3,-207,0.0
2026-06-27T16:46:03.686Z,33.5,-56,2,-113,0.0
2026-06-27T16:46:03.688Z,34.7,-56,2,-121,0.0
2026-06-27T16:46:03.689Z,34.7,-56,4,-129,0.0
2026-06-27T16:46:03.692Z,34.8,-56,2,-137,0.0
2026-06-27T16:46:03.693Z,33.5,-56,2,-145,0.0
2026-06-27T16:46:03.694Z,36.0,-56,2,-155,0.0
2026-06-27T16:46:03.695Z,33.5,-56,3,-164,0.0
2026-06-27T16:46:03.696Z,33.5,-56,2,-173,0.0
2026-06-27T16:46:03.697Z,34.8,-56,2,-182,0.0
2026-06-27T16:46:03.698Z,33.5,-56,3,-191,0.0
2026-06-27T16:46:03.699Z,33.5,-56,2,-199,0.0
2026-06-27T16:46:03.700Z,34.8,-56,2,-207,0.0
2026-06-27T16:46:03.815Z,34.8,-56,2,-109,0.0
2026-06-27T16:46:03.828Z,34.7,-56,3,-104,0.0
2026-06-27T16:46:03.831Z,34.8,-56,2,-108,0.0
2026-06-27T16:46:03.833Z,34.7,-56,2,-115,0.0
2026-06-27T16:46:03.835Z,34.7,-56,2,-123,0.0
2026-06-27T16:46:03.836Z,33.5,-56,2,-132,0.0
2026-06-27T16:46:03.837Z,33.5,-56,2,-142,0.0
2026-06-27T16:46:03.838Z,33.5,-56,2,-151,0.0
2026-06-27T16:46:03.839Z,34.7,-56,2,-160,0.0
2026-06-27T16:46:03.840Z,33.5,-56,3,-169,0.0
2026-06-27T16:46:03.841Z,34.8,-56,3,-178,0.0
2026-06-27T16:46:03.842Z,34.7,-56,3,-187,0.0
2026-06-27T16:46:03.843Z,33.5,-56,3,-196,0.0
2026-06-27T16:46:03.876Z,34.7,-56,5,-176,0.0
2026-06-27T16:46:03.878Z,34.7,-56,2,-182,0.0
2026-06-27T16:46:03.880Z,33.5,-56,2,-191,0.0
2026-06-27T16:46:03.881Z,34.7,-56,2,-199,0.0
2026-06-27T16:46:03.882Z,34.7,-56,2,-208,0.0
2026-06-27T16:46:03.883Z,34.7,-56,2,-217,0.0
2026-06-27T16:46:04.007Z,36.0,-56,2,-107,0.0
2026-06-27T16:46:04.016Z,36.0,-56,3,-106,0.0
2026-06-27T16:46:04.019Z,34.7,-56,2,-112,0.0
2026-06-27T16:46:04.022Z,34.7,-56,2,-119,0.0
2026-06-27T16:46:04.024Z,34.7,-56,2,-127,0.0
2026-06-27T16:46:04.025Z,34.7,-56,2,-136,0.0
2026-06-27T16:46:04.026Z,34.7,-56,3,-145,0.0
2026-06-27T16:46:04.027Z,34.7,-56,2,-154,0.0
2026-06-27T16:46:04.028Z,34.7,-56,3,-163,0.0
2026-06-27T16:46:04.029Z,33.5,-56,3,-172,0.0
2026-06-27T16:46:04.031Z,34.7,-56,2,-180,0.0
2026-06-27T16:46:04.032Z,34.7,-56,3,-189,0.0
2026-06-27T16:46:04.033Z,35.5,-56,3,-198,0.0
2026-06-27T16:46:04.059Z,34.8,-56,5,-183,0.0
2026-06-27T16:46:04.060Z,35.5,-56,3,-191,0.0
2026-06-27T16:46:04.062Z,35.5,-56,2,-199,0.0
2026-06-27T16:46:04.064Z,35.5,-56,2,-207,0.0
2026-06-27T16:46:04.065Z,35.5,-56,2,-216,0.0
2026-06-27T16:46:04.194Z,35.5,-56,2,-98,0.0
2026-06-27T16:46:04.199Z,35.5,-56,4,-103,0.0
2026-06-27T16:46:04.201Z,34.7,-56,2,-111,0.0
2026-06-27T16:46:04.202Z,34.7,-56,2,-120,0.0
2026-06-27T16:46:04.203Z,36.0,-56,3,-128,0.0
2026-06-27T16:46:04.205Z,35.5,-59,2,-136,0.0
2026-06-27T16:46:04.206Z,35.5,-59,2,-147,0.0
2026-06-27T16:46:04.207Z,35.5,-59,3,-155,0.0
2026-06-27T16:46:04.208Z,35.5,-59,3,-164,0.0
2026-06-27T16:46:04.209Z,35.5,-59,3,-173,0.0
2026-06-27T16:46:04.210Z,36.0,-59,3,-182,0.0
2026-06-27T16:46:04.211Z,35.5,-59,3,-191,0.0
2026-06-27T16:46:04.212Z,35.5,-59,3,-200,0.0
2026-06-27T16:46:04.247Z,35.5,-59,5,-176,0.0
2026-06-27T16:46:04.250Z,35.5,-59,7,-186,0.0
2026-06-27T16:46:04.251Z,35.5,-58,2,-193,0.0
2026-06-27T16:46:04.253Z,36.0,-58,2,-202,0.0
2026-06-27T16:46:04.254Z,36.0,-58,2,-210,0.0
2026-06-27T16:46:04.368Z,35.5,-58,2,-107,0.0
2026-06-27T16:46:04.371Z,36.0,-58,5,-114,0.0
2026-06-27T16:46:04.372Z,35.5,-58,2,-122,0.0
2026-06-27T16:46:04.374Z,36.0,-58,2,-130,0.0
2026-06-27T16:46:04.375Z,36.0,-58,2,-139,0.0
2026-06-27T16:46:04.376Z,35.5,-58,2,-148,0.0
2026-06-27T16:46:04.377Z,35.5,-58,4,-157,0.0
2026-06-27T16:46:04.378Z,36.0,-56,2,-167,0.0
2026-06-27T16:46:04.379Z,36.0,-56,2,-176,0.0
2026-06-27T16:46:04.381Z,34.7,-56,3,-184,0.0
2026-06-27T16:46:04.382Z,34.7,-56,3,-193,0.0
2026-06-27T16:46:04.383Z,36.0,-56,3,-202,0.0
2026-06-27T16:46:04.384Z,35.5,-56,3,-211,0.0
2026-06-27T16:46:04.500Z,35.5,-56,5,-108,0.0
2026-06-27T16:46:04.503Z,36.0,-56,3,-113,0.0
2026-06-27T16:46:04.504Z,35.5,-56,2,-121,0.0
2026-06-27T16:46:04.505Z,36.0,-56,2,-130,0.0
2026-06-27T16:46:04.507Z,35.5,-54,2,-139,0.0
2026-06-27T16:46:04.508Z,36.0,-54,2,-147,0.0
2026-06-27T16:46:04.509Z,36.0,-54,3,-157,0.0
2026-06-27T16:46:04.510Z,35.5,-54,2,-166,0.0
2026-06-27T16:46:04.511Z,35.5,-54,3,-175,0.0
2026-06-27T16:46:04.512Z,36.0,-54,3,-184,0.0
2026-06-27T16:46:04.514Z,35.5,-54,3,-192,0.0
2026-06-27T16:46:04.515Z,35.5,-54,3,-201,0.0
2026-06-27T16:46:04.607Z,35.5,-54,3,-120,0.0
2026-06-27T16:46:04.609Z,35.5,-54,7,-132,0.0
2026-06-27T16:46:04.610Z,35.5,-53,3,-140,0.0
2026-06-27T16:46:04.612Z,35.5,-53,2,-148,0.0
2026-06-27T16:46:04.614Z,35.5,-53,2,-156,0.0
2026-06-27T16:46:04.615Z,35.5,-53,2,-165,0.0
2026-06-27T16:46:04.616Z,34.7,-53,2,-175,0.0
2026-06-27T16:46:04.617Z,34.7,-53,2,-184,0.0
2026-06-27T16:46:04.620Z,35.5,-53,3,-192,0.0
2026-06-27T16:46:04.621Z,34.7,-53,3,-200,0.0
2026-06-27T16:46:04.622Z,34.7,-53,3,-209,0.0
2026-06-27T16:46:04.718Z,36.0,-53,3,-128,0.0
2026-06-27T16:46:04.720Z,34.7,-54,3,-132,0.0
2026-06-27T16:46:04.721Z,34.7,-54,2,-140,0.0
2026-06-27T16:46:04.722Z,34.7,-54,2,-149,0.0
2026-06-27T16:46:04.723Z,35.5,-54,2,-158,0.0
2026-06-27T16:46:04.724Z,34.7,-54,2,-167,0.0
2026-06-27T16:46:04.725Z,34.7,-54,3,-177,0.0
2026-06-27T16:46:04.726Z,36.0,-54,2,-186,0.0
2026-06-27T16:46:04.727Z,33.5,-54,3,-194,0.0
2026-06-27T16:46:04.729Z,35.5,-54,2,-202,0.0
2026-06-27T16:46:04.846Z,34.8,-54,2,-98,0.0
2026-06-27T16:46:04.856Z,34.8,-58,6,-99,0.0
2026-06-27T16:46:04.859Z,35.5,-58,2,-104,0.0
2026-06-27T16:46:04.862Z,35.5,-58,2,-111,0.0
2026-06-27T16:46:04.864Z,34.8,-58,2,-119,0.0
2026-06-27T16:46:04.866Z,34.8,-58,2,-126,0.0
2026-06-27T16:46:04.868Z,34.7,-58,2,-134,0.0
2026-06-27T16:46:04.870Z,36.0,-58,2,-144,0.0
2026-06-27T16:46:04.872Z,34.7,-58,2,-152,0.0
2026-06-27T16:46:04.873Z,36.0,-58,3,-160,0.0
2026-06-27T16:46:04.874Z,36.0,-58,3,-169,0.0
2026-06-27T16:46:04.875Z,35.5,-58,3,-178,0.0
2026-06-27T16:46:04.876Z,35.5,-58,3,-187,0.0
2026-06-27T16:46:04.922Z,34.8,-58,5,-154,0.0
2026-06-27T16:46:04.926Z,35.5,-58,2,-159,0.0
2026-06-27T16:46:04.930Z,35.5,-58,2,-164,0.0
2026-06-27T16:46:04.935Z,34.8,-58,2,-169,0.0
2026-06-27T16:46:04.936Z,35.5,-58,2,-177,0.0
2026-06-27T16:46:04.938Z,35.5,-58,2,-185,0.0
2026-06-27T16:46:04.940Z,35.5,-58,2,-195,0.0
2026-06-27T16:46:04.941Z,34.7,-58,3,-202,0.0
2026-06-27T16:46:05.040Z,34.7,-57,7,-116,0.0
2026-06-27T16:46:05.041Z,36.0,-57,2,-124,0.0
2026-06-27T16:46:05.043Z,35.5,-57,2,-133,0.0
2026-06-27T16:46:05.044Z,35.5,-57,2,-141,0.0
2026-06-27T16:46:05.045Z,34.7,-57,2,-150,0.0
2026-06-27T16:46:05.047Z,36.0,-57,2,-158,0.0
2026-06-27T16:46:05.048Z,36.0,-57,2,-168,0.0
2026-06-27T16:46:05.049Z,35.5,-57,2,-177,0.0
2026-06-27T16:46:05.050Z,35.5,-57,3,-186,0.0
2026-06-27T16:46:05.051Z,34.8,-57,3,-195,0.0
2026-06-27T16:46:05.052Z,34.8,-57,3,-204,0.0
2026-06-27T16:46:05.053Z,36.0,-57,3,-213,0.0
2026-06-27T16:46:05.123Z,36.0,-57,3,-157,0.0
2026-06-27T16:46:05.130Z,36.0,-57,2,-159,0.0
2026-06-27T16:46:05.135Z,36.0,-57,2,-162,0.0
2026-06-27T16:46:05.138Z,36.0,-57,2,-170,0.0
2026-06-27T16:46:05.140Z,34.7,-57,2,-177,0.0
2026-06-27T16:46:05.141Z,36.0,-57,2,-185,0.0
2026-06-27T16:46:05.142Z,34.7,-57,2,-195,0.0
2026-06-27T16:46:05.143Z,34.7,-57,2,-205,0.0
2026-06-27T16:46:05.254Z,36.0,-60,6,-108,0.0
2026-06-27T16:46:05.255Z,36.0,-60,2,-115,0.0
2026-06-27T16:46:05.257Z,36.0,-60,2,-123,0.0
2026-06-27T16:46:05.259Z,34.7,-60,2,-131,0.0
2026-06-27T16:46:05.260Z,36.0,-60,2,-140,0.0
2026-06-27T16:46:05.261Z,34.7,-60,2,-149,0.0
2026-06-27T16:46:05.262Z,34.7,-60,2,-159,0.0
2026-06-27T16:46:05.264Z,36.0,-60,2,-167,0.0
2026-06-27T16:46:05.265Z,36.0,-60,3,-176,0.0
2026-06-27T16:46:05.266Z,34.7,-60,3,-185,0.0
2026-06-27T16:46:05.267Z,36.0,-60,3,-194,0.0
2026-06-27T16:46:05.268Z,36.0,-60,3,-203,0.0
2026-06-27T16:46:05.307Z,34.8,-60,3,-177,0.0
2026-06-27T16:46:05.316Z,36.0,-60,7,-179,0.0
2026-06-27T16:46:05.319Z,36.0,-60,2,-184,0.0
2026-06-27T16:46:05.321Z,36.0,-60,2,-192,0.0
2026-06-27T16:46:05.324Z,34.7,-60,2,-199,0.0
2026-06-27T16:46:05.326Z,35.5,-60,2,-207,0.0
2026-06-27T16:46:05.425Z,36.0,-60,5,-119,0.0
2026-06-27T16:46:05.428Z,36.0,-60,3,-126,0.0
2026-06-27T16:46:05.429Z,36.0,-58,2,-134,0.0
2026-06-27T16:46:05.430Z,36.0,-58,2,-143,0.0
2026-06-27T16:46:05.433Z,34.7,-58,2,-150,0.0
2026-06-27T16:46:05.434Z,36.0,-58,2,-159,0.0
2026-06-27T16:46:05.436Z,36.0,-58,2,-168,0.0
2026-06-27T16:46:05.437Z,34.7,-58,2,-177,0.0
2026-06-27T16:46:05.438Z,34.7,-58,3,-186,0.0
2026-06-27T16:46:05.439Z,36.0,-58,3,-195,0.0
2026-06-27T16:46:05.440Z,34.7,-58,2,-204,0.0
2026-06-27T16:46:05.441Z,36.0,-58,3,-213,0.0
2026-06-27T16:46:05.475Z,34.8,-58,3,-190,0.0
2026-06-27T16:46:05.476Z,36.0,-58,2,-198,0.0
2026-06-27T16:46:05.477Z,34.8,-58,2,-207,0.0
2026-06-27T16:46:05.480Z,36.0,-58,2,-215,0.0
2026-06-27T16:46:05.481Z,34.8,-58,2,-223,0.0
2026-06-27T16:46:05.607Z,36.0,-58,2,-108,0.0
2026-06-27T16:46:05.609Z,34.8,-58,3,-115,0.0
2026-06-27T16:46:05.610Z,34.8,-58,2,-124,0.0
2026-06-27T16:46:05.612Z,36.0,-58,2,-132,0.0
2026-06-27T16:46:05.613Z,34.8,-58,2,-141,0.0
2026-06-27T16:46:05.614Z,36.0,-58,4,-151,0.0
2026-06-27T16:46:05.615Z,36.0,-56,2,-160,0.0
2026-06-27T16:46:05.616Z,34.7,-56,2,-169,0.0
2026-06-27T16:46:05.618Z,36.0,-56,3,-177,0.0
2026-06-27T16:46:05.619Z,36.0,-56,3,-186,0.0
2026-06-27T16:46:05.620Z,34.7,-56,3,-195,0.0
2026-06-27T16:46:05.621Z,34.8,-56,3,-204,0.0
2026-06-27T16:46:05.622Z,34.7,-56,3,-213,0.0
2026-06-27T16:46:05.666Z,34.8,-56,5,-181,0.0
2026-06-27T16:46:05.667Z,34.7,-56,3,-188,0.0
2026-06-27T16:46:05.670Z,34.7,-56,4,-196,0.0
2026-06-27T16:46:05.671Z,34.8,-56,2,-204,0.0
2026-06-27T16:46:05.672Z,36.0,-56,2,-213,0.0
2026-06-27T16:46:05.736Z,36.0,-56,2,-160,0.0
2026-06-27T16:46:05.738Z,34.8,-56,3,-167,0.0
2026-06-27T16:46:05.740Z,36.0,-56,2,-176,0.0
2026-06-27T16:46:05.742Z,34.8,-56,2,-183,0.0
2026-06-27T16:46:05.743Z,36.0,-56,2,-192,0.0
2026-06-27T16:46:05.745Z,36.0,-56,2,-201,0.0
2026-06-27T16:46:05.746Z,36.0,-56,2,-209,0.0
2026-06-27T16:46:05.793Z,34.7,-56,2,-172,0.0
2026-06-27T16:46:05.795Z,34.7,-58,6,-182,0.0
2026-06-27T16:46:05.797Z,34.7,-58,2,-189,0.0
2026-06-27T16:46:05.798Z,34.7,-58,2,-198,0.0
2026-06-27T16:46:05.799Z,34.7,-58,2,-207,0.0
2026-06-27T16:46:05.800Z,36.0,-58,2,-216,0.0
2026-06-27T16:46:05.919Z,36.0,-58,2,-108,0.0
2026-06-27T16:46:05.922Z,34.7,-58,3,-115,0.0
2026-06-27T16:46:05.924Z,34.7,-58,2,-122,0.0
2026-06-27T16:46:05.926Z,34.7,-58,2,-130,0.0
2026-06-27T16:46:05.928Z,34.7,-58,2,-139,0.0
2026-06-27T16:46:05.929Z,34.7,-56,2,-148,0.0
2026-06-27T16:46:05.930Z,34.7,-56,2,-157,0.0
2026-06-27T16:46:05.931Z,34.7,-56,2,-166,0.0
2026-06-27T16:46:05.932Z,34.7,-56,3,-175,0.0
2026-06-27T16:46:05.933Z,34.7,-56,3,-184,0.0
2026-06-27T16:46:05.934Z,36.0,-56,3,-193,0.0
2026-06-27T16:46:05.935Z,34.7,-56,2,-202,0.0
2026-06-27T16:46:05.936Z,34.7,-56,3,-211,0.0
2026-06-27T16:46:05.975Z,34.7,-56,5,-184,0.0
2026-06-27T16:46:05.976Z,34.7,-56,3,-191,0.0
2026-06-27T16:46:05.977Z,34.7,-56,2,-200,0.0
2026-06-27T16:46:05.978Z,34.7,-56,2,-209,0.0
2026-06-27T16:46:05.979Z,34.7,-56,2,-218,0.0
2026-06-27T16:46:06.102Z,34.8,-56,2,-109,0.0
2026-06-27T16:46:06.106Z,34.8,-56,3,-112,0.0
2026-06-27T16:46:06.108Z,34.8,-56,2,-120,0.0
2026-06-27T16:46:06.110Z,34.8,-56,2,-128,0.0
2026-06-27T16:46:06.111Z,34.7,-56,2,-136,0.0
2026-06-27T16:46:06.113Z,34.8,-56,2,-144,0.0
2026-06-27T16:46:06.114Z,34.8,-56,3,-154,0.0
2026-06-27T16:46:06.115Z,34.7,-56,2,-163,0.0
2026-06-27T16:46:06.116Z,34.8,-56,3,-172,0.0
2026-06-27T16:46:06.117Z,34.7,-56,3,-181,0.0
2026-06-27T16:46:06.118Z,34.7,-56,3,-190,0.0
2026-06-27T16:46:06.119Z,34.7,-56,3,-199,0.0
2026-06-27T16:46:06.120Z,34.8,-56,3,-208,0.0
2026-06-27T16:46:06.230Z,34.8,-56,5,-115,0.0
2026-06-27T16:46:06.235Z,34.8,-56,2,-116,0.0
2026-06-27T16:46:06.237Z,34.8,-56,2,-123,0.0
2026-06-27T16:46:06.239Z,34.8,-56,2,-132,0.0
2026-06-27T16:46:06.241Z,34.7,-56,3,-138,0.0
2026-06-27T16:46:06.242Z,34.7,-58,2,-147,0.0
2026-06-27T16:46:06.243Z,34.8,-58,2,-157,0.0
2026-06-27T16:46:06.245Z,34.8,-58,2,-165,0.0
2026-06-27T16:46:06.247Z,33.5,-58,3,-173,0.0
2026-06-27T16:46:06.249Z,33.5,-58,3,-181,0.0
2026-06-27T16:46:06.251Z,34.7,-58,2,-189,0.0
2026-06-27T16:46:06.252Z,34.7,-58,3,-198,0.0
2026-06-27T16:46:06.360Z,34.8,-58,3,-106,0.0
2026-06-27T16:46:06.369Z,34.8,-58,2,-105,0.0
2026-06-27T16:46:06.374Z,34.8,-58,4,-107,0.0
2026-06-27T16:46:06.376Z,34.8,-57,2,-115,0.0
2026-06-27T16:46:06.379Z,34.7,-57,2,-122,0.0
2026-06-27T16:46:06.380Z,34.7,-57,2,-130,0.0
2026-06-27T16:46:06.381Z,34.7,-57,2,-140,0.0
2026-06-27T16:46:06.383Z,34.7,-57,2,-149,0.0
2026-06-27T16:46:06.384Z,33.5,-57,3,-157,0.0
2026-06-27T16:46:06.385Z,34.7,-57,3,-166,0.0
2026-06-27T16:46:06.386Z,34.8,-57,3,-175,0.0
2026-06-27T16:46:06.387Z,34.8,-57,3,-183,0.0
2026-06-27T16:46:06.473Z,34.8,-57,2,-107,0.0
2026-06-27T16:46:06.475Z,34.7,-57,5,-116,0.0
2026-06-27T16:46:06.477Z,36.0,-57,2,-123,0.0
2026-06-27T16:46:06.478Z,34.7,-57,2,-132,0.0
2026-06-27T16:46:06.480Z,34.8,-57,2,-140,0.0
2026-06-27T16:46:06.481Z,34.7,-57,2,-149,0.0
2026-06-27T16:46:06.482Z,36.0,-57,2,-158,0.0
2026-06-27T16:46:06.483Z,34.8,-57,2,-168,0.0
2026-06-27T16:46:06.484Z,33.5,-57,2,-177,0.0
2026-06-27T16:46:06.485Z,33.5,-57,2,-186,0.0
2026-06-27T16:46:06.486Z,33.5,-57,2,-195,0.0
2026-06-27T16:46:06.487Z,34.7,-57,2,-204,0.0
2026-06-27T16:46:06.488Z,34.7,-57,3,-213,0.0
2026-06-27T16:46:06.561Z,34.8,-57,5,-151,0.0
2026-06-27T16:46:06.563Z,34.8,-57,2,-158,0.0
2026-06-27T16:46:06.564Z,34.8,-57,2,-167,0.0
2026-06-27T16:46:06.566Z,34.8,-57,2,-175,0.0
2026-06-27T16:46:06.567Z,34.8,-57,2,-184,0.0
2026-06-27T16:46:06.569Z,34.8,-57,2,-192,0.0
2026-06-27T16:46:06.570Z,34.8,-57,2,-202,0.0
2026-06-27T16:46:06.571Z,34.8,-57,2,-211,0.0
2026-06-27T16:46:06.687Z,34.7,-58,7,-107,0.0
2026-06-27T16:46:06.688Z,34.7,-58,2,-115,0.0
2026-06-27T16:46:06.691Z,33.5,-58,2,-122,0.0
2026-06-27T16:46:06.692Z,34.7,-58,2,-131,0.0
2026-06-27T16:46:06.694Z,34.8,-58,2,-139,0.0
2026-06-27T16:46:06.695Z,34.7,-58,2,-148,0.0
2026-06-27T16:46:06.696Z,34.7,-58,2,-158,0.0
2026-06-27T16:46:06.697Z,33.5,-58,2,-167,0.0
2026-06-27T16:46:06.698Z,34.7,-58,2,-176,0.0
2026-06-27T16:46:06.699Z,34.7,-58,3,-184,0.0
2026-06-27T16:46:06.700Z,33.5,-58,3,-193,0.0
2026-06-27T16:46:06.701Z,34.8,-58,2,-202,0.0
2026-06-27T16:46:06.807Z,34.7,-58,3,-107,0.0
2026-06-27T16:46:06.810Z,34.8,-58,5,-116,0.0
2026-06-27T16:46:06.811Z,36.0,-58,2,-124,0.0
2026-06-27T16:46:06.813Z,34.7,-58,2,-132,0.0
2026-06-27T16:46:06.814Z,34.8,-58,2,-141,0.0
2026-06-27T16:46:06.816Z,34.8,-58,2,-150,0.0
2026-06-27T16:46:06.817Z,34.7,-58,2,-158,0.0
2026-06-27T16:46:06.818Z,34.8,-58,2,-169,0.0
2026-06-27T16:46:06.819Z,34.8,-59,2,-177,0.0
2026-06-27T16:46:06.820Z,34.8,-59,3,-186,0.0
2026-06-27T16:46:06.821Z,34.8,-59,3,-195,0.0
2026-06-27T16:46:06.823Z,34.7,-59,3,-203,0.0
2026-06-27T16:46:06.824Z,34.7,-59,3,-212,0.0
2026-06-27T16:46:06.860Z,34.7,-59,6,-189,0.0
2026-06-27T16:46:06.862Z,34.7,-59,2,-197,0.0
2026-06-27T16:46:06.863Z,34.7,-59,2,-205,0.0
2026-06-27T16:46:06.865Z,34.7,-59,2,-214,0.0
2026-06-27T16:46:06.866Z,34.8,-59,2,-222,0.0
2026-06-27T16:46:06.970Z,34.8,-58,6,-130,0.0
2026-06-27T16:46:06.973Z,34.8,-58,2,-137,0.0
2026-06-27T16:46:06.975Z,34.8,-58,2,-145,0.0
2026-06-27T16:46:06.977Z,34.7,-58,2,-153,0.0
2026-06-27T16:46:06.980Z,34.7,-58,2,-160,0.0
2026-06-27T16:46:06.981Z,34.7,-58,2,-168,0.0
2026-06-27T16:46:06.982Z,34.7,-58,2,-178,0.0
2026-06-27T16:46:06.983Z,34.7,-58,2,-187,0.0
2026-06-27T16:46:06.984Z,34.7,-58,3,-195,0.0
2026-06-27T16:46:06.985Z,34.7,-58,3,-205,0.0
2026-06-27T16:46:06.987Z,34.7,-59,2,-212,0.0
2026-06-27T16:46:07.073Z,34.7,-59,6,-138,0.0
2026-06-27T16:46:07.076Z,36.0,-59,2,-146,0.0
2026-06-27T16:46:07.077Z,34.8,-59,2,-154,0.0
2026-06-27T16:46:07.078Z,34.8,-59,2,-163,0.0
2026-06-27T16:46:07.079Z,34.7,-59,2,-172,0.0
2026-06-27T16:46:07.081Z,34.7,-59,2,-183,0.0
2026-06-27T16:46:07.082Z,34.7,-59,3,-190,0.0
2026-06-27T16:46:07.083Z,33.5,-59,3,-199,0.0
2026-06-27T16:46:07.084Z,34.7,-59,3,-208,0.0
2026-06-27T16:46:07.126Z,34.8,-59,3,-175,0.0
2026-06-27T16:46:07.128Z,34.7,-58,5,-185,0.0
2026-06-27T16:46:07.130Z,34.8,-58,3,-192,0.0
2026-06-27T16:46:07.131Z,34.7,-58,2,-201,0.0
2026-06-27T16:46:07.133Z,34.8,-58,2,-209,0.0
2026-06-27T16:46:07.134Z,34.8,-58,2,-218,0.0
2026-06-27T16:46:07.255Z,34.8,-58,2,-107,0.0
2026-06-27T16:46:07.258Z,34.7,-58,3,-114,0.0
2026-06-27T16:46:07.259Z,34.7,-58,2,-123,0.0
2026-06-27T16:46:07.261Z,34.7,-58,2,-132,0.0
2026-06-27T16:46:07.263Z,34.7,-58,4,-140,0.0
2026-06-27T16:46:07.265Z,34.8,-58,2,-148,0.0
2026-06-27T16:46:07.267Z,34.7,-58,3,-157,0.0
2026-06-27T16:46:07.269Z,34.7,-58,2,-165,0.0
2026-06-27T16:46:07.270Z,34.7,-58,3,-173,0.0
2026-06-27T16:46:07.272Z,34.7,-58,3,-181,0.0
2026-06-27T16:46:07.273Z,34.7,-58,3,-190,0.0
2026-06-27T16:46:07.274Z,34.7,-58,3,-199,0.0
2026-06-27T16:46:07.275Z,34.7,-58,3,-208,0.0
2026-06-27T16:46:07.382Z,34.7,-58,6,-118,0.0
2026-06-27T16:46:07.389Z,34.7,-58,3,-118,0.0
2026-06-27T16:46:07.391Z,34.8,-58,2,-125,0.0
2026-06-27T16:46:07.394Z,34.7,-58,2,-132,0.0
2026-06-27T16:46:07.396Z,34.8,-58,2,-140,0.0
2026-06-27T16:46:07.397Z,34.8,-58,2,-148,0.0
2026-06-27T16:46:07.398Z,34.8,-58,2,-158,0.0
2026-06-27T16:46:07.399Z,34.8,-58,2,-167,0.0
2026-06-27T16:46:07.400Z,34.8,-58,3,-176,0.0
2026-06-27T16:46:07.401Z,34.8,-58,3,-185,0.0
2026-06-27T16:46:07.402Z,34.8,-58,3,-193,0.0
2026-06-27T16:46:07.475Z,36.0,-58,2,-133,0.0
2026-06-27T16:46:07.477Z,34.8,-58,3,-139,0.0
2026-06-27T16:46:07.479Z,34.8,-58,2,-148,0.0
2026-06-27T16:46:07.480Z,34.7,-58,2,-156,0.0
2026-06-27T16:46:07.481Z,34.8,-58,2,-165,0.0
2026-06-27T16:46:07.484Z,34.8,-58,2,-172,0.0
2026-06-27T16:46:07.485Z,34.8,-58,2,-182,0.0
2026-06-27T16:46:07.486Z,33.5,-58,2,-191,0.0
2026-06-27T16:46:07.487Z,34.8,-58,2,-200,0.0
2026-06-27T16:46:07.488Z,34.8,-58,3,-209,0.0
2026-06-27T16:46:07.532Z,36.0,-58,3,-176,0.0
2026-06-27T16:46:07.534Z,34.8,-57,5,-183,0.0
2026-06-27T16:46:07.535Z,34.8,-57,2,-191,0.0
2026-06-27T16:46:07.537Z,34.8,-57,2,-199,0.0
2026-06-27T16:46:07.538Z,34.8,-57,2,-208,0.0
2026-06-27T16:46:07.539Z,36.0,-57,2,-217,0.0
2026-06-27T16:46:07.657Z,34.7,-57,2,-109,0.0
2026-06-27T16:46:07.659Z,34.7,-57,3,-117,0.0
2026-06-27T16:46:07.661Z,34.8,-57,2,-125,0.0
2026-06-27T16:46:07.662Z,34.7,-57,2,-134,0.0
2026-06-27T16:46:07.663Z,34.7,-57,3,-143,0.0
2026-06-27T16:46:07.666Z,34.7,-58,2,-151,0.0
2026-06-27T16:46:07.667Z,34.8,-58,3,-160,0.0
2026-06-27T16:46:07.668Z,34.8,-58,2,-169,0.0
2026-06-27T16:46:07.670Z,34.8,-58,3,-177,0.0
2026-06-27T16:46:07.671Z,34.8,-58,3,-186,0.0
2026-06-27T16:46:07.672Z,34.8,-58,3,-195,0.0
2026-06-27T16:46:07.673Z,34.8,-58,3,-204,0.0
2026-06-27T16:46:07.674Z,34.8,-58,3,-213,0.0
2026-06-27T16:46:07.787Z,34.7,-58,5,-113,0.0
2026-06-27T16:46:07.788Z,34.8,-58,2,-120,0.0
2026-06-27T16:46:07.789Z,34.7,-58,2,-129,0.0
2026-06-27T16:46:07.791Z,34.7,-58,2,-138,0.0
2026-06-27T16:46:07.792Z,34.8,-58,2,-146,0.0
2026-06-27T16:46:07.793Z,34.7,-58,2,-155,0.0
2026-06-27T16:46:07.794Z,34.7,-58,2,-165,0.0
2026-06-27T16:46:07.796Z,33.5,-58,2,-173,0.0
2026-06-27T16:46:07.797Z,34.8,-58,2,-182,0.0
2026-06-27T16:46:07.798Z,34.7,-58,3,-191,0.0
2026-06-27T16:46:07.799Z,34.7,-58,3,-200,0.0
2026-06-27T16:46:07.800Z,36.0,-58,3,-210,0.0
2026-06-27T16:46:07.839Z,34.8,-58,2,-184,0.0
2026-06-27T16:46:07.842Z,34.7,-58,3,-191,0.0
2026-06-27T16:46:07.843Z,34.7,-58,2,-199,0.0
2026-06-27T16:46:07.844Z,34.7,-58,2,-208,0.0
2026-06-27T16:46:07.845Z,34.7,-58,2,-217,0.0
2026-06-27T16:46:07.965Z,33.5,-58,2,-108,0.0
2026-06-27T16:46:07.967Z,34.7,-58,3,-115,0.0
2026-06-27T16:46:07.969Z,34.7,-58,2,-123,0.0
2026-06-27T16:46:07.970Z,34.7,-58,2,-132,0.0
2026-06-27T16:46:07.971Z,34.7,-58,2,-141,0.0
2026-06-27T16:46:07.973Z,34.8,-58,2,-150,0.0
2026-06-27T16:46:07.974Z,34.7,-58,4,-159,0.0
2026-06-27T16:46:07.975Z,34.7,-58,2,-168,0.0
2026-06-27T16:46:07.976Z,34.7,-58,3,-177,0.0
2026-06-27T16:46:07.977Z,34.7,-58,3,-186,0.0
2026-06-27T16:46:07.978Z,34.7,-58,3,-195,0.0
2026-06-27T16:46:07.979Z,34.7,-58,3,-204,0.0
2026-06-27T16:46:07.980Z,34.7,-58,3,-213,0.0
2026-06-27T16:46:08.090Z,34.7,-58,5,-115,0.0
2026-06-27T16:46:08.093Z,34.7,-58,3,-122,0.0
2026-06-27T16:46:08.094Z,34.7,-58,2,-129,0.0
2026-06-27T16:46:08.095Z,36.0,-58,2,-138,0.0
2026-06-27T16:46:08.096Z,34.7,-58,2,-147,0.0
2026-06-27T16:46:08.098Z,34.8,-58,2,-155,0.0
2026-06-27T16:46:08.099Z,34.7,-58,2,-165,0.0
2026-06-27T16:46:08.100Z,34.7,-58,2,-174,0.0
2026-06-27T16:46:08.101Z,34.7,-58,3,-183,0.0
2026-06-27T16:46:08.102Z,34.7,-58,3,-192,0.0
2026-06-27T16:46:08.103Z,34.8,-58,3,-201,0.0
2026-06-27T16:46:08.104Z,34.8,-58,3,-210,0.0
2026-06-27T16:46:08.200Z,36.0,-58,3,-125,0.0
2026-06-27T16:46:08.203Z,34.8,-58,2,-132,0.0
2026-06-27T16:46:08.204Z,34.8,-58,2,-140,0.0
2026-06-27T16:46:08.206Z,34.8,-58,2,-149,0.0
2026-06-27T16:46:08.208Z,34.8,-58,2,-156,0.0
2026-06-27T16:46:08.209Z,34.7,-58,2,-166,0.0
2026-06-27T16:46:08.211Z,34.7,-58,3,-174,0.0
2026-06-27T16:46:08.212Z,34.8,-58,2,-183,0.0
2026-06-27T16:46:08.213Z,34.8,-58,3,-192,0.0
2026-06-27T16:46:08.215Z,34.7,-58,3,-200,0.0
2026-06-27T16:46:08.335Z,36.0,-58,2,-91,0.0
2026-06-27T16:46:08.339Z,34.8,-59,3,-96,0.0
2026-06-27T16:46:08.342Z,34.7,-59,2,-103,0.0
2026-06-27T16:46:08.343Z,34.7,-59,2,-111,0.0
2026-06-27T16:46:08.344Z,34.7,-59,2,-120,0.0
2026-06-27T16:46:08.346Z,34.7,-59,2,-128,0.0
2026-06-27T16:46:08.347Z,34.7,-59,2,-138,0.0
2026-06-27T16:46:08.348Z,34.8,-59,2,-147,0.0
2026-06-27T16:46:08.349Z,34.7,-59,3,-156,0.0
2026-06-27T16:46:08.350Z,34.7,-59,3,-165,0.0
2026-06-27T16:46:08.351Z,34.8,-59,3,-174,0.0
2026-06-27T16:46:08.352Z,34.8,-59,3,-183,0.0
2026-06-27T16:46:08.353Z,34.8,-59,3,-191,0.0
2026-06-27T16:46:08.462Z,34.8,-59,5,-95,0.0
2026-06-27T16:46:08.464Z,34.8,-59,2,-101,0.0
2026-06-27T16:46:08.467Z,34.8,-59,2,-108,0.0
2026-06-27T16:46:08.469Z,34.7,-59,2,-117,0.0
2026-06-27T16:46:08.470Z,34.7,-59,2,-125,0.0
2026-06-27T16:46:08.471Z,36.0,-59,2,-134,0.0
2026-06-27T16:46:08.472Z,34.8,-59,2,-143,0.0
2026-06-27T16:46:08.474Z,34.8,-59,2,-152,0.0
2026-06-27T16:46:08.475Z,34.8,-58,3,-161,0.0
2026-06-27T16:46:08.476Z,34.8,-58,2,-170,0.0
2026-06-27T16:46:08.477Z,34.7,-58,3,-179,0.0
2026-06-27T16:46:08.478Z,34.7,-58,3,-188,0.0
2026-06-27T16:46:08.570Z,34.7,-58,3,-108,0.0
2026-06-27T16:46:08.572Z,34.7,-58,3,-114,0.0
2026-06-27T16:46:08.573Z,34.7,-58,2,-123,0.0
2026-06-27T16:46:08.575Z,34.8,-58,2,-131,0.0
2026-06-27T16:46:08.577Z,34.8,-58,2,-139,0.0
2026-06-27T16:46:08.579Z,34.7,-58,2,-147,0.0
2026-06-27T16:46:08.580Z,33.5,-57,3,-157,0.0
2026-06-27T16:46:08.581Z,34.8,-57,2,-166,0.0
2026-06-27T16:46:08.583Z,34.7,-57,3,-174,0.0
2026-06-27T16:46:08.584Z,34.8,-57,3,-183,0.0
2026-06-27T16:46:08.585Z,34.8,-57,3,-192,0.0
2026-06-27T16:46:08.586Z,34.7,-57,3,-201,0.0
2026-06-27T16:46:08.587Z,34.8,-57,3,-210,0.0
2026-06-27T16:46:08.623Z,34.7,-57,10,-189,0.0
2026-06-27T16:46:08.626Z,34.7,-57,2,-195,0.0
2026-06-27T16:46:08.627Z,34.8,-57,2,-204,0.0
2026-06-27T16:46:08.628Z,34.7,-58,2,-213,0.0
2026-06-27T16:46:08.630Z,34.7,-58,2,-221,0.0
2026-06-27T16:46:08.759Z,34.7,-58,2,-106,0.0
2026-06-27T16:46:08.767Z,34.7,-58,3,-108,0.0
2026-06-27T16:46:08.773Z,34.7,-58,2,-109,0.0
2026-06-27T16:46:08.776Z,34.7,-58,2,-116,0.0
2026-06-27T16:46:08.778Z,34.7,-58,2,-124,0.0
2026-06-27T16:46:08.780Z,34.7,-58,2,-132,0.0
2026-06-27T16:46:08.781Z,34.7,-58,2,-141,0.0
2026-06-27T16:46:08.782Z,34.7,-58,2,-150,0.0
2026-06-27T16:46:08.783Z,33.5,-58,3,-159,0.0
2026-06-27T16:46:08.784Z,34.8,-58,3,-168,0.0
2026-06-27T16:46:08.785Z,34.8,-58,3,-177,0.0
2026-06-27T16:46:08.786Z,33.5,-58,3,-186,0.0
2026-06-27T16:46:08.787Z,34.7,-58,2,-195,0.0
2026-06-27T16:46:08.805Z,34.8,-58,5,-188,0.0
2026-06-27T16:46:08.807Z,34.8,-58,3,-195,0.0
2026-06-27T16:46:08.808Z,34.7,-58,2,-204,0.0
2026-06-27T16:46:08.809Z,34.7,-58,2,-213,0.0
2026-06-27T16:46:08.811Z,34.7,-58,2,-224,0.0
2026-06-27T16:46:08.928Z,34.8,-58,6,-119,0.0
2026-06-27T16:46:08.931Z,34.7,-58,2,-125,0.0
2026-06-27T16:46:08.932Z,34.8,-58,2,-133,0.0
2026-06-27T16:46:08.933Z,34.8,-58,2,-142,0.0
2026-06-27T16:46:08.936Z,34.8,-58,2,-149,0.0
2026-06-27T16:46:08.938Z,34.8,-58,2,-160,0.0
2026-06-27T16:46:08.939Z,33.5,-58,3,-167,0.0
2026-06-27T16:46:08.940Z,34.7,-58,2,-176,0.0
2026-06-27T16:46:08.941Z,34.8,-58,3,-185,0.0
2026-06-27T16:46:08.942Z,34.7,-58,3,-194,0.0
2026-06-27T16:46:08.943Z,34.7,-58,3,-203,0.0
2026-06-27T16:46:08.945Z,34.7,-58,3,-211,0.0
2026-06-27T16:46:09.014Z,34.7,-58,3,-153,0.0
2026-06-27T16:46:09.016Z,34.8,-58,2,-160,0.0
2026-06-27T16:46:09.018Z,34.7,-58,2,-169,0.0
2026-06-27T16:46:09.019Z,34.7,-58,2,-177,0.0
2026-06-27T16:46:09.020Z,36.0,-58,2,-186,0.0
2026-06-27T16:46:09.022Z,34.8,-58,2,-195,0.0
2026-06-27T16:46:09.023Z,34.7,-58,2,-204,0.0
2026-06-27T16:46:09.024Z,34.8,-58,2,-212,0.0
2026-06-27T16:46:09.068Z,34.8,-58,5,-180,0.0
2026-06-27T16:46:09.070Z,36.0,-58,3,-186,0.0
2026-06-27T16:46:09.072Z,34.7,-58,2,-194,0.0
2026-06-27T16:46:09.073Z,34.7,-58,2,-203,0.0
2026-06-27T16:46:09.074Z,34.7,-58,2,-212,0.0
2026-06-27T16:46:09.075Z,34.7,-58,2,-221,0.0
2026-06-27T16:46:09.198Z,34.7,-58,2,-109,0.0
2026-06-27T16:46:09.200Z,34.7,-58,3,-117,0.0
2026-06-27T16:46:09.201Z,34.7,-58,2,-125,0.0
2026-06-27T16:46:09.202Z,34.7,-58,2,-133,0.0
2026-06-27T16:46:09.204Z,34.7,-58,2,-142,0.0
2026-06-27T16:46:09.205Z,36.0,-58,2,-151,0.0
2026-06-27T16:46:09.206Z,33.5,-58,2,-161,0.0
2026-06-27T16:46:09.207Z,34.7,-58,2,-170,0.0
2026-06-27T16:46:09.209Z,34.8,-58,3,-179,0.0
2026-06-27T16:46:09.210Z,34.7,-58,3,-187,0.0
2026-06-27T16:46:09.211Z,34.7,-58,3,-196,0.0
2026-06-27T16:46:09.212Z,34.7,-58,3,-205,0.0
2026-06-27T16:46:09.213Z,34.7,-58,3,-214,0.0
2026-06-27T16:46:09.323Z,34.7,-58,6,-116,0.0
2026-06-27T16:46:09.326Z,34.7,-58,2,-121,0.0
2026-06-27T16:46:09.327Z,34.7,-58,2,-130,0.0
2026-06-27T16:46:09.328Z,34.7,-58,2,-139,0.0
2026-06-27T16:46:09.330Z,34.7,-58,2,-147,0.0
2026-06-27T16:46:09.331Z,34.7,-58,2,-156,0.0
2026-06-27T16:46:09.332Z,34.7,-58,2,-166,0.0
2026-06-27T16:46:09.335Z,34.8,-58,2,-174,0.0
2026-06-27T16:46:09.336Z,34.8,-58,3,-182,0.0
2026-06-27T16:46:09.337Z,34.8,-58,3,-191,0.0
2026-06-27T16:46:09.338Z,34.8,-58,3,-200,0.0
2026-06-27T16:46:09.339Z,34.8,-58,3,-209,0.0
2026-06-27T16:46:09.425Z,34.7,-58,3,-134,0.0
2026-06-27T16:46:09.426Z,34.8,-58,2,-142,0.0
2026-06-27T16:46:09.429Z,34.7,-58,2,-149,0.0
2026-06-27T16:46:09.430Z,34.7,-58,2,-158,0.0
2026-06-27T16:46:09.432Z,34.7,-58,2,-167,0.0
2026-06-27T16:46:09.433Z,34.7,-58,2,-175,0.0
2026-06-27T16:46:09.435Z,34.8,-58,2,-184,0.0
2026-06-27T16:46:09.437Z,34.7,-58,2,-193,0.0
2026-06-27T16:46:09.438Z,33.5,-58,3,-201,0.0
2026-06-27T16:46:09.439Z,34.8,-58,2,-210,0.0
2026-06-27T16:46:09.549Z,36.0,-58,2,-110,0.0
2026-06-27T16:46:09.551Z,34.7,-58,3,-117,0.0
2026-06-27T16:46:09.553Z,34.8,-58,2,-125,0.0
2026-06-27T16:46:09.555Z,34.8,-58,2,-133,0.0
2026-06-27T16:46:09.556Z,34.7,-58,2,-142,0.0
2026-06-27T16:46:09.557Z,34.8,-58,2,-151,0.0
2026-06-27T16:46:09.558Z,34.7,-58,3,-161,0.0
2026-06-27T16:46:09.559Z,34.7,-58,2,-170,0.0
2026-06-27T16:46:09.560Z,34.7,-58,3,-178,0.0
2026-06-27T16:46:09.562Z,33.5,-58,3,-187,0.0
2026-06-27T16:46:09.563Z,33.5,-58,2,-196,0.0
2026-06-27T16:46:09.564Z,34.7,-58,2,-205,0.0
2026-06-27T16:46:09.565Z,33.5,-58,3,-214,0.0
2026-06-27T16:46:09.627Z,34.8,-58,5,-163,0.0
2026-06-27T16:46:09.628Z,34.8,-58,2,-171,0.0
2026-06-27T16:46:09.631Z,34.8,-58,2,-179,0.0
2026-06-27T16:46:09.632Z,34.7,-58,2,-187,0.0
2026-06-27T16:46:09.633Z,34.8,-58,2,-196,0.0
2026-06-27T16:46:09.635Z,35.5,-58,2,-204,0.0
2026-06-27T16:46:09.636Z,34.7,-58,2,-213,0.0
2026-06-27T16:46:09.739Z,34.7,-58,5,-125,0.0
2026-06-27T16:46:09.750Z,34.7,-58,3,-122,0.0
2026-06-27T16:46:09.753Z,34.7,-58,2,-129,0.0
2026-06-27T16:46:09.756Z,34.7,-58,2,-136,0.0
2026-06-27T16:46:09.758Z,34.7,-58,2,-143,0.0
2026-06-27T16:46:09.760Z,35.5,-58,2,-151,0.0
2026-06-27T16:46:09.761Z,33.5,-58,2,-160,0.0
2026-06-27T16:46:09.762Z,34.7,-58,2,-169,0.0
2026-06-27T16:46:09.763Z,34.7,-58,3,-178,0.0
2026-06-27T16:46:09.764Z,34.7,-58,3,-187,0.0
2026-06-27T16:46:09.765Z,34.7,-58,3,-195,0.0
2026-06-27T16:46:09.842Z,35.5,-58,6,-134,0.0
2026-06-27T16:46:09.849Z,34.7,-58,3,-135,0.0
2026-06-27T16:46:09.852Z,36.0,-58,2,-142,0.0
2026-06-27T16:46:09.857Z,34.8,-58,2,-146,0.0
2026-06-27T16:46:09.858Z,34.7,-58,2,-154,0.0
2026-06-27T16:46:09.859Z,36.0,-58,2,-163,0.0
2026-06-27T16:46:09.860Z,34.7,-58,2,-173,0.0
2026-06-27T16:46:09.862Z,34.7,-58,2,-181,0.0
2026-06-27T16:46:09.863Z,36.0,-58,3,-189,0.0
2026-06-27T16:46:09.864Z,35.5,-58,2,-198,0.0
2026-06-27T16:46:09.896Z,34.7,-58,3,-179,0.0
2026-06-27T16:46:09.903Z,35.5,-58,3,-181,0.0
2026-06-27T16:46:09.906Z,35.5,-58,2,-188,0.0
2026-06-27T16:46:09.908Z,34.7,-58,2,-195,0.0
2026-06-27T16:46:09.910Z,34.8,-58,2,-203,0.0
2026-06-27T16:46:10.028Z,35.5,-58,2,-96,0.0
2026-06-27T16:46:10.033Z,34.7,-58,3,-101,0.0
2026-06-27T16:46:10.037Z,34.7,-58,2,-106,0.0
2026-06-27T16:46:10.040Z,34.7,-58,2,-114,0.0
2026-06-27T16:46:10.041Z,34.7,-58,2,-121,0.0
2026-06-27T16:46:10.043Z,34.7,-59,2,-130,0.0
2026-06-27T16:46:10.044Z,34.8,-59,2,-139,0.0
2026-06-27T16:46:10.045Z,33.5,-59,2,-148,0.0
2026-06-27T16:46:10.046Z,34.8,-59,2,-157,0.0
2026-06-27T16:46:10.047Z,34.7,-59,3,-166,0.0
2026-06-27T16:46:10.048Z,34.7,-59,3,-175,0.0
2026-06-27T16:46:10.049Z,34.7,-59,3,-184,0.0
2026-06-27T16:46:10.051Z,34.8,-59,3,-192,0.0
2026-06-27T16:46:10.099Z,34.8,-59,5,-157,0.0
2026-06-27T16:46:10.105Z,35.5,-59,3,-160,0.0
2026-06-27T16:46:10.108Z,34.7,-58,3,-166,0.0
2026-06-27T16:46:10.110Z,34.7,-58,2,-174,0.0
2026-06-27T16:46:10.111Z,34.7,-58,2,-182,0.0
2026-06-27T16:46:10.113Z,34.7,-58,2,-191,0.0
2026-06-27T16:46:10.209Z,36.0,-58,2,-108,0.0
2026-06-27T16:46:10.218Z,34.7,-58,2,-107,0.0
2026-06-27T16:46:10.221Z,34.7,-58,2,-114,0.0
2026-06-27T16:46:10.223Z,34.7,-58,2,-121,0.0
2026-06-27T16:46:10.225Z,34.7,-58,2,-129,0.0
2026-06-27T16:46:10.227Z,34.7,-58,2,-137,0.0
2026-06-27T16:46:10.228Z,34.7,-58,5,-147,0.0
2026-06-27T16:46:10.230Z,34.7,-58,2,-154,0.0
2026-06-27T16:46:10.231Z,34.7,-58,3,-163,0.0
2026-06-27T16:46:10.232Z,34.7,-58,3,-172,0.0
2026-06-27T16:46:10.233Z,33.5,-58,3,-181,0.0
2026-06-27T16:46:10.234Z,33.5,-58,2,-190,0.0
2026-06-27T16:46:10.235Z,34.8,-58,2,-199,0.0
2026-06-27T16:46:10.339Z,35.5,-58,6,-107,0.0
2026-06-27T16:46:10.340Z,35.5,-58,2,-116,0.0
2026-06-27T16:46:10.343Z,35.5,-58,2,-124,0.0
2026-06-27T16:46:10.345Z,34.8,-58,2,-132,0.0
2026-06-27T16:46:10.346Z,36.0,-58,2,-140,0.0
2026-06-27T16:46:10.347Z,35.5,-58,2,-149,0.0
2026-06-27T16:46:10.348Z,35.5,-58,2,-159,0.0
2026-06-27T16:46:10.350Z,34.7,-58,2,-167,0.0
2026-06-27T16:46:10.351Z,35.5,-58,3,-176,0.0
2026-06-27T16:46:10.352Z,35.5,-58,3,-185,0.0
2026-06-27T16:46:10.353Z,34.8,-58,3,-194,0.0
2026-06-27T16:46:10.354Z,34.8,-58,3,-203,0.0
2026-06-27T16:46:10.460Z,36.0,-58,3,-108,0.0
2026-06-27T16:46:10.462Z,34.7,-58,6,-119,0.0
2026-06-27T16:46:10.464Z,34.7,-59,2,-127,0.0
2026-06-27T16:46:10.467Z,35.5,-59,2,-134,0.0
2026-06-27T16:46:10.468Z,34.7,-59,2,-142,0.0
2026-06-27T16:46:10.469Z,35.5,-59,2,-151,0.0
2026-06-27T16:46:10.470Z,34.7,-59,2,-160,0.0
2026-06-27T16:46:10.471Z,34.7,-59,2,-170,0.0
2026-06-27T16:46:10.473Z,34.7,-59,2,-178,0.0
2026-06-27T16:46:10.474Z,34.7,-59,3,-187,0.0
2026-06-27T16:46:10.475Z,35.5,-59,3,-195,0.0
2026-06-27T16:46:10.476Z,34.7,-59,5,-205,0.0
2026-06-27T16:46:10.548Z,34.7,-58,2,-144,0.0
2026-06-27T16:46:10.550Z,34.7,-58,3,-150,0.0
2026-06-27T16:46:10.552Z,34.8,-58,2,-159,0.0
2026-06-27T16:46:10.553Z,34.7,-58,2,-167,0.0
2026-06-27T16:46:10.554Z,36.0,-58,2,-176,0.0
2026-06-27T16:46:10.555Z,34.7,-58,2,-185,0.0
2026-06-27T16:46:10.556Z,34.7,-58,3,-195,0.0
2026-06-27T16:46:10.558Z,34.8,-58,2,-203,0.0
2026-06-27T16:46:10.559Z,34.8,-58,3,-212,0.0
2026-06-27T16:46:10.655Z,34.8,-58,6,-128,0.0
2026-06-27T16:46:10.658Z,34.8,-59,3,-135,0.0
2026-06-27T16:46:10.659Z,33.5,-59,2,-143,0.0
2026-06-27T16:46:10.660Z,34.8,-59,2,-152,0.0
2026-06-27T16:46:10.661Z,34.7,-59,2,-161,0.0
2026-06-27T16:46:10.663Z,34.7,-59,2,-169,0.0
2026-06-27T16:46:10.664Z,34.7,-59,3,-179,0.0
2026-06-27T16:46:10.665Z,34.7,-59,2,-188,0.0
2026-06-27T16:46:10.667Z,34.8,-59,3,-196,0.0
2026-06-27T16:46:10.668Z,34.8,-59,3,-204,0.0
2026-06-27T16:46:10.757Z,34.7,-59,2,-133,0.0
2026-06-27T16:46:10.768Z,34.7,-58,3,-130,0.0
2026-06-27T16:46:10.770Z,34.7,-58,2,-135,0.0
2026-06-27T16:46:10.774Z,34.7,-58,2,-142,0.0
2026-06-27T16:46:10.776Z,34.7,-58,2,-149,0.0
2026-06-27T16:46:10.778Z,34.7,-58,2,-157,0.0
2026-06-27T16:46:10.779Z,34.7,-58,2,-165,0.0
2026-06-27T16:46:10.781Z,34.7,-58,2,-174,0.0
2026-06-27T16:46:10.783Z,34.7,-58,2,-183,0.0
2026-06-27T16:46:10.784Z,34.7,-58,3,-191,0.0
2026-06-27T16:46:10.863Z,34.7,-58,3,-122,0.0
2026-06-27T16:46:10.867Z,34.7,-58,5,-129,0.0
2026-06-27T16:46:10.868Z,34.7,-58,3,-136,0.0
2026-06-27T16:46:10.869Z,34.7,-58,2,-145,0.0
2026-06-27T16:46:10.870Z,34.7,-58,2,-154,0.0
2026-06-27T16:46:10.871Z,34.7,-58,2,-163,0.0
2026-06-27T16:46:10.873Z,34.7,-58,2,-171,0.0
2026-06-27T16:46:10.874Z,34.8,-58,2,-181,0.0
2026-06-27T16:46:10.876Z,34.8,-58,2,-189,0.0
2026-06-27T16:46:10.877Z,34.7,-58,3,-198,0.0
2026-06-27T16:46:10.977Z,36.0,-58,3,-109,0.0
2026-06-27T16:46:10.979Z,34.8,-58,5,-118,0.0
2026-06-27T16:46:10.981Z,34.7,-58,3,-125,0.0
2026-06-27T16:46:10.982Z,34.7,-58,2,-134,0.0
2026-06-27T16:46:10.983Z,34.7,-58,2,-143,0.0
2026-06-27T16:46:10.985Z,34.7,-58,2,-151,0.0
2026-06-27T16:46:10.986Z,34.7,-58,2,-160,0.0
2026-06-27T16:46:10.987Z,34.7,-58,2,-170,0.0
2026-06-27T16:46:10.988Z,34.7,-58,2,-179,0.0
2026-06-27T16:46:10.989Z,34.7,-58,3,-188,0.0
2026-06-27T16:46:10.990Z,34.8,-58,3,-197,0.0
2026-06-27T16:46:10.991Z,34.7,-58,3,-206,0.0
2026-06-27T16:46:10.993Z,34.7,-58,3,-215,0.0
2026-06-27T16:46:11.060Z,34.7,-58,5,-158,0.0
2026-06-27T16:46:11.062Z,34.7,-58,2,-166,0.0
2026-06-27T16:46:11.063Z,34.7,-58,2,-174,0.0
2026-06-27T16:46:11.064Z,34.7,-58,2,-183,0.0
2026-06-27T16:46:11.067Z,34.7,-58,2,-191,0.0
2026-06-27T16:46:11.068Z,34.8,-58,2,-199,0.0
2026-06-27T16:46:11.069Z,33.5,-58,2,-209,0.0
2026-06-27T16:46:11.070Z,34.8,-58,2,-218,0.0
2026-06-27T16:46:11.189Z,34.8,-58,3,-109,0.0
2026-06-27T16:46:11.192Z,36.0,-58,3,-116,0.0
2026-06-27T16:46:11.193Z,34.7,-58,2,-124,0.0
2026-06-27T16:46:11.195Z,34.7,-58,2,-132,0.0
2026-06-27T16:46:11.196Z,34.7,-58,2,-141,0.0
2026-06-27T16:46:11.197Z,34.7,-58,2,-151,0.0
2026-06-27T16:46:11.198Z,34.7,-58,3,-160,0.0
2026-06-27T16:46:11.200Z,33.5,-58,2,-168,0.0
2026-06-27T16:46:11.201Z,34.8,-58,3,-177,0.0
2026-06-27T16:46:11.202Z,34.7,-58,3,-186,0.0
2026-06-27T16:46:11.203Z,34.7,-58,3,-195,0.0
2026-06-27T16:46:11.204Z,34.8,-58,3,-204,0.0
2026-06-27T16:46:11.205Z,33.5,-58,3,-213,0.0
2026-06-27T16:46:11.246Z,34.8,-58,5,-185,0.0
2026-06-27T16:46:11.247Z,34.8,-58,2,-191,0.0
2026-06-27T16:46:11.248Z,34.7,-58,2,-222,0.0
2026-06-27T16:46:11.397Z,34.8,-58,3,-105,0.0
2026-06-27T16:46:11.400Z,34.7,-58,3,-111,0.0
2026-06-27T16:46:11.402Z,34.8,-58,2,-141,0.0
2026-06-27T16:46:11.405Z,34.8,-58,2,-147,0.0
2026-06-27T16:46:11.406Z,34.8,-58,2,-153,0.0
2026-06-27T16:46:11.407Z,34.8,-58,2,-160,0.0
2026-06-27T16:46:11.409Z,34.7,-58,2,-167,0.0
2026-06-27T16:46:11.410Z,34.7,-58,2,-174,0.0
2026-06-27T16:46:11.411Z,34.7,-58,2,-181,0.0
2026-06-27T16:46:11.412Z,34.7,-58,2,-189,0.0
2026-06-27T16:46:11.413Z,34.9,-58,2,-196,0.0
2026-06-27T16:46:11.414Z,34.7,-58,2,-203,0.0
2026-06-27T16:46:11.416Z,33.5,-58,2,-209,0.0
2026-06-27T16:46:11.470Z,34.7,-58,5,-168,0.0
2026-06-27T16:46:11.472Z,34.7,-58,2,-175,0.0
2026-06-27T16:46:11.473Z,34.7,-58,2,-205,0.0
2026-06-27T16:46:11.526Z,34.7,-58,2,-186,0.0
2026-06-27T16:46:11.531Z,34.8,-58,2,-213,0.0
2026-06-27T16:46:11.545Z,34.7,-58,2,-229,0.0
2026-06-27T16:46:11.599Z,34.7,-58,5,-187,0.0
2026-06-27T16:46:11.601Z,33.5,-58,2,-192,0.0
2026-06-27T16:46:11.602Z,34.7,-58,2,-222,0.0
2026-06-27T16:46:11.679Z,34.7,-58,2,-154,0.0
2026-06-27T16:46:11.682Z,34.8,-58,3,-160,0.0
2026-06-27T16:46:11.683Z,34.7,-58,3,-189,0.0
2026-06-27T16:46:11.684Z,34.7,-58,2,-220,0.0
2026-06-27T16:46:11.832Z,34.7,-58,7,-85,0.0
2026-06-27T16:46:11.836Z,34.7,-58,2,-89,0.0
2026-06-27T16:46:11.838Z,34.7,-58,2,-119,0.0
2026-06-27T16:46:11.839Z,34.8,-58,2,-149,0.0
2026-06-27T16:46:11.840Z,34.7,-58,2,-157,0.0
2026-06-27T16:46:11.841Z,33.5,-58,2,-164,0.0
2026-06-27T16:46:11.843Z,33.5,-58,2,-171,0.0
2026-06-27T16:46:11.844Z,33.5,-58,2,-178,0.0
2026-06-27T16:46:11.845Z,34.7,-58,2,-185,0.0
2026-06-27T16:46:11.846Z,33.5,-58,2,-192,0.0
2026-06-27T16:46:11.847Z,34.7,-58,2,-200,0.0
2026-06-27T16:46:11.848Z,34.7,-58,3,-207,0.0
2026-06-27T16:46:11.977Z,34.7,-58,2,-93,0.0
2026-06-27T16:46:11.980Z,34.7,-58,2,-96,0.0
2026-06-27T16:46:11.981Z,34.7,-58,2,-126,0.0
2026-06-27T16:46:11.984Z,34.7,-58,3,-131,0.0
2026-06-27T16:46:11.985Z,34.7,-58,3,-139,0.0
2026-06-27T16:46:11.987Z,34.7,-58,2,-146,0.0
2026-06-27T16:46:11.988Z,34.7,-58,2,-153,0.0
2026-06-27T16:46:11.989Z,33.5,-58,3,-160,0.0
2026-06-27T16:46:11.990Z,34.7,-58,2,-167,0.0
2026-06-27T16:46:11.991Z,34.7,-58,2,-175,0.0
2026-06-27T16:46:11.992Z,34.7,-58,3,-182,0.0
2026-06-27T16:46:11.993Z,34.7,-58,2,-189,0.0
2026-06-27T16:46:12.103Z,34.7,-58,2,-91,0.0
2026-06-27T16:46:12.111Z,34.8,-58,20,-107,0.0
2026-06-27T16:46:12.113Z,34.7,-59,2,-112,0.0
2026-06-27T16:46:12.116Z,34.7,-59,2,-141,0.0
2026-06-27T16:46:12.118Z,34.8,-59,3,-147,0.0
2026-06-27T16:46:12.120Z,33.5,-59,2,-154,0.0
2026-06-27T16:46:12.121Z,34.7,-59,2,-160,0.0
2026-06-27T16:46:12.123Z,34.7,-59,2,-168,0.0
2026-06-27T16:46:12.124Z,34.8,-59,2,-174,0.0
2026-06-27T16:46:12.126Z,34.8,-59,2,-181,0.0
2026-06-27T16:46:12.127Z,35.5,-59,2,-187,0.0
2026-06-27T16:46:12.188Z,34.8,-58,6,-138,0.0
2026-06-27T16:46:12.190Z,34.7,-58,2,-144,0.0
2026-06-27T16:46:12.192Z,34.7,-58,2,-174,0.0
2026-06-27T16:46:12.193Z,34.7,-58,2,-205,0.0
2026-06-27T16:46:12.194Z,34.7,-58,2,-213,0.0
2026-06-27T16:46:12.196Z,35.5,-58,3,-220,0.0
2026-06-27T16:46:12.287Z,34.8,-58,2,-140,0.0
2026-06-27T16:46:12.289Z,34.8,-58,3,-146,0.0
2026-06-27T16:46:12.291Z,34.7,-58,3,-175,0.0
2026-06-27T16:46:12.292Z,36.0,-58,2,-207,0.0
2026-06-27T16:46:12.294Z,34.8,-58,3,-213,0.0
2026-06-27T16:46:12.295Z,34.7,-58,2,-222,0.0
2026-06-27T16:46:12.343Z,34.7,-59,7,-186,0.0
2026-06-27T16:46:12.344Z,34.8,-59,2,-193,0.0
2026-06-27T16:46:12.345Z,34.7,-59,2,-224,0.0
2026-06-27T16:46:12.493Z,34.7,-59,2,-107,0.0
2026-06-27T16:46:12.496Z,34.7,-59,2,-113,0.0
2026-06-27T16:46:12.497Z,34.7,-59,2,-144,0.0
2026-06-27T16:46:12.498Z,33.5,-58,2,-152,0.0
2026-06-27T16:46:12.499Z,34.7,-58,3,-159,0.0
2026-06-27T16:46:12.502Z,34.7,-58,2,-164,0.0
2026-06-27T16:46:12.503Z,34.7,-58,2,-172,0.0
2026-06-27T16:46:12.504Z,34.8,-58,2,-179,0.0
2026-06-27T16:46:12.505Z,33.5,-58,2,-186,0.0
2026-06-27T16:46:12.507Z,34.7,-58,2,-193,0.0
2026-06-27T16:46:12.508Z,33.5,-58,2,-200,0.0
2026-06-27T16:46:12.509Z,33.5,-58,3,-207,0.0
2026-06-27T16:46:12.597Z,34.7,-58,3,-134,0.0
2026-06-27T16:46:12.599Z,34.7,-59,3,-137,0.0
2026-06-27T16:46:12.602Z,34.7,-59,2,-166,0.0
2026-06-27T16:46:12.603Z,34.7,-59,2,-197,0.0
2026-06-27T16:46:12.604Z,34.7,-59,2,-205,0.0
2026-06-27T16:46:12.606Z,34.7,-59,3,-212,0.0
2026-06-27T16:46:12.655Z,34.7,-59,2,-174,0.0
2026-06-27T16:46:12.662Z,34.7,-58,6,-178,0.0
2026-06-27T16:46:12.666Z,34.7,-58,2,-180,0.0
2026-06-27T16:46:12.668Z,34.7,-58,2,-210,0.0
2026-06-27T16:46:12.788Z,36.0,-58,2,-102,0.0
2026-06-27T16:46:12.801Z,35.5,-58,3,-97,0.0
2026-06-27T16:46:12.805Z,34.7,-58,2,-123,0.0
2026-06-27T16:46:12.809Z,34.7,-58,3,-127,0.0
2026-06-27T16:46:12.811Z,35.5,-58,2,-134,0.0
2026-06-27T16:46:12.813Z,34.8,-58,2,-141,0.0
2026-06-27T16:46:12.814Z,34.8,-58,2,-147,0.0
2026-06-27T16:46:12.816Z,34.7,-58,2,-153,0.0
2026-06-27T16:46:12.817Z,34.8,-58,2,-160,0.0
2026-06-27T16:46:12.819Z,34.9,-58,2,-167,0.0
2026-06-27T16:46:12.820Z,34.7,-58,2,-174,0.0
2026-06-27T16:46:12.821Z,34.7,-58,2,-181,0.0
2026-06-27T16:46:12.823Z,34.7,-58,2,-189,0.0
2026-06-27T16:46:12.904Z,34.7,-58,4,-118,0.0
2026-06-27T16:46:12.906Z,34.7,-58,2,-124,0.0
2026-06-27T16:46:12.907Z,34.7,-58,2,-131,0.0
2026-06-27T16:46:12.908Z,34.7,-58,2,-162,0.0
2026-06-27T16:46:12.911Z,35.5,-58,3,-169,0.0
2026-06-27T16:46:12.912Z,34.7,-58,3,-176,0.0
2026-06-27T16:46:12.914Z,34.8,-58,2,-182,0.0
2026-06-27T16:46:12.915Z,34.8,-58,2,-190,0.0
2026-06-27T16:46:12.916Z,34.7,-58,3,-197,0.0
2026-06-27T16:46:12.918Z,34.7,-58,2,-203,0.0
2026-06-27T16:46:12.919Z,34.7,-58,2,-212,0.0
2026-06-27T16:46:12.964Z,34.7,-59,7,-182,0.0
2026-06-27T16:46:12.969Z,36.0,-59,2,-185,0.0
2026-06-27T16:46:12.971Z,34.7,-59,2,-213,0.0
2026-06-27T16:46:13.109Z,34.7,-59,2,-106,0.0
2026-06-27T16:46:13.112Z,34.7,-59,2,-112,0.0
2026-06-27T16:46:13.114Z,35.5,-59,2,-141,0.0
2026-06-27T16:46:13.115Z,34.7,-58,3,-149,0.0
2026-06-27T16:46:13.116Z,34.8,-58,2,-156,0.0
2026-06-27T16:46:13.118Z,35.5,-58,2,-163,0.0
2026-06-27T16:46:13.119Z,35.5,-58,3,-170,0.0
2026-06-27T16:46:13.120Z,34.7,-58,2,-177,0.0
2026-06-27T16:46:13.121Z,34.8,-58,2,-185,0.0
2026-06-27T16:46:13.122Z,34.7,-58,3,-192,0.0
2026-06-27T16:46:13.123Z,34.7,-58,2,-199,0.0
2026-06-27T16:46:13.125Z,34.8,-58,2,-205,0.0
2026-06-27T16:46:13.218Z,34.7,-58,2,-124,0.0
2026-06-27T16:46:13.220Z,34.7,-58,3,-131,0.0
2026-06-27T16:46:13.221Z,36.0,-58,2,-138,0.0
2026-06-27T16:46:13.223Z,34.7,-58,2,-168,0.0
2026-06-27T16:46:13.225Z,34.7,-58,2,-198,0.0
2026-06-27T16:46:13.226Z,34.7,-58,2,-205,0.0
2026-06-27T16:46:13.227Z,34.8,-58,2,-213,0.0
2026-06-27T16:46:13.229Z,34.7,-58,3,-220,0.0
2026-06-27T16:46:13.313Z,34.7,-58,7,-148,0.0
2026-06-27T16:46:13.314Z,34.7,-58,2,-154,0.0
2026-06-27T16:46:13.316Z,34.8,-58,3,-183,0.0
2026-06-27T16:46:13.318Z,34.7,-58,2,-215,0.0
2026-06-27T16:46:13.319Z,34.7,-58,3,-222,0.0
2026-06-27T16:46:13.468Z,34.8,-58,3,-82,0.0
2026-06-27T16:46:13.471Z,34.7,-58,2,-88,0.0
2026-06-27T16:46:13.473Z,34.7,-58,2,-118,0.0
2026-06-27T16:46:13.474Z,34.8,-58,3,-148,0.0
2026-06-27T16:46:13.475Z,34.8,-58,2,-156,0.0
2026-06-27T16:46:13.476Z,34.7,-58,3,-163,0.0
2026-06-27T16:46:13.477Z,33.5,-58,2,-170,0.0
2026-06-27T16:46:13.478Z,33.5,-58,2,-178,0.0
2026-06-27T16:46:13.479Z,34.8,-58,2,-185,0.0
2026-06-27T16:46:13.481Z,34.7,-58,2,-192,0.0
2026-06-27T16:46:13.482Z,34.7,-58,2,-199,0.0
2026-06-27T16:46:13.483Z,33.5,-58,2,-206,0.0
2026-06-27T16:46:13.484Z,33.5,-58,2,-213,0.0
2026-06-27T16:46:13.601Z,34.7,-58,4,-108,0.0
2026-06-27T16:46:13.602Z,36.0,-58,2,-114,0.0
2026-06-27T16:46:13.604Z,34.7,-58,2,-145,0.0
2026-06-27T16:46:13.605Z,34.8,-57,2,-152,0.0
2026-06-27T16:46:13.606Z,34.7,-57,2,-160,0.0
2026-06-27T16:46:13.607Z,34.7,-57,2,-167,0.0
2026-06-27T16:46:13.608Z,34.7,-57,2,-175,0.0
2026-06-27T16:46:13.610Z,34.7,-57,3,-181,0.0
2026-06-27T16:46:13.611Z,34.8,-57,2,-188,0.0
2026-06-27T16:46:13.612Z,34.7,-57,2,-196,0.0
2026-06-27T16:46:13.613Z,34.8,-57,3,-203,0.0
2026-06-27T16:46:13.614Z,34.7,-57,2,-210,0.0
2026-06-27T16:46:13.727Z,34.7,-57,2,-110,0.0
2026-06-27T16:46:13.729Z,33.5,-57,2,-116,0.0
2026-06-27T16:46:13.730Z,34.7,-57,4,-124,0.0
2026-06-27T16:46:13.731Z,34.7,-59,3,-154,0.0
2026-06-27T16:46:13.734Z,33.5,-59,3,-161,0.0
2026-06-27T16:46:13.735Z,33.5,-59,2,-168,0.0
2026-06-27T16:46:13.736Z,33.5,-59,2,-176,0.0
2026-06-27T16:46:13.737Z,34.7,-59,3,-183,0.0
2026-06-27T16:46:13.738Z,34.8,-59,2,-190,0.0
2026-06-27T16:46:13.740Z,33.5,-59,2,-197,0.0
2026-06-27T16:46:13.741Z,33.5,-59,2,-204,0.0
2026-06-27T16:46:13.742Z,34.7,-59,2,-211,0.0
2026-06-27T16:46:13.779Z,33.5,-58,6,-186,0.0
2026-06-27T16:46:13.780Z,34.7,-58,2,-193,0.0
2026-06-27T16:46:13.781Z,34.7,-58,2,-223,0.0
2026-06-27T16:46:13.934Z,34.7,-58,2,-103,0.0
2026-06-27T16:46:13.936Z,33.5,-58,2,-108,0.0
2026-06-27T16:46:13.939Z,34.7,-58,2,-138,0.0
2026-06-27T16:46:13.941Z,33.5,-58,2,-145,0.0
2026-06-27T16:46:13.943Z,33.5,-58,2,-151,0.0
2026-06-27T16:46:13.944Z,34.7,-58,2,-158,0.0
2026-06-27T16:46:13.946Z,34.7,-58,2,-164,0.0
2026-06-27T16:46:13.948Z,33.5,-58,2,-171,0.0
2026-06-27T16:46:13.949Z,33.5,-58,2,-177,0.0
2026-06-27T16:46:13.950Z,33.5,-58,2,-185,0.0
2026-06-27T16:46:13.951Z,33.5,-58,3,-191,0.0
2026-06-27T16:46:13.953Z,34.7,-58,2,-198,0.0
2026-06-27T16:46:13.954Z,34.7,-58,5,-208,0.0
2026-06-27T16:46:14.086Z,33.5,-59,6,-89,0.0
2026-06-27T16:46:14.087Z,33.5,-59,3,-96,0.0
2026-06-27T16:46:14.090Z,34.7,-59,2,-125,0.0
2026-06-27T16:46:14.091Z,34.7,-59,2,-155,0.0
2026-06-27T16:46:14.092Z,33.4,-59,2,-163,0.0
2026-06-27T16:46:14.094Z,33.5,-59,2,-169,0.0
2026-06-27T16:46:14.096Z,34.7,-59,2,-175,0.0
2026-06-27T16:46:14.098Z,33.5,-59,2,-183,0.0
2026-06-27T16:46:14.099Z,34.7,-59,3,-189,0.0
2026-06-27T16:46:14.100Z,34.7,-59,2,-196,0.0
2026-06-27T16:46:14.101Z,34.7,-59,2,-204,0.0
2026-06-27T16:46:14.102Z,34.7,-59,2,-211,0.0
2026-06-27T16:46:14.223Z,36.0,-59,2,-102,0.0
2026-06-27T16:46:14.224Z,34.7,-59,2,-108,0.0
2026-06-27T16:46:14.226Z,34.7,-59,2,-138,0.0
2026-06-27T16:46:14.227Z,33.5,-58,2,-145,0.0
2026-06-27T16:46:14.229Z,34.7,-58,3,-154,0.0
2026-06-27T16:46:14.230Z,33.5,-58,2,-161,0.0
2026-06-27T16:46:14.231Z,33.6,-58,2,-168,0.0
2026-06-27T16:46:14.232Z,34.7,-58,2,-175,0.0
2026-06-27T16:46:14.234Z,34.7,-58,2,-181,0.0
2026-06-27T16:46:14.235Z,33.5,-58,2,-189,0.0
2026-06-27T16:46:14.236Z,35.5,-58,3,-196,0.0
2026-06-27T16:46:14.237Z,34.8,-58,2,-203,0.0
2026-06-27T16:46:14.238Z,35.5,-58,2,-211,0.0
2026-06-27T16:46:14.345Z,35.5,-58,10,-119,0.0
2026-06-27T16:46:14.347Z,33.5,-58,2,-125,0.0
2026-06-27T16:46:14.349Z,34.7,-58,2,-155,0.0
2026-06-27T16:46:14.350Z,34.7,-58,2,-162,0.0
2026-06-27T16:46:14.351Z,35.5,-58,3,-170,0.0
2026-06-27T16:46:14.353Z,34.7,-58,2,-177,0.0
2026-06-27T16:46:14.354Z,34.7,-58,2,-183,0.0
2026-06-27T16:46:14.355Z,35.5,-58,2,-191,0.0
2026-06-27T16:46:14.356Z,34.7,-58,2,-198,0.0
2026-06-27T16:46:14.357Z,35.5,-58,2,-207,0.0
2026-06-27T16:46:14.358Z,35.5,-58,2,-215,0.0
2026-06-27T16:46:14.405Z,35.5,-58,2,-176,0.0
2026-06-27T16:46:14.407Z,35.5,-58,3,-183,0.0
2026-06-27T16:46:14.409Z,34.7,-58,2,-212,0.0
2026-06-27T16:46:14.548Z,35.5,-58,2,-109,0.0
2026-06-27T16:46:14.555Z,35.5,-58,2,-108,0.0
2026-06-27T16:46:14.558Z,35.5,-58,2,-112,0.0
2026-06-27T16:46:14.561Z,35.5,-59,2,-118,0.0
2026-06-27T16:46:14.563Z,35.5,-59,2,-148,0.0
2026-06-27T16:46:14.565Z,33.5,-59,2,-154,0.0
2026-06-27T16:46:14.566Z,34.7,-59,2,-161,0.0
2026-06-27T16:46:14.568Z,33.5,-59,2,-168,0.0
2026-06-27T16:46:14.569Z,34.7,-59,2,-174,0.0
2026-06-27T16:46:14.570Z,33.5,-59,2,-182,0.0
2026-06-27T16:46:14.572Z,33.5,-59,3,-188,0.0
2026-06-27T16:46:14.573Z,35.5,-59,2,-196,0.0
2026-06-27T16:46:14.705Z,34.7,-59,6,-79,0.0
2026-06-27T16:46:14.706Z,35.5,-59,2,-84,0.0
2026-06-27T16:46:14.708Z,34.7,-59,2,-115,0.0
2026-06-27T16:46:14.709Z,34.7,-59,3,-145,0.0
2026-06-27T16:46:14.710Z,34.7,-59,2,-153,0.0
2026-06-27T16:46:14.713Z,34.7,-59,3,-159,0.0
2026-06-27T16:46:14.714Z,34.7,-59,2,-165,0.0
2026-06-27T16:46:14.715Z,34.7,-59,2,-173,0.0
2026-06-27T16:46:14.717Z,34.7,-59,3,-179,0.0
2026-06-27T16:46:14.718Z,34.7,-59,2,-186,0.0
2026-06-27T16:46:14.719Z,34.7,-59,2,-194,0.0
2026-06-27T16:46:14.720Z,34.7,-59,3,-201,0.0
2026-06-27T16:46:14.761Z,34.7,-59,2,-171,0.0
2026-06-27T16:46:14.770Z,34.7,-59,5,-175,0.0
2026-06-27T16:46:14.773Z,35.5,-59,3,-177,0.0
2026-06-27T16:46:14.776Z,35.5,-59,3,-205,0.0
2026-06-27T16:46:14.849Z,34.7,-59,2,-139,0.0
2026-06-27T16:46:14.851Z,35.5,-59,6,-149,0.0
2026-06-27T16:46:14.853Z,34.7,-59,2,-156,0.0
2026-06-27T16:46:14.854Z,35.5,-59,3,-185,0.0
2026-06-27T16:46:14.856Z,34.7,-59,2,-217,0.0
2026-06-27T16:46:14.953Z,36.0,-59,6,-132,0.0
2026-06-27T16:46:14.956Z,34.7,-58,3,-138,0.0
2026-06-27T16:46:14.958Z,34.7,-58,2,-167,0.0
2026-06-27T16:46:14.960Z,34.7,-58,2,-196,0.0
2026-06-27T16:46:14.961Z,34.7,-58,2,-204,0.0
2026-06-27T16:46:14.963Z,34.7,-58,2,-210,0.0
2026-06-27T16:46:15.005Z,34.7,-58,2,-176,0.0
2026-06-27T16:46:15.008Z,34.7,-58,6,-186,0.0
2026-06-27T16:46:15.009Z,34.7,-58,2,-192,0.0
2026-06-27T16:46:15.010Z,34.7,-58,2,-223,0.0
2026-06-27T16:46:15.153Z,34.7,-58,2,-111,0.0
2026-06-27T16:46:15.156Z,34.7,-58,3,-117,0.0
2026-06-27T16:46:15.157Z,34.7,-58,3,-148,0.0
2026-06-27T16:46:15.159Z,33.5,-58,2,-155,0.0
2026-06-27T16:46:15.160Z,34.7,-58,3,-162,0.0
2026-06-27T16:46:15.161Z,34.7,-58,2,-169,0.0
2026-06-27T16:46:15.162Z,34.7,-58,2,-177,0.0
2026-06-27T16:46:15.164Z,33.5,-58,3,-183,0.0
2026-06-27T16:46:15.165Z,34.7,-58,2,-190,0.0
2026-06-27T16:46:15.166Z,34.7,-58,2,-198,0.0
2026-06-27T16:46:15.167Z,34.7,-58,3,-205,0.0
2026-06-27T16:46:15.168Z,34.7,-58,2,-212,0.0
2026-06-27T16:46:15.212Z,34.7,-58,6,-183,0.0
2026-06-27T16:46:15.215Z,36.0,-59,2,-189,0.0
2026-06-27T16:46:15.216Z,34.7,-59,2,-219,0.0
2026-06-27T16:46:15.360Z,34.7,-59,2,-106,0.0
2026-06-27T16:46:15.362Z,34.7,-59,3,-113,0.0
2026-06-27T16:46:15.364Z,34.7,-59,3,-143,0.0
2026-06-27T16:46:15.366Z,33.5,-58,2,-150,0.0
2026-06-27T16:46:15.371Z,34.7,-58,2,-154,0.0
2026-06-27T16:46:15.373Z,34.7,-58,3,-160,0.0
2026-06-27T16:46:15.374Z,33.5,-58,2,-166,0.0
2026-06-27T16:46:15.376Z,34.8,-58,2,-174,0.0
2026-06-27T16:46:15.377Z,34.7,-58,2,-180,0.0
2026-06-27T16:46:15.379Z,33.5,-58,2,-187,0.0
2026-06-27T16:46:15.380Z,33.5,-58,2,-193,0.0
2026-06-27T16:46:15.382Z,34.7,-58,2,-201,0.0
2026-06-27T16:46:15.383Z,34.7,-58,3,-207,0.0
2026-06-27T16:46:15.522Z,34.7,-58,7,-86,0.0
2026-06-27T16:46:15.527Z,34.7,-58,2,-86,0.0
2026-06-27T16:46:15.534Z,34.7,-58,2,-109,0.0
2026-06-27T16:46:15.536Z,34.7,-58,2,-139,0.0
2026-06-27T16:46:15.538Z,34.7,-58,3,-145,0.0
2026-06-27T16:46:15.541Z,34.7,-58,2,-151,0.0
2026-06-27T16:46:15.542Z,34.7,-58,3,-157,0.0
2026-06-27T16:46:15.544Z,34.8,-58,2,-164,0.0
2026-06-27T16:46:15.545Z,34.7,-58,2,-171,0.0
2026-06-27T16:46:15.547Z,34.7,-58,3,-178,0.0
2026-06-27T16:46:15.548Z,34.7,-58,2,-184,0.0
2026-06-27T16:46:15.549Z,34.7,-58,2,-192,0.0
2026-06-27T16:46:15.564Z,34.8,-58,2,-188,0.0
2026-06-27T16:46:15.566Z,34.7,-58,2,-194,0.0
2026-06-27T16:46:15.567Z,34.8,-58,2,-225,0.0
2026-06-27T16:46:15.693Z,34.7,-58,2,-107,0.0
2026-06-27T16:46:15.696Z,34.7,-58,3,-113,0.0
2026-06-27T16:46:15.699Z,34.7,-58,3,-141,0.0
2026-06-27T16:46:15.700Z,34.8,-58,2,-173,0.0
2026-06-27T16:46:15.701Z,34.7,-58,3,-180,0.0
2026-06-27T16:46:15.703Z,34.8,-58,2,-187,0.0
2026-06-27T16:46:15.704Z,34.8,-58,2,-193,0.0
2026-06-27T16:46:15.705Z,34.7,-58,2,-201,0.0
2026-06-27T16:46:15.776Z,34.7,-58,2,-165,0.0
2026-06-27T16:46:15.784Z,34.7,-58,2,-164,0.0
2026-06-27T16:46:15.787Z,34.7,-58,2,-193,0.0
2026-06-27T16:46:15.789Z,34.7,-58,2,-198,0.0
2026-06-27T16:46:15.791Z,34.7,-58,2,-203,0.0
2026-06-27T16:46:15.830Z,34.7,-58,5,-177,0.0
2026-06-27T16:46:15.832Z,34.7,-58,4,-184,0.0
2026-06-27T16:46:15.833Z,34.7,-58,3,-213,0.0
2026-06-27T16:46:15.980Z,34.8,-58,2,-99,0.0
2026-06-27T16:46:15.982Z,34.7,-58,3,-104,0.0
2026-06-27T16:46:15.983Z,34.8,-58,2,-134,0.0
2026-06-27T16:46:15.986Z,34.8,-58,3,-141,0.0
2026-06-27T16:46:15.987Z,34.7,-58,3,-148,0.0
2026-06-27T16:46:15.988Z,34.8,-58,2,-155,0.0
2026-06-27T16:46:15.989Z,34.8,-58,2,-163,0.0
2026-06-27T16:46:15.991Z,34.7,-58,3,-169,0.0
2026-06-27T16:46:15.992Z,34.7,-58,2,-176,0.0
2026-06-27T16:46:15.993Z,34.7,-58,2,-184,0.0
2026-06-27T16:46:15.994Z,34.7,-58,3,-191,0.0
2026-06-27T16:46:15.995Z,34.8,-58,2,-198,0.0
2026-06-27T16:46:15.996Z,34.7,-58,2,-207,0.0
2026-06-27T16:46:16.125Z,34.8,-57,5,-90,0.0
2026-06-27T16:46:16.128Z,34.7,-57,2,-119,0.0
2026-06-27T16:46:16.129Z,33.5,-57,2,-125,0.0
2026-06-27T16:46:16.130Z,34.8,-57,2,-156,0.0
2026-06-27T16:46:16.131Z,33.5,-57,2,-164,0.0
2026-06-27T16:46:16.133Z,34.7,-57,2,-170,0.0
2026-06-27T16:46:16.134Z,33.5,-57,2,-177,0.0
2026-06-27T16:46:16.135Z,33.5,-57,2,-185,0.0
2026-06-27T16:46:16.136Z,33.5,-57,3,-192,0.0
2026-06-27T16:46:16.137Z,33.5,-57,2,-199,0.0
2026-06-27T16:46:16.139Z,33.5,-57,2,-206,0.0
2026-06-27T16:46:16.140Z,33.5,-57,2,-213,0.0
2026-06-27T16:46:16.262Z,34.7,-57,3,-102,0.0
2026-06-27T16:46:16.264Z,34.7,-57,2,-108,0.0
2026-06-27T16:46:16.267Z,34.7,-57,2,-137,0.0
2026-06-27T16:46:16.268Z,34.7,-57,4,-145,0.0
2026-06-27T16:46:16.269Z,33.5,-59,2,-153,0.0
2026-06-27T16:46:16.270Z,34.7,-59,2,-161,0.0
2026-06-27T16:46:16.271Z,34.8,-59,3,-168,0.0
2026-06-27T16:46:16.273Z,34.8,-59,2,-174,0.0
2026-06-27T16:46:16.274Z,34.7,-59,2,-182,0.0
2026-06-27T16:46:16.275Z,33.5,-59,3,-189,0.0
2026-06-27T16:46:16.276Z,34.8,-59,2,-196,0.0
2026-06-27T16:46:16.277Z,34.8,-59,2,-204,0.0
2026-06-27T16:46:16.278Z,33.5,-59,2,-211,0.0
2026-06-27T16:46:16.386Z,34.7,-59,8,-119,0.0
2026-06-27T16:46:16.387Z,34.7,-59,3,-125,0.0
2026-06-27T16:46:16.388Z,34.7,-58,3,-132,0.0
2026-06-27T16:46:16.389Z,34.7,-58,2,-162,0.0
2026-06-27T16:46:16.392Z,34.7,-58,2,-168,0.0
2026-06-27T16:46:16.393Z,34.7,-58,2,-176,0.0
2026-06-27T16:46:16.394Z,34.8,-58,3,-183,0.0
2026-06-27T16:46:16.396Z,33.5,-58,2,-189,0.0
2026-06-27T16:46:16.397Z,34.8,-58,2,-197,0.0
2026-06-27T16:46:16.398Z,34.8,-58,2,-204,0.0
2026-06-27T16:46:16.399Z,34.7,-58,2,-211,0.0
2026-06-27T16:46:16.545Z,34.7,-58,4,-79,0.0
2026-06-27T16:46:16.548Z,34.7,-58,3,-82,0.0
2026-06-27T16:46:16.549Z,34.8,-58,2,-112,0.0
2026-06-27T16:46:16.550Z,34.8,-58,2,-144,0.0
2026-06-27T16:46:16.552Z,33.5,-58,3,-150,0.0
2026-06-27T16:46:16.553Z,33.5,-58,2,-157,0.0
2026-06-27T16:46:16.554Z,34.7,-58,2,-165,0.0
2026-06-27T16:46:16.555Z,34.7,-58,3,-172,0.0
2026-06-27T16:46:16.556Z,34.8,-58,2,-179,0.0
2026-06-27T16:46:16.558Z,34.7,-58,2,-187,0.0
2026-06-27T16:46:16.559Z,34.7,-58,3,-193,0.0
2026-06-27T16:46:16.560Z,34.7,-58,2,-200,0.0
2026-06-27T16:46:16.561Z,34.7,-58,2,-208,0.0
2026-06-27T16:46:16.667Z,34.7,-58,5,-113,0.0
2026-06-27T16:46:16.669Z,34.7,-58,3,-119,0.0
2026-06-27T16:46:16.670Z,34.8,-58,2,-149,0.0
2026-06-27T16:46:16.671Z,34.7,-59,2,-156,0.0
2026-06-27T16:46:16.673Z,34.8,-59,3,-164,0.0
2026-06-27T16:46:16.675Z,33.5,-59,2,-170,0.0
2026-06-27T16:46:16.676Z,33.5,-59,2,-178,0.0
2026-06-27T16:46:16.678Z,34.8,-59,2,-184,0.0
2026-06-27T16:46:16.679Z,34.7,-59,2,-191,0.0
2026-06-27T16:46:16.680Z,34.8,-59,2,-199,0.0
2026-06-27T16:46:16.681Z,34.7,-59,3,-206,0.0
2026-06-27T16:46:16.682Z,34.8,-59,2,-213,0.0
2026-06-27T16:46:16.730Z,34.7,-59,2,-182,0.0
2026-06-27T16:46:16.738Z,34.8,-59,6,-184,0.0
2026-06-27T16:46:16.741Z,35.5,-58,2,-188,0.0
2026-06-27T16:46:16.876Z,34.7,-58,2,-83,0.0
2026-06-27T16:46:16.878Z,34.7,-58,3,-89,0.0
2026-06-27T16:46:16.880Z,34.8,-58,2,-119,0.0
2026-06-27T16:46:16.882Z,34.8,-58,2,-149,0.0
2026-06-27T16:46:16.884Z,33.5,-58,2,-156,0.0
2026-06-27T16:46:16.885Z,33.5,-58,3,-163,0.0
2026-06-27T16:46:16.886Z,33.5,-58,2,-170,0.0
2026-06-27T16:46:16.887Z,33.5,-58,2,-177,0.0
2026-06-27T16:46:16.888Z,33.5,-58,2,-185,0.0
2026-06-27T16:46:16.890Z,33.5,-58,2,-191,0.0
2026-06-27T16:46:16.891Z,33.5,-58,2,-198,0.0
2026-06-27T16:46:16.892Z,33.5,-58,2,-206,0.0
2026-06-27T16:46:16.893Z,33.5,-58,3,-213,0.0
2026-06-27T16:46:16.999Z,34.7,-58,5,-118,0.0
2026-06-27T16:46:17.001Z,34.8,-58,2,-124,0.0
2026-06-27T16:46:17.002Z,34.7,-58,2,-131,0.0
2026-06-27T16:46:17.003Z,34.7,-58,2,-162,0.0
2026-06-27T16:46:17.004Z,34.7,-58,2,-170,0.0
2026-06-27T16:46:17.005Z,34.7,-58,2,-177,0.0
2026-06-27T16:46:17.007Z,33.5,-58,2,-185,0.0
2026-06-27T16:46:17.008Z,34.7,-58,3,-191,0.0
2026-06-27T16:46:17.009Z,34.7,-58,2,-198,0.0
2026-06-27T16:46:17.010Z,33.5,-58,2,-206,0.0
2026-06-27T16:46:17.011Z,34.7,-58,2,-213,0.0
2026-06-27T16:46:17.104Z,34.8,-58,5,-133,0.0
2026-06-27T16:46:17.111Z,34.7,-58,3,-134,0.0
2026-06-27T16:46:17.112Z,34.8,-58,2,-162,0.0
2026-06-27T16:46:17.114Z,34.8,-58,2,-193,0.0
2026-06-27T16:46:17.115Z,33.5,-58,2,-200,0.0
2026-06-27T16:46:17.116Z,34.8,-58,2,-208,0.0
2026-06-27T16:46:17.117Z,34.8,-58,2,-215,0.0
2026-06-27T16:46:17.206Z,34.8,-58,6,-138,0.0
2026-06-27T16:46:17.207Z,34.8,-58,2,-144,0.0
2026-06-27T16:46:17.208Z,34.8,-58,2,-175,0.0
2026-06-27T16:46:17.209Z,34.8,-58,2,-206,0.0
2026-06-27T16:46:17.211Z,34.8,-58,2,-214,0.0
2026-06-27T16:46:17.212Z,34.8,-58,3,-220,0.0
2026-06-27T16:46:17.376Z,34.7,-57,6,-70,0.0
2026-06-27T16:46:17.377Z,34.7,-57,3,-76,0.0
2026-06-27T16:46:17.378Z,34.7,-57,2,-106,0.0
2026-06-27T16:46:17.379Z,34.7,-57,2,-138,0.0
2026-06-27T16:46:17.381Z,34.7,-57,3,-144,0.0
2026-06-27T16:46:17.383Z,34.7,-57,2,-150,0.0
2026-06-27T16:46:17.384Z,34.7,-57,2,-158,0.0
2026-06-27T16:46:17.386Z,33.5,-57,3,-164,0.0
2026-06-27T16:46:17.387Z,34.7,-57,2,-171,0.0
2026-06-27T16:46:17.388Z,34.7,-57,2,-179,0.0
2026-06-27T16:46:17.389Z,34.7,-57,3,-186,0.0
2026-06-27T16:46:17.390Z,34.7,-57,2,-193,0.0
2026-06-27T16:46:17.499Z,34.7,-57,2,-93,0.0
2026-06-27T16:46:17.501Z,33.5,-57,5,-101,0.0
2026-06-27T16:46:17.503Z,34.8,-57,2,-107,0.0
2026-06-27T16:46:17.504Z,34.7,-57,2,-138,0.0
2026-06-27T16:46:17.505Z,34.7,-58,2,-145,0.0
2026-06-27T16:46:17.508Z,33.5,-58,3,-152,0.0
2026-06-27T16:46:17.509Z,34.7,-58,2,-160,0.0
2026-06-27T16:46:17.510Z,34.7,-58,2,-167,0.0
2026-06-27T16:46:17.512Z,34.7,-58,2,-173,0.0
2026-06-27T16:46:17.513Z,34.7,-58,2,-181,0.0
2026-06-27T16:46:17.514Z,33.5,-58,2,-188,0.0
2026-06-27T16:46:17.515Z,34.7,-58,2,-195,0.0
2026-06-27T16:46:17.516Z,33.5,-58,2,-202,0.0
2026-06-27T16:46:17.612Z,34.7,-58,5,-121,0.0
2026-06-27T16:46:17.614Z,36.0,-58,3,-128,0.0
2026-06-27T16:46:17.616Z,36.0,-58,2,-133,0.0
2026-06-27T16:46:17.618Z,35.5,-58,2,-163,0.0
2026-06-27T16:46:17.619Z,35.5,-58,2,-171,0.0
2026-06-27T16:46:17.622Z,34.7,-58,2,-177,0.0
2026-06-27T16:46:17.623Z,34.7,-58,2,-183,0.0
2026-06-27T16:46:17.624Z,34.8,-58,2,-191,0.0
2026-06-27T16:46:17.625Z,34.8,-58,3,-198,0.0
2026-06-27T16:46:17.626Z,34.8,-58,2,-205,0.0
2026-06-27T16:46:17.627Z,35.5,-58,2,-213,0.0
2026-06-27T16:46:17.665Z,35.5,-58,3,-189,0.0
2026-06-27T16:46:17.667Z,35.5,-58,2,-195,0.0
2026-06-27T16:46:17.668Z,34.7,-58,3,-225,0.0
2026-06-27T16:46:17.819Z,34.7,-58,2,-106,0.0
2026-06-27T16:46:17.821Z,34.7,-58,3,-112,0.0
2026-06-27T16:46:17.822Z,36.0,-58,2,-144,0.0
2026-06-27T16:46:17.825Z,35.5,-57,3,-149,0.0
2026-06-27T16:46:17.827Z,34.7,-57,2,-157,0.0
2026-06-27T16:46:17.828Z,34.8,-57,2,-163,0.0
2026-06-27T16:46:17.829Z,34.8,-57,2,-170,0.0
2026-06-27T16:46:17.830Z,34.7,-57,2,-178,0.0
2026-06-27T16:46:17.831Z,34.7,-57,2,-185,0.0
2026-06-27T16:46:17.832Z,34.7,-57,2,-192,0.0
2026-06-27T16:46:17.833Z,34.7,-57,2,-199,0.0
2026-06-27T16:46:17.834Z,34.7,-57,2,-207,0.0
2026-06-27T16:46:17.835Z,36.0,-57,2,-214,0.0
2026-06-27T16:46:17.925Z,34.7,-58,6,-138,0.0
2026-06-27T16:46:17.928Z,35.5,-58,2,-142,0.0
2026-06-27T16:46:17.933Z,35.5,-58,2,-169,0.0
2026-06-27T16:46:17.935Z,34.7,-58,2,-199,0.0
2026-06-27T16:46:17.936Z,34.7,-58,2,-206,0.0
2026-06-27T16:46:17.937Z,34.7,-58,2,-213,0.0
2026-06-27T16:46:17.971Z,34.7,-58,6,-191,0.0
2026-06-27T16:46:17.973Z,36.0,-58,2,-198,0.0
2026-06-27T16:46:17.974Z,34.7,-58,2,-227,0.0
2026-06-27T16:46:18.111Z,34.7,-58,3,-102,0.0
2026-06-27T16:46:18.112Z,34.7,-58,3,-109,0.0
2026-06-27T16:46:18.114Z,34.7,-58,2,-138,0.0
2026-06-27T16:46:18.115Z,34.7,-59,2,-145,0.0
2026-06-27T16:46:18.118Z,34.7,-59,2,-151,0.0
2026-06-27T16:46:18.119Z,34.7,-59,2,-159,0.0
2026-06-27T16:46:18.120Z,34.7,-59,3,-166,0.0
2026-06-27T16:46:18.122Z,34.7,-59,2,-173,0.0
2026-06-27T16:46:18.123Z,34.7,-59,2,-180,0.0
2026-06-27T16:46:18.124Z,34.7,-59,3,-187,0.0
2026-06-27T16:46:18.125Z,34.7,-59,2,-194,0.0
2026-06-27T16:46:18.126Z,34.7,-59,2,-202,0.0
2026-06-27T16:46:18.232Z,34.7,-59,3,-109,0.0
2026-06-27T16:46:18.242Z,34.7,-59,5,-110,0.0
2026-06-27T16:46:18.248Z,34.7,-59,2,-108,0.0
2026-06-27T16:46:18.251Z,34.7,-58,2,-113,0.0
2026-06-27T16:46:18.253Z,34.7,-58,2,-143,0.0
2026-06-27T16:46:18.254Z,34.7,-58,3,-151,0.0
2026-06-27T16:46:18.256Z,34.7,-58,3,-157,0.0
2026-06-27T16:46:18.258Z,34.7,-58,2,-163,0.0
2026-06-27T16:46:18.260Z,33.5,-58,2,-171,0.0
2026-06-27T16:46:18.261Z,34.7,-58,3,-177,0.0
2026-06-27T16:46:18.262Z,34.8,-58,2,-184,0.0
2026-06-27T16:46:18.263Z,35.5,-58,2,-193,0.0
2026-06-27T16:46:18.393Z,35.5,-58,7,-78,0.0
2026-06-27T16:46:18.396Z,34.7,-58,2,-82,0.0
2026-06-27T16:46:18.397Z,35.5,-58,2,-111,0.0
2026-06-27T16:46:18.398Z,36.0,-58,2,-143,0.0
2026-06-27T16:46:18.400Z,34.8,-58,3,-149,0.0
2026-06-27T16:46:18.401Z,34.7,-58,2,-157,0.0
2026-06-27T16:46:18.402Z,34.7,-58,3,-164,0.0
2026-06-27T16:46:18.404Z,34.7,-58,2,-170,0.0
2026-06-27T16:46:18.406Z,34.7,-58,2,-177,0.0
2026-06-27T16:46:18.407Z,34.7,-58,2,-184,0.0
2026-06-27T16:46:18.408Z,34.7,-58,2,-191,0.0
2026-06-27T16:46:18.409Z,34.7,-58,2,-199,0.0
2026-06-27T16:46:18.519Z,34.7,-58,2,-101,0.0
2026-06-27T16:46:18.530Z,34.7,-58,4,-101,0.0
2026-06-27T16:46:18.534Z,35.5,-58,2,-104,0.0
2026-06-27T16:46:18.536Z,34.7,-58,2,-131,0.0
2026-06-27T16:46:18.538Z,36.0,-58,2,-138,0.0
2026-06-27T16:46:18.539Z,33.5,-58,3,-145,0.0
2026-06-27T16:46:18.540Z,34.8,-58,2,-152,0.0
2026-06-27T16:46:18.541Z,34.8,-58,2,-160,0.0
2026-06-27T16:46:18.542Z,33.5,-58,3,-167,0.0
2026-06-27T16:46:18.543Z,34.8,-58,2,-174,0.0
2026-06-27T16:46:18.544Z,34.7,-58,2,-181,0.0
2026-06-27T16:46:18.546Z,34.8,-58,3,-188,0.0
2026-06-27T16:46:18.547Z,34.8,-58,2,-195,0.0
2026-06-27T16:46:18.639Z,35.5,-58,6,-118,0.0
2026-06-27T16:46:18.642Z,35.5,-58,2,-124,0.0
2026-06-27T16:46:18.643Z,36.0,-58,2,-130,0.0
2026-06-27T16:46:18.645Z,34.7,-58,2,-160,0.0
2026-06-27T16:46:18.646Z,33.5,-58,3,-168,0.0
2026-06-27T16:46:18.647Z,34.7,-58,3,-175,0.0
2026-06-27T16:46:18.648Z,34.7,-58,2,-182,0.0
2026-06-27T16:46:18.649Z,34.7,-58,2,-190,0.0
2026-06-27T16:46:18.651Z,34.7,-58,3,-196,0.0
2026-06-27T16:46:18.652Z,34.7,-58,2,-203,0.0
2026-06-27T16:46:18.653Z,34.7,-58,2,-212,0.0
2026-06-27T16:46:18.794Z,34.7,-58,3,-84,0.0
2026-06-27T16:46:18.795Z,34.7,-58,2,-91,0.0
2026-06-27T16:46:18.797Z,34.7,-58,2,-120,0.0
2026-06-27T16:46:18.799Z,36.0,-58,2,-151,0.0
2026-06-27T16:46:18.800Z,35.5,-58,2,-158,0.0
2026-06-27T16:46:18.801Z,36.0,-58,2,-166,0.0
2026-06-27T16:46:18.804Z,35.5,-58,2,-172,0.0
2026-06-27T16:46:18.805Z,34.8,-58,2,-179,0.0
2026-06-27T16:46:18.806Z,34.8,-58,2,-186,0.0
2026-06-27T16:46:18.807Z,34.7,-58,2,-193,0.0
2026-06-27T16:46:18.808Z,34.7,-58,2,-201,0.0
2026-06-27T16:46:18.810Z,34.8,-58,2,-207,0.0
2026-06-27T16:46:18.925Z,34.7,-58,2,-102,0.0
2026-06-27T16:46:18.928Z,36.0,-58,6,-111,0.0
2026-06-27T16:46:18.929Z,36.0,-58,3,-117,0.0
2026-06-27T16:46:18.932Z,36.0,-58,3,-146,0.0
2026-06-27T16:46:18.933Z,36.0,-57,2,-153,0.0
2026-06-27T16:46:18.934Z,36.0,-57,3,-161,0.0
2026-06-27T16:46:18.936Z,36.0,-57,3,-167,0.0
2026-06-27T16:46:18.937Z,36.0,-57,2,-174,0.0
2026-06-27T16:46:18.938Z,34.7,-57,2,-182,0.0
2026-06-27T16:46:18.940Z,34.7,-57,2,-188,0.0
2026-06-27T16:46:18.941Z,34.7,-57,2,-196,0.0
2026-06-27T16:46:18.943Z,34.7,-57,2,-202,0.0
2026-06-27T16:46:18.944Z,36.0,-57,2,-209,0.0
2026-06-27T16:46:19.052Z,36.0,-57,5,-114,0.0
2026-06-27T16:46:19.053Z,36.0,-57,2,-120,0.0
2026-06-27T16:46:19.055Z,36.0,-58,2,-126,0.0
2026-06-27T16:46:19.056Z,36.0,-58,2,-157,0.0
2026-06-27T16:46:19.058Z,34.7,-58,3,-165,0.0
2026-06-27T16:46:19.059Z,34.7,-58,3,-171,0.0
2026-06-27T16:46:19.060Z,34.7,-58,2,-178,0.0
2026-06-27T16:46:19.061Z,34.7,-58,2,-186,0.0
2026-06-27T16:46:19.063Z,34.8,-58,3,-193,0.0
2026-06-27T16:46:19.064Z,34.7,-58,2,-199,0.0
2026-06-27T16:46:19.065Z,34.7,-58,2,-206,0.0
2026-06-27T16:46:19.203Z,36.0,-58,5,-80,0.0
2026-06-27T16:46:19.206Z,34.8,-57,3,-86,0.0
2026-06-27T16:46:19.208Z,34.7,-57,2,-117,0.0
2026-06-27T16:46:19.209Z,34.7,-57,2,-147,0.0
2026-06-27T16:46:19.211Z,34.7,-57,2,-155,0.0
2026-06-27T16:46:19.212Z,34.7,-57,2,-161,0.0
2026-06-27T16:46:19.213Z,34.7,-57,2,-169,0.0
2026-06-27T16:46:19.215Z,34.7,-57,3,-176,0.0
2026-06-27T16:46:19.216Z,34.7,-57,2,-182,0.0
2026-06-27T16:46:19.217Z,34.7,-57,2,-190,0.0
2026-06-27T16:46:19.219Z,34.7,-57,3,-197,0.0
2026-06-27T16:46:19.220Z,34.7,-57,2,-203,0.0
2026-06-27T16:46:19.221Z,36.0,-57,2,-211,0.0
2026-06-27T16:46:19.333Z,34.7,-57,5,-111,0.0
2026-06-27T16:46:19.335Z,34.8,-57,3,-116,0.0
2026-06-27T16:46:19.338Z,36.0,-57,2,-145,0.0
2026-06-27T16:46:19.340Z,34.8,-57,2,-152,0.0
2026-06-27T16:46:19.341Z,34.8,-57,2,-159,0.0
2026-06-27T16:46:19.342Z,34.8,-57,2,-167,0.0
2026-06-27T16:46:19.344Z,34.7,-57,2,-173,0.0
2026-06-27T16:46:19.345Z,34.8,-57,2,-180,0.0
2026-06-27T16:46:19.347Z,36.0,-57,2,-188,0.0
2026-06-27T16:46:19.348Z,34.7,-57,3,-194,0.0
2026-06-27T16:46:19.349Z,36.0,-57,2,-201,0.0
2026-06-27T16:46:19.351Z,34.8,-57,2,-208,0.0
2026-06-27T16:46:19.394Z,34.7,-57,3,-176,0.0
2026-06-27T16:46:19.396Z,36.0,-57,2,-183,0.0
2026-06-27T16:46:19.397Z,36.0,-57,4,-191,0.0
2026-06-27T16:46:19.457Z,36.0,-57,2,-164,0.0
2026-06-27T16:46:19.459Z,36.0,-57,3,-171,0.0
2026-06-27T16:46:19.460Z,36.0,-57,2,-201,0.0
2026-06-27T16:46:19.509Z,36.0,-57,2,-184,0.0
2026-06-27T16:46:19.511Z,34.7,-57,3,-190,0.0
2026-06-27T16:46:19.513Z,36.0,-57,2,-221,0.0
2026-06-27T16:46:19.660Z,34.7,-57,2,-105,0.0
2026-06-27T16:46:19.664Z,34.7,-57,2,-109,0.0
2026-06-27T16:46:19.665Z,34.7,-57,2,-139,0.0
2026-06-27T16:46:19.666Z,34.7,-58,2,-147,0.0
2026-06-27T16:46:19.668Z,34.8,-58,2,-153,0.0
2026-06-27T16:46:19.669Z,34.8,-58,2,-161,0.0
2026-06-27T16:46:19.671Z,34.8,-58,3,-168,0.0
2026-06-27T16:46:19.672Z,34.8,-58,2,-174,0.0
2026-06-27T16:46:19.674Z,34.8,-58,2,-181,0.0
2026-06-27T16:46:19.675Z,34.8,-58,3,-188,0.0
2026-06-27T16:46:19.676Z,34.8,-58,2,-195,0.0
2026-06-27T16:46:19.678Z,34.8,-58,2,-203,0.0
2026-06-27T16:46:19.679Z,34.8,-58,2,-211,0.0
2026-06-27T16:46:19.812Z,34.8,-58,7,-90,0.0
2026-06-27T16:46:19.814Z,34.8,-58,2,-96,0.0
2026-06-27T16:46:19.815Z,34.8,-58,2,-127,0.0
2026-06-27T16:46:19.816Z,34.8,-58,2,-158,0.0
2026-06-27T16:46:19.819Z,34.8,-58,2,-164,0.0
2026-06-27T16:46:19.820Z,34.7,-58,2,-171,0.0
2026-06-27T16:46:19.821Z,34.8,-58,2,-178,0.0
2026-06-27T16:46:19.822Z,34.7,-58,2,-185,0.0
2026-06-27T16:46:19.824Z,34.8,-58,2,-192,0.0
2026-06-27T16:46:19.825Z,34.8,-58,2,-199,0.0
2026-06-27T16:46:19.826Z,34.8,-58,2,-207,0.0
2026-06-27T16:46:19.827Z,34.7,-58,2,-214,0.0
2026-06-27T16:46:19.867Z,34.7,-58,2,-187,0.0
2026-06-27T16:46:19.870Z,34.7,-58,2,-191,0.0
2026-06-27T16:46:19.871Z,34.8,-58,2,-221,0.0
2026-06-27T16:46:19.967Z,36.0,-58,3,-135,0.0
2026-06-27T16:46:19.969Z,34.7,-57,2,-141,0.0
2026-06-27T16:46:19.971Z,34.8,-57,2,-172,0.0
2026-06-27T16:46:19.972Z,34.8,-57,2,-202,0.0
2026-06-27T16:46:19.973Z,34.7,-57,2,-210,0.0
2026-06-27T16:46:19.974Z,34.7,-57,2,-217,0.0
2026-06-27T16:46:20.072Z,34.8,-57,2,-128,0.0
2026-06-27T16:46:20.075Z,34.7,-57,6,-137,0.0
2026-06-27T16:46:20.076Z,34.8,-57,2,-143,0.0
2026-06-27T16:46:20.077Z,34.8,-57,2,-173,0.0
2026-06-27T16:46:20.079Z,34.8,-57,2,-204,0.0
2026-06-27T16:46:20.080Z,34.7,-57,2,-211,0.0
2026-06-27T16:46:20.081Z,34.8,-57,2,-219,0.0
2026-06-27T16:46:20.226Z,34.8,-57,3,-82,0.0
2026-06-27T16:46:20.229Z,34.7,-57,3,-89,0.0
2026-06-27T16:46:20.230Z,34.7,-57,3,-118,0.0
2026-06-27T16:46:20.231Z,34.7,-57,2,-150,0.0
2026-06-27T16:46:20.233Z,34.7,-57,3,-156,0.0
2026-06-27T16:46:20.234Z,34.7,-57,2,-163,0.0
2026-06-27T16:46:20.235Z,34.7,-57,2,-171,0.0
2026-06-27T16:46:20.236Z,34.7,-57,2,-178,0.0
2026-06-27T16:46:20.237Z,34.7,-57,2,-185,0.0
2026-06-27T16:46:20.238Z,34.7,-57,2,-193,0.0
2026-06-27T16:46:20.239Z,34.7,-57,2,-200,0.0
2026-06-27T16:46:20.240Z,34.7,-57,2,-207,0.0
2026-06-27T16:46:20.241Z,34.7,-57,2,-215,0.0
2026-06-27T16:46:20.358Z,34.7,-57,4,-110,0.0
2026-06-27T16:46:20.361Z,34.8,-57,3,-115,0.0
2026-06-27T16:46:20.362Z,34.8,-57,3,-144,0.0
2026-06-27T16:46:20.363Z,34.8,-58,2,-152,0.0
2026-06-27T16:46:20.364Z,34.7,-58,2,-160,0.0
2026-06-27T16:46:20.366Z,34.7,-58,2,-167,0.0
2026-06-27T16:46:20.367Z,34.7,-58,3,-174,0.0
2026-06-27T16:46:20.368Z,34.7,-58,2,-181,0.0
2026-06-27T16:46:20.369Z,34.7,-58,2,-189,0.0
2026-06-27T16:46:20.371Z,34.7,-58,3,-195,0.0
2026-06-27T16:46:20.373Z,34.7,-58,2,-202,0.0
2026-06-27T16:46:20.374Z,34.7,-58,2,-209,0.0
2026-06-27T16:46:20.481Z,34.7,-58,3,-114,0.0
2026-06-27T16:46:20.482Z,34.7,-58,2,-120,0.0
2026-06-27T16:46:20.485Z,34.7,-58,3,-127,0.0
2026-06-27T16:46:20.486Z,34.7,-58,2,-157,0.0
2026-06-27T16:46:20.487Z,34.7,-58,2,-165,0.0
2026-06-27T16:46:20.488Z,34.7,-58,2,-172,0.0
2026-06-27T16:46:20.489Z,34.8,-58,2,-180,0.0
2026-06-27T16:46:20.491Z,34.7,-58,3,-186,0.0
2026-06-27T16:46:20.492Z,34.7,-58,2,-193,0.0
2026-06-27T16:46:20.493Z,34.8,-58,2,-201,0.0
2026-06-27T16:46:20.494Z,34.8,-58,3,-208,0.0
2026-06-27T16:46:20.495Z,34.7,-58,2,-215,0.0
2026-06-27T16:46:20.534Z,34.7,-58,6,-188,0.0
2026-06-27T16:46:20.536Z,34.8,-58,2,-194,0.0
2026-06-27T16:46:20.537Z,34.7,-58,2,-225,0.0
2026-06-27T16:46:20.671Z,34.7,-58,2,-104,0.0
2026-06-27T16:46:20.684Z,34.7,-58,3,-99,0.0
2026-06-27T16:46:20.687Z,34.8,-58,3,-125,0.0
2026-06-27T16:46:20.689Z,34.7,-58,2,-132,0.0
2026-06-27T16:46:20.692Z,34.8,-58,3,-138,0.0
2026-06-27T16:46:20.693Z,34.8,-58,2,-144,0.0
2026-06-27T16:46:20.694Z,34.7,-58,2,-152,0.0
2026-06-27T16:46:20.695Z,34.7,-58,2,-159,0.0
2026-06-27T16:46:20.696Z,34.8,-58,2,-166,0.0
2026-06-27T16:46:20.697Z,34.8,-58,2,-174,0.0
2026-06-27T16:46:20.698Z,34.8,-58,2,-181,0.0
2026-06-27T16:46:20.699Z,34.7,-58,2,-188,0.0
2026-06-27T16:46:20.700Z,34.7,-58,2,-196,0.0
2026-06-27T16:46:20.724Z,34.8,-58,5,-184,0.0
2026-06-27T16:46:20.726Z,34.8,-58,2,-192,0.0
2026-06-27T16:46:20.727Z,34.8,-58,2,-198,0.0
2026-06-27T16:46:20.878Z,34.7,-58,2,-78,0.0
2026-06-27T16:46:20.880Z,34.7,-58,4,-86,0.0
2026-06-27T16:46:20.883Z,34.8,-58,2,-115,0.0
2026-06-27T16:46:20.885Z,34.7,-58,3,-146,0.0
2026-06-27T16:46:20.886Z,34.7,-58,2,-153,0.0
2026-06-27T16:46:20.887Z,34.7,-58,2,-160,0.0
2026-06-27T16:46:20.888Z,34.7,-58,2,-167,0.0
2026-06-27T16:46:20.889Z,34.7,-58,2,-175,0.0
2026-06-27T16:46:20.890Z,34.7,-58,2,-182,0.0
2026-06-27T16:46:20.892Z,34.7,-58,2,-189,0.0
2026-06-27T16:46:20.893Z,34.7,-58,3,-196,0.0
2026-06-27T16:46:20.894Z,34.7,-58,2,-203,0.0
2026-06-27T16:46:20.895Z,34.8,-58,2,-211,0.0
2026-06-27T16:46:21.039Z,36.0,-58,7,-85,0.0
2026-06-27T16:46:21.042Z,34.7,-59,2,-87,0.0
2026-06-27T16:46:21.043Z,34.8,-59,2,-117,0.0
2026-06-27T16:46:21.045Z,34.7,-59,2,-147,0.0
2026-06-27T16:46:21.046Z,34.7,-59,2,-154,0.0
2026-06-27T16:46:21.047Z,34.8,-59,2,-162,0.0
2026-06-27T16:46:21.048Z,34.8,-59,2,-169,0.0
2026-06-27T16:46:21.050Z,34.8,-59,2,-175,0.0
2026-06-27T16:46:21.051Z,34.8,-59,2,-183,0.0
2026-06-27T16:46:21.052Z,34.7,-59,2,-190,0.0
2026-06-27T16:46:21.053Z,34.7,-59,2,-197,0.0
2026-06-27T16:46:21.054Z,34.7,-59,2,-205,0.0
2026-06-27T16:46:21.203Z,36.0,-59,2,-69,0.0
2026-06-27T16:46:21.204Z,34.7,-59,3,-75,0.0
2026-06-27T16:46:21.207Z,34.7,-59,2,-104,0.0
2026-06-27T16:46:21.208Z,34.7,-59,2,-134,0.0
2026-06-27T16:46:21.210Z,34.8,-55,3,-142,0.0
2026-06-27T16:46:21.211Z,34.8,-55,2,-148,0.0
2026-06-27T16:46:21.213Z,34.7,-55,2,-155,0.0
2026-06-27T16:46:21.215Z,34.7,-55,2,-161,0.0
2026-06-27T16:46:21.216Z,34.7,-55,2,-169,0.0
2026-06-27T16:46:21.217Z,34.8,-55,2,-176,0.0
2026-06-27T16:46:21.218Z,34.8,-55,2,-183,0.0
2026-06-27T16:46:21.219Z,34.7,-55,2,-191,0.0
2026-06-27T16:46:21.220Z,34.7,-55,3,-198,0.0
2026-06-27T16:46:21.300Z,34.7,-55,23,-148,0.0
2026-06-27T16:46:21.301Z,34.7,-55,3,-155,0.0
2026-06-27T16:46:21.303Z,34.7,-55,3,-184,0.0
2026-06-27T16:46:21.304Z,34.7,-55,2,-191,0.0
2026-06-27T16:46:21.306Z,34.7,-55,2,-198,0.0
2026-06-27T16:46:21.307Z,34.7,-55,2,-206,0.0
2026-06-27T16:46:21.308Z,34.7,-55,3,-213,0.0
2026-06-27T16:46:21.309Z,36.0,-55,2,-220,0.0
2026-06-27T16:46:21.459Z,36.1,-55,6,-87,0.0
2026-06-27T16:46:21.467Z,34.8,-55,2,-86,0.0
2026-06-27T16:46:21.471Z,34.8,-55,2,-112,0.0
2026-06-27T16:46:21.474Z,34.7,-55,2,-141,0.0
2026-06-27T16:46:21.476Z,34.8,-55,2,-147,0.0
2026-06-27T16:46:21.477Z,34.7,-55,2,-153,0.0
2026-06-27T16:46:21.479Z,34.7,-55,2,-160,0.0
2026-06-27T16:46:21.481Z,34.7,-55,3,-167,0.0
2026-06-27T16:46:21.482Z,34.7,-55,2,-173,0.0
2026-06-27T16:46:21.484Z,34.8,-55,2,-181,0.0
2026-06-27T16:46:21.485Z,34.8,-55,3,-187,0.0
2026-06-27T16:46:21.486Z,34.8,-55,2,-194,0.0
2026-06-27T16:46:21.585Z,34.8,-55,2,-107,0.0
2026-06-27T16:46:21.586Z,34.7,-55,2,-114,0.0
2026-06-27T16:46:21.589Z,35.5,-55,2,-144,0.0
2026-06-27T16:46:21.590Z,34.8,-58,2,-150,0.0
2026-06-27T16:46:21.591Z,34.7,-58,2,-158,0.0
2026-06-27T16:46:21.593Z,34.7,-58,2,-165,0.0
2026-06-27T16:46:21.595Z,34.8,-58,2,-171,0.0
2026-06-27T16:46:21.596Z,34.8,-58,2,-178,0.0
2026-06-27T16:46:21.598Z,34.7,-58,2,-186,0.0
2026-06-27T16:46:21.599Z,34.7,-58,3,-192,0.0
2026-06-27T16:46:21.600Z,34.7,-58,2,-199,0.0
2026-06-27T16:46:21.601Z,34.7,-58,2,-207,0.0
2026-06-27T16:46:21.641Z,34.7,-58,3,-175,0.0
2026-06-27T16:46:21.643Z,34.7,-58,7,-186,0.0
2026-06-27T16:46:21.645Z,36.0,-58,2,-193,0.0
2026-06-27T16:46:21.646Z,34.7,-57,2,-199,0.0
2026-06-27T16:46:21.797Z,34.8,-57,2,-80,0.0
2026-06-27T16:46:21.799Z,34.8,-57,2,-86,0.0
2026-06-27T16:46:21.801Z,34.8,-57,2,-116,0.0
2026-06-27T16:46:21.802Z,34.7,-57,3,-147,0.0
2026-06-27T16:46:21.803Z,34.8,-58,2,-155,0.0
2026-06-27T16:46:21.804Z,34.8,-58,2,-162,0.0
2026-06-27T16:46:21.805Z,34.8,-58,2,-170,0.0
2026-06-27T16:46:21.807Z,34.8,-58,2,-176,0.0
2026-06-27T16:46:21.808Z,34.8,-58,2,-183,0.0
2026-06-27T16:46:21.809Z,34.7,-58,2,-191,0.0
2026-06-27T16:46:21.810Z,34.8,-58,2,-198,0.0
2026-06-27T16:46:21.811Z,34.7,-58,2,-205,0.0
2026-06-27T16:46:21.812Z,33.5,-58,2,-212,0.0
2026-06-27T16:46:21.919Z,36.0,-58,6,-120,0.0
2026-06-27T16:46:21.921Z,34.7,-58,3,-126,0.0
2026-06-27T16:46:21.922Z,34.7,-59,2,-132,0.0
2026-06-27T16:46:21.924Z,34.7,-59,2,-162,0.0
2026-06-27T16:46:21.925Z,34.7,-59,2,-169,0.0
2026-06-27T16:46:21.926Z,34.7,-59,2,-177,0.0
2026-06-27T16:46:21.927Z,34.7,-59,2,-184,0.0
2026-06-27T16:46:21.928Z,34.7,-59,2,-191,0.0
2026-06-27T16:46:21.930Z,34.7,-59,2,-198,0.0
2026-06-27T16:46:21.931Z,34.8,-59,2,-205,0.0
2026-06-27T16:46:21.932Z,34.8,-59,2,-212,0.0
2026-06-27T16:46:22.066Z,36.0,-58,6,-90,0.0
2026-06-27T16:46:22.067Z,35.5,-58,2,-97,0.0
2026-06-27T16:46:22.069Z,34.8,-58,2,-128,0.0
2026-06-27T16:46:22.070Z,34.7,-58,2,-158,0.0
2026-06-27T16:46:22.072Z,34.7,-58,2,-164,0.0
2026-06-27T16:46:22.073Z,34.7,-58,2,-172,0.0
2026-06-27T16:46:22.075Z,34.7,-58,2,-178,0.0
2026-06-27T16:46:22.076Z,34.7,-58,2,-185,0.0
2026-06-27T16:46:22.077Z,34.7,-58,2,-193,0.0
2026-06-27T16:46:22.078Z,33.5,-58,2,-200,0.0
2026-06-27T16:46:22.079Z,33.5,-58,2,-207,0.0
2026-06-27T16:46:22.081Z,34.7,-58,2,-214,0.0
2026-06-27T16:46:22.128Z,34.7,-58,3,-181,0.0
2026-06-27T16:46:22.133Z,34.7,-58,2,-183,0.0
2026-06-27T16:46:22.135Z,34.8,-58,2,-212,0.0
2026-06-27T16:46:22.251Z,34.7,-55,2,-105,0.0
2026-06-27T16:46:22.253Z,34.7,-55,6,-113,0.0
2026-06-27T16:46:22.255Z,36.0,-55,2,-120,0.0
2026-06-27T16:46:22.256Z,34.7,-55,2,-150,0.0
2026-06-27T16:46:22.257Z,34.7,-55,3,-157,0.0
2026-06-27T16:46:22.258Z,35.5,-55,2,-165,0.0
2026-06-27T16:46:22.259Z,34.7,-55,2,-172,0.0
2026-06-27T16:46:22.261Z,33.5,-55,2,-179,0.0
2026-06-27T16:46:22.262Z,34.7,-55,2,-186,0.0
2026-06-27T16:46:22.263Z,34.7,-55,2,-193,0.0
2026-06-27T16:46:22.264Z,34.7,-55,2,-201,0.0
2026-06-27T16:46:22.265Z,34.7,-55,3,-208,0.0
2026-06-27T16:46:22.266Z,34.7,-55,2,-215,0.0
2026-06-27T16:46:22.308Z,34.7,-55,5,-186,0.0
2026-06-27T16:46:22.309Z,36.0,-55,3,-193,0.0
2026-06-27T16:46:22.310Z,36.0,-55,3,-223,0.0
2026-06-27T16:46:22.428Z,36.0,-55,2,-137,0.0
2026-06-27T16:46:22.431Z,36.0,-58,3,-143,0.0
2026-06-27T16:46:22.432Z,36.0,-58,2,-174,0.0
2026-06-27T16:46:22.433Z,34.8,-58,3,-181,0.0
2026-06-27T16:46:22.436Z,34.7,-58,2,-187,0.0
2026-06-27T16:46:22.437Z,34.7,-58,3,-194,0.0
2026-06-27T16:46:22.439Z,34.8,-58,2,-200,0.0
2026-06-27T16:46:22.440Z,34.7,-58,2,-208,0.0
2026-06-27T16:46:22.441Z,34.8,-58,3,-215,0.0
2026-06-27T16:46:22.489Z,34.8,-58,6,-182,0.0
2026-06-27T16:46:22.495Z,36.0,-58,2,-183,0.0
2026-06-27T16:46:22.497Z,34.7,-58,2,-212,0.0
2026-06-27T16:46:22.613Z,36.0,-58,2,-126,0.0
2026-06-27T16:46:22.615Z,34.8,-58,2,-133,0.0
2026-06-27T16:46:22.618Z,34.8,-58,3,-138,0.0
2026-06-27T16:46:22.619Z,35.5,-58,2,-145,0.0
2026-06-27T16:46:22.620Z,34.7,-58,2,-155,0.0
2026-06-27T16:46:22.622Z,34.8,-58,2,-163,0.0
2026-06-27T16:46:22.623Z,34.7,-58,3,-169,0.0
2026-06-27T16:46:22.624Z,34.7,-58,2,-176,0.0
2026-06-27T16:46:22.625Z,34.7,-58,2,-184,0.0
2026-06-27T16:46:22.626Z,34.8,-58,3,-191,0.0
2026-06-27T16:46:22.627Z,33.5,-58,2,-198,0.0
2026-06-27T16:46:22.629Z,34.7,-58,2,-205,0.0
2026-06-27T16:46:22.630Z,34.7,-58,3,-212,0.0
2026-06-27T16:46:22.672Z,34.8,-58,5,-182,0.0
2026-06-27T16:46:22.673Z,36.0,-58,2,-188,0.0
2026-06-27T16:46:22.674Z,34.7,-58,2,-195,0.0
2026-06-27T16:46:22.824Z,34.7,-58,2,-78,0.0
2026-06-27T16:46:22.826Z,34.8,-58,3,-84,0.0
2026-06-27T16:46:22.827Z,34.8,-58,2,-91,0.0
2026-06-27T16:46:22.829Z,34.8,-58,2,-121,0.0
2026-06-27T16:46:22.830Z,34.8,-58,2,-152,0.0
2026-06-27T16:46:22.831Z,33.5,-58,2,-160,0.0
2026-06-27T16:46:22.833Z,34.7,-58,3,-167,0.0
2026-06-27T16:46:22.834Z,34.7,-58,2,-173,0.0
2026-06-27T16:46:22.835Z,34.7,-58,2,-181,0.0
2026-06-27T16:46:22.836Z,34.7,-58,3,-188,0.0
2026-06-27T16:46:22.837Z,34.7,-58,2,-195,0.0
2026-06-27T16:46:22.838Z,34.7,-58,2,-203,0.0
2026-06-27T16:46:22.839Z,34.8,-58,3,-210,0.0
2026-06-27T16:46:22.942Z,34.8,-58,5,-121,0.0
2026-06-27T16:46:22.945Z,34.7,-58,4,-127,0.0
2026-06-27T16:46:22.946Z,34.8,-58,2,-156,0.0
2026-06-27T16:46:22.948Z,34.7,-58,2,-188,0.0
2026-06-27T16:46:22.949Z,34.7,-58,3,-194,0.0
2026-06-27T16:46:22.950Z,34.7,-58,2,-202,0.0
2026-06-27T16:46:22.951Z,34.7,-58,2,-209,0.0
2026-06-27T16:46:22.952Z,34.7,-58,2,-216,0.0
2026-06-27T16:46:22.993Z,34.7,-59,6,-187,0.0
2026-06-27T16:46:22.995Z,34.8,-59,2,-194,0.0
2026-06-27T16:46:22.996Z,34.7,-59,2,-223,0.0
2026-06-27T16:46:23.164Z,34.7,-59,2,-89,0.0
2026-06-27T16:46:23.168Z,34.7,-59,3,-91,0.0
2026-06-27T16:46:23.169Z,34.7,-59,2,-123,0.0
2026-06-27T16:46:23.170Z,33.5,-58,3,-130,0.0
2026-06-27T16:46:23.171Z,34.7,-58,2,-138,0.0
2026-06-27T16:46:23.173Z,34.8,-58,2,-145,0.0
2026-06-27T16:46:23.174Z,33.5,-58,2,-151,0.0
2026-06-27T16:46:23.175Z,34.7,-58,2,-158,0.0
2026-06-27T16:46:23.176Z,34.8,-58,2,-166,0.0
2026-06-27T16:46:23.177Z,33.5,-58,3,-173,0.0
2026-06-27T16:46:23.178Z,34.7,-58,2,-180,0.0
2026-06-27T16:46:23.179Z,34.8,-58,2,-187,0.0
2026-06-27T16:46:23.260Z,34.8,-58,2,-118,0.0
2026-06-27T16:46:23.262Z,34.8,-58,3,-125,0.0
2026-06-27T16:46:23.263Z,34.7,-58,2,-155,0.0
2026-06-27T16:46:23.266Z,34.7,-58,2,-185,0.0
2026-06-27T16:46:23.267Z,34.8,-58,3,-192,0.0
2026-06-27T16:46:23.268Z,33.5,-58,2,-199,0.0
2026-06-27T16:46:23.269Z,34.7,-58,2,-206,0.0
2026-06-27T16:46:23.270Z,34.8,-58,2,-213,0.0
2026-06-27T16:46:23.349Z,35.5,-58,3,-148,0.0
2026-06-27T16:46:23.351Z,34.7,-58,2,-153,0.0
2026-06-27T16:46:23.352Z,34.7,-58,2,-183,0.0
2026-06-27T16:46:23.354Z,34.8,-58,2,-213,0.0
2026-06-27T16:46:23.355Z,34.7,-58,3,-222,0.0
2026-06-27T16:46:23.500Z,34.7,-57,8,-90,0.0
2026-06-27T16:46:23.501Z,34.8,-57,2,-97,0.0
2026-06-27T16:46:23.503Z,34.7,-57,3,-126,0.0
2026-06-27T16:46:23.504Z,34.7,-57,2,-158,0.0
2026-06-27T16:46:23.506Z,34.7,-57,3,-165,0.0
2026-06-27T16:46:23.507Z,34.7,-57,2,-171,0.0
2026-06-27T16:46:23.508Z,33.5,-57,2,-179,0.0
2026-06-27T16:46:23.509Z,33.5,-57,3,-186,0.0
2026-06-27T16:46:23.510Z,34.8,-57,2,-193,0.0
2026-06-27T16:46:23.511Z,33.5,-57,2,-201,0.0
2026-06-27T16:46:23.513Z,34.7,-57,2,-207,0.0
2026-06-27T16:46:23.514Z,33.5,-57,2,-214,0.0
2026-06-27T16:46:23.551Z,34.7,-57,2,-188,0.0
2026-06-27T16:46:23.553Z,34.7,-57,2,-196,0.0
2026-06-27T16:46:23.555Z,34.7,-57,3,-202,0.0
2026-06-27T16:46:23.662Z,35.5,-57,2,-130,0.0
2026-06-27T16:46:23.671Z,34.7,-58,3,-130,0.0
2026-06-27T16:46:23.677Z,34.7,-58,2,-154,0.0
2026-06-27T16:46:23.680Z,34.7,-58,2,-182,0.0
2026-06-27T16:46:23.682Z,34.8,-58,2,-189,0.0
2026-06-27T16:46:23.684Z,34.7,-58,2,-195,0.0
2026-06-27T16:46:23.685Z,34.7,-58,2,-201,0.0
2026-06-27T16:46:23.765Z,34.7,-58,6,-137,0.0
2026-06-27T16:46:23.771Z,34.7,-58,2,-137,0.0
2026-06-27T16:46:23.777Z,34.7,-58,2,-163,0.0
2026-06-27T16:46:23.779Z,34.8,-58,3,-192,0.0
2026-06-27T16:46:23.780Z,33.5,-58,2,-198,0.0
2026-06-27T16:46:23.781Z,34.7,-58,3,-206,0.0
2026-06-27T16:46:23.908Z,34.7,-57,6,-91,0.0
2026-06-27T16:46:23.911Z,34.8,-57,2,-96,0.0
2026-06-27T16:46:23.912Z,34.8,-57,2,-127,0.0
2026-06-27T16:46:23.914Z,34.7,-57,3,-157,0.0
2026-06-27T16:46:23.916Z,34.7,-57,2,-164,0.0
2026-06-27T16:46:23.917Z,33.5,-57,3,-171,0.0
2026-06-27T16:46:23.918Z,33.5,-57,2,-178,0.0
2026-06-27T16:46:23.919Z,34.7,-57,2,-186,0.0
2026-06-27T16:46:23.920Z,34.8,-57,2,-193,0.0
2026-06-27T16:46:23.921Z,34.8,-57,2,-200,0.0
2026-06-27T16:46:23.923Z,34.7,-57,2,-208,0.0
2026-06-27T16:46:23.924Z,34.7,-57,2,-214,0.0
2026-06-27T16:46:24.047Z,34.7,-57,2,-105,0.0
2026-06-27T16:46:24.056Z,34.7,-57,2,-102,0.0
2026-06-27T16:46:24.058Z,34.7,-57,2,-133,0.0
2026-06-27T16:46:24.059Z,34.7,-57,2,-139,0.0
2026-06-27T16:46:24.060Z,33.5,-57,2,-147,0.0
2026-06-27T16:46:24.061Z,34.8,-57,2,-154,0.0
2026-06-27T16:46:24.063Z,34.7,-57,2,-162,0.0
2026-06-27T16:46:24.064Z,34.7,-57,3,-168,0.0
2026-06-27T16:46:24.065Z,34.7,-57,2,-175,0.0
2026-06-27T16:46:24.066Z,33.5,-57,2,-183,0.0
2026-06-27T16:46:24.067Z,34.8,-57,2,-190,0.0
2026-06-27T16:46:24.068Z,34.7,-57,2,-197,0.0
2026-06-27T16:46:24.176Z,34.7,-57,2,-103,0.0
2026-06-27T16:46:24.185Z,34.7,-57,9,-107,0.0
2026-06-27T16:46:24.190Z,34.9,-57,2,-109,0.0
2026-06-27T16:46:24.192Z,34.8,-58,2,-138,0.0
2026-06-27T16:46:24.194Z,34.7,-58,2,-147,0.0
2026-06-27T16:46:24.195Z,34.7,-58,3,-153,0.0
2026-06-27T16:46:24.197Z,33.5,-58,2,-159,0.0
2026-06-27T16:46:24.198Z,34.7,-58,2,-167,0.0
2026-06-27T16:46:24.200Z,34.7,-58,2,-173,0.0
2026-06-27T16:46:24.201Z,34.7,-58,2,-180,0.0
2026-06-27T16:46:24.202Z,34.7,-58,2,-187,0.0
2026-06-27T16:46:24.270Z,34.7,-58,2,-128,0.0
2026-06-27T16:46:24.273Z,34.7,-58,7,-138,0.0
2026-06-27T16:46:24.275Z,34.7,-58,2,-143,0.0
2026-06-27T16:46:24.276Z,34.7,-58,2,-174,0.0
2026-06-27T16:46:24.278Z,34.7,-58,2,-204,0.0
2026-06-27T16:46:24.279Z,34.7,-58,2,-212,0.0
2026-06-27T16:46:24.280Z,34.7,-58,2,-219,0.0
2026-06-27T16:46:24.328Z,34.7,-58,6,-183,0.0
2026-06-27T16:46:24.329Z,34.7,-58,2,-190,0.0
2026-06-27T16:46:24.330Z,34.7,-58,2,-221,0.0
2026-06-27T16:46:24.476Z,34.7,-58,2,-106,0.0
2026-06-27T16:46:24.480Z,34.7,-58,3,-112,0.0
2026-06-27T16:46:24.484Z,34.7,-58,3,-117,0.0
2026-06-27T16:46:24.485Z,34.7,-58,3,-123,0.0
2026-06-27T16:46:24.486Z,34.7,-58,2,-154,0.0
2026-06-27T16:46:24.487Z,34.7,-58,2,-162,0.0
2026-06-27T16:46:24.489Z,34.8,-58,3,-168,0.0
2026-06-27T16:46:24.490Z,33.5,-58,2,-175,0.0
2026-06-27T16:46:24.491Z,34.8,-58,2,-183,0.0
2026-06-27T16:46:24.492Z,33.5,-58,2,-190,0.0
2026-06-27T16:46:24.493Z,34.8,-58,2,-197,0.0
2026-06-27T16:46:24.494Z,34.7,-58,2,-204,0.0
2026-06-27T16:46:24.495Z,34.8,-58,2,-212,0.0
2026-06-27T16:46:24.527Z,34.8,-58,4,-192,0.0
2026-06-27T16:46:24.529Z,34.7,-58,2,-199,0.0
2026-06-27T16:46:24.530Z,34.7,-58,2,-229,0.0
2026-06-27T16:46:24.664Z,34.7,-58,5,-106,0.0
2026-06-27T16:46:24.665Z,34.7,-58,2,-136,0.0
2026-06-27T16:46:24.668Z,34.7,-58,3,-143,0.0
2026-06-27T16:46:24.669Z,34.7,-58,2,-150,0.0
2026-06-27T16:46:24.671Z,34.7,-58,3,-158,0.0
2026-06-27T16:46:24.672Z,34.7,-58,3,-164,0.0
2026-06-27T16:46:24.674Z,34.7,-58,2,-171,0.0
2026-06-27T16:46:24.675Z,34.7,-58,2,-178,0.0
2026-06-27T16:46:24.676Z,33.5,-58,2,-185,0.0
2026-06-27T16:46:24.679Z,34.7,-58,2,-190,0.0
2026-06-27T16:46:24.681Z,33.5,-58,2,-197,0.0
2026-06-27T16:46:24.683Z,34.7,-58,3,-204,0.0
2026-06-27T16:46:24.714Z,34.7,-58,2,-180,0.0
2026-06-27T16:46:24.717Z,34.7,-58,7,-191,0.0
2026-06-27T16:46:24.718Z,34.7,-58,2,-197,0.0
2026-06-27T16:46:24.868Z,34.7,-58,2,-79,0.0
2026-06-27T16:46:24.871Z,34.7,-58,4,-86,0.0
2026-06-27T16:46:24.872Z,34.7,-58,2,-117,0.0
2026-06-27T16:46:24.873Z,34.7,-58,2,-148,0.0
2026-06-27T16:46:24.875Z,34.7,-57,2,-155,0.0
2026-06-27T16:46:24.876Z,34.7,-57,3,-162,0.0
2026-06-27T16:46:24.877Z,34.7,-57,2,-169,0.0
2026-06-27T16:46:24.878Z,34.8,-57,2,-177,0.0
2026-06-27T16:46:24.879Z,34.7,-57,3,-184,0.0
2026-06-27T16:46:24.880Z,34.7,-57,2,-191,0.0
2026-06-27T16:46:24.881Z,34.8,-57,2,-199,0.0
2026-06-27T16:46:24.882Z,33.5,-57,3,-205,0.0
2026-06-27T16:46:24.884Z,34.7,-57,2,-212,0.0
2026-06-27T16:46:24.996Z,34.8,-57,5,-112,0.0
2026-06-27T16:46:24.997Z,34.7,-57,3,-120,0.0
2026-06-27T16:46:25.000Z,34.7,-58,2,-149,0.0
2026-06-27T16:46:25.001Z,34.8,-58,2,-180,0.0
2026-06-27T16:46:25.003Z,34.7,-58,2,-188,0.0
2026-06-27T16:46:25.004Z,34.7,-58,2,-194,0.0
2026-06-27T16:46:25.005Z,34.7,-58,2,-202,0.0
2026-06-27T16:46:25.006Z,34.8,-58,3,-209,0.0
2026-06-27T16:46:25.163Z,33.5,-58,6,-68,0.0
2026-06-27T16:46:25.168Z,34.8,-58,2,-70,0.0
2026-06-27T16:46:25.170Z,34.7,-58,2,-98,0.0
2026-06-27T16:46:25.172Z,34.8,-58,2,-128,0.0
2026-06-27T16:46:25.174Z,34.7,-58,2,-135,0.0
2026-06-27T16:46:25.175Z,34.7,-58,2,-142,0.0
2026-06-27T16:46:25.176Z,34.7,-58,3,-149,0.0
2026-06-27T16:46:25.177Z,33.5,-58,2,-156,0.0
2026-06-27T16:46:25.178Z,33.5,-58,2,-163,0.0
2026-06-27T16:46:25.180Z,34.7,-58,2,-170,0.0
2026-06-27T16:46:25.181Z,34.7,-58,2,-177,0.0
2026-06-27T16:46:25.182Z,33.5,-58,2,-184,0.0
2026-06-27T16:46:25.214Z,33.5,-58,2,-161,0.0
2026-06-27T16:46:25.216Z,34.7,-58,6,-170,0.0
2026-06-27T16:46:25.218Z,34.7,-58,2,-177,0.0
2026-06-27T16:46:25.219Z,34.7,-58,3,-184,0.0
2026-06-27T16:46:25.220Z,34.7,-58,2,-215,0.0
2026-06-27T16:46:25.296Z,34.7,-57,2,-150,0.0
2026-06-27T16:46:25.305Z,33.5,-57,3,-149,0.0
2026-06-27T16:46:25.308Z,34.7,-57,2,-178,0.0
2026-06-27T16:46:25.310Z,34.7,-57,2,-207,0.0
2026-06-27T16:46:25.399Z,33.5,-57,2,-130,0.0
2026-06-27T16:46:25.407Z,34.7,-57,5,-132,0.0
2026-06-27T16:46:25.411Z,34.7,-57,2,-135,0.0
2026-06-27T16:46:25.413Z,34.8,-57,2,-164,0.0
2026-06-27T16:46:25.416Z,34.8,-57,2,-193,0.0
2026-06-27T16:46:25.418Z,33.5,-57,2,-200,0.0
2026-06-27T16:46:25.420Z,34.8,-57,3,-206,0.0
2026-06-27T16:46:25.554Z,34.7,-57,6,-84,0.0
2026-06-27T16:46:25.556Z,33.5,-57,2,-89,0.0
2026-06-27T16:46:25.557Z,34.7,-57,2,-120,0.0
2026-06-27T16:46:25.558Z,35.5,-57,3,-151,0.0
2026-06-27T16:46:25.560Z,33.5,-57,2,-158,0.0
2026-06-27T16:46:25.561Z,34.8,-57,3,-165,0.0
2026-06-27T16:46:25.562Z,34.8,-57,2,-172,0.0
2026-06-27T16:46:25.563Z,34.7,-57,2,-180,0.0
2026-06-27T16:46:25.564Z,34.7,-57,3,-187,0.0
2026-06-27T16:46:25.566Z,35.5,-57,2,-193,0.0
2026-06-27T16:46:25.567Z,34.7,-57,2,-201,0.0
2026-06-27T16:46:25.568Z,34.7,-57,3,-208,0.0
2026-06-27T16:46:25.684Z,34.8,-57,2,-100,0.0
2026-06-27T16:46:25.686Z,34.7,-57,6,-111,0.0
2026-06-27T16:46:25.688Z,36.0,-57,2,-118,0.0
2026-06-27T16:46:25.689Z,34.7,-57,2,-147,0.0
2026-06-27T16:46:25.690Z,36.0,-58,2,-155,0.0
2026-06-27T16:46:25.693Z,34.7,-58,3,-161,0.0
2026-06-27T16:46:25.694Z,34.7,-58,3,-168,0.0
2026-06-27T16:46:25.695Z,34.8,-58,2,-175,0.0
2026-06-27T16:46:25.696Z,34.7,-58,2,-183,0.0
2026-06-27T16:46:25.698Z,34.8,-58,3,-189,0.0
2026-06-27T16:46:25.699Z,35.5,-58,2,-197,0.0
2026-06-27T16:46:25.700Z,34.7,-58,2,-204,0.0
2026-06-27T16:46:25.701Z,36.0,-58,2,-211,0.0
2026-06-27T16:46:25.741Z,34.8,-58,6,-187,0.0
2026-06-27T16:46:25.742Z,36.0,-58,2,-194,0.0
2026-06-27T16:46:25.743Z,36.0,-58,2,-225,0.0
2026-06-27T16:46:25.898Z,35.5,-58,2,-79,0.0
2026-06-27T16:46:25.901Z,36.0,-58,3,-85,0.0
2026-06-27T16:46:25.902Z,36.0,-58,2,-114,0.0
2026-06-27T16:46:25.903Z,36.0,-58,2,-146,0.0
2026-06-27T16:46:25.904Z,34.7,-58,2,-154,0.0
2026-06-27T16:46:25.905Z,34.7,-58,2,-161,0.0
2026-06-27T16:46:25.906Z,34.8,-58,2,-167,0.0
2026-06-27T16:46:25.908Z,34.7,-58,2,-175,0.0
2026-06-27T16:46:25.909Z,34.7,-58,3,-182,0.0
2026-06-27T16:46:25.910Z,34.7,-58,2,-189,0.0
2026-06-27T16:46:25.912Z,34.7,-58,2,-196,0.0
2026-06-27T16:46:25.914Z,34.7,-58,2,-203,0.0
2026-06-27T16:46:25.915Z,34.7,-58,2,-210,0.0
2026-06-27T16:46:26.012Z,34.7,-58,6,-125,0.0
2026-06-27T16:46:26.013Z,34.7,-58,3,-133,0.0
2026-06-27T16:46:26.015Z,34.7,-58,2,-163,0.0
2026-06-27T16:46:26.017Z,34.7,-58,3,-193,0.0
2026-06-27T16:46:26.018Z,34.7,-58,2,-201,0.0
2026-06-27T16:46:26.020Z,34.7,-58,3,-207,0.0
2026-06-27T16:46:26.021Z,34.7,-58,2,-214,0.0
2026-06-27T16:46:26.117Z,36.0,-58,5,-133,0.0
2026-06-27T16:46:26.123Z,34.8,-55,2,-135,0.0
2026-06-27T16:46:26.125Z,34.8,-55,2,-163,0.0
2026-06-27T16:46:26.128Z,34.7,-55,2,-192,0.0
2026-06-27T16:46:26.130Z,34.7,-55,2,-199,0.0
2026-06-27T16:46:26.131Z,34.8,-55,2,-205,0.0
2026-06-27T16:46:26.218Z,34.9,-55,2,-133,0.0
2026-06-27T16:46:26.225Z,34.7,-55,4,-135,0.0
2026-06-27T16:46:26.230Z,34.7,-55,2,-160,0.0
2026-06-27T16:46:26.232Z,34.7,-55,2,-190,0.0
2026-06-27T16:46:26.233Z,34.7,-55,3,-196,0.0
2026-06-27T16:46:26.234Z,34.7,-55,2,-203,0.0
2026-06-27T16:46:26.235Z,34.7,-55,2,-210,0.0
2026-06-27T16:46:26.270Z,34.7,-55,6,-188,0.0
2026-06-27T16:46:26.271Z,34.7,-55,2,-194,0.0
2026-06-27T16:46:26.273Z,34.7,-55,2,-224,0.0
2026-06-27T16:46:26.418Z,34.8,-55,3,-110,0.0
2026-06-27T16:46:26.420Z,34.8,-55,3,-117,0.0
2026-06-27T16:46:26.422Z,34.7,-55,3,-147,0.0
2026-06-27T16:46:26.423Z,34.7,-55,2,-155,0.0
2026-06-27T16:46:26.425Z,34.7,-55,3,-162,0.0
2026-06-27T16:46:26.426Z,34.7,-55,2,-168,0.0
2026-06-27T16:46:26.427Z,34.7,-55,2,-176,0.0
2026-06-27T16:46:26.428Z,34.8,-55,3,-183,0.0
2026-06-27T16:46:26.429Z,34.8,-55,2,-190,0.0
2026-06-27T16:46:26.430Z,34.7,-55,2,-198,0.0
2026-06-27T16:46:26.431Z,34.7,-55,3,-205,0.0
2026-06-27T16:46:26.432Z,34.7,-55,2,-212,0.0
2026-06-27T16:46:26.520Z,34.7,-55,5,-135,0.0
2026-06-27T16:46:26.523Z,34.7,-57,3,-142,0.0
2026-06-27T16:46:26.524Z,34.7,-57,2,-171,0.0
2026-06-27T16:46:26.527Z,34.7,-57,2,-201,0.0
2026-06-27T16:46:26.528Z,34.7,-57,3,-208,0.0
2026-06-27T16:46:26.529Z,34.7,-57,2,-215,0.0
2026-06-27T16:46:26.530Z,34.7,-57,2,-222,0.0
2026-06-27T16:46:26.628Z,34.8,-60,6,-137,0.0
2026-06-27T16:46:26.630Z,34.7,-60,2,-143,0.0
2026-06-27T16:46:26.631Z,34.8,-60,2,-150,0.0
2026-06-27T16:46:26.633Z,36.0,-60,2,-180,0.0
2026-06-27T16:46:26.635Z,34.8,-60,2,-187,0.0
2026-06-27T16:46:26.636Z,34.8,-60,2,-195,0.0
2026-06-27T16:46:26.637Z,34.8,-60,3,-202,0.0
2026-06-27T16:46:26.639Z,34.8,-60,2,-209,0.0
2026-06-27T16:46:26.640Z,36.0,-60,2,-215,0.0
2026-06-27T16:46:26.642Z,34.8,-58,6,-226,0.0
2026-06-27T16:46:26.742Z,34.8,-58,3,-135,0.0
2026-06-27T16:46:26.744Z,36.0,-58,2,-141,0.0
2026-06-27T16:46:26.745Z,36.0,-58,2,-148,0.0
2026-06-27T16:46:26.747Z,34.7,-58,2,-177,0.0
2026-06-27T16:46:26.748Z,34.8,-58,3,-186,0.0
2026-06-27T16:46:26.749Z,34.7,-58,2,-194,0.0
2026-06-27T16:46:26.750Z,34.7,-58,2,-201,0.0
2026-06-27T16:46:26.751Z,34.7,-58,2,-211,0.0
2026-06-27T16:46:26.831Z,34.7,-57,2,-140,0.0
2026-06-27T16:46:26.833Z,34.7,-57,4,-147,0.0
2026-06-27T16:46:26.835Z,34.8,-57,2,-177,0.0
2026-06-27T16:46:26.836Z,34.7,-57,2,-208,0.0
2026-06-27T16:46:26.837Z,34.8,-57,3,-215,0.0
2026-06-27T16:46:26.838Z,34.8,-57,2,-222,0.0
2026-06-27T16:46:26.887Z,34.8,-58,6,-186,0.0
2026-06-27T16:46:26.888Z,34.7,-58,3,-193,0.0
2026-06-27T16:46:26.890Z,34.8,-58,3,-222,0.0
2026-06-27T16:46:27.032Z,34.8,-58,2,-112,0.0
2026-06-27T16:46:27.035Z,34.8,-58,3,-117,0.0
2026-06-27T16:46:27.036Z,34.7,-58,2,-147,0.0
2026-06-27T16:46:27.038Z,34.7,-57,3,-155,0.0
2026-06-27T16:46:27.039Z,34.8,-57,3,-162,0.0
2026-06-27T16:46:27.040Z,34.7,-57,2,-169,0.0
2026-06-27T16:46:27.041Z,34.7,-57,2,-177,0.0
2026-06-27T16:46:27.043Z,34.8,-57,3,-184,0.0
2026-06-27T16:46:27.044Z,34.8,-57,2,-190,0.0
2026-06-27T16:46:27.045Z,36.0,-57,2,-198,0.0
2026-06-27T16:46:27.046Z,34.8,-57,3,-205,0.0
2026-06-27T16:46:27.047Z,34.8,-57,2,-212,0.0
2026-06-27T16:46:27.090Z,36.0,-57,5,-183,0.0
2026-06-27T16:46:27.097Z,34.7,-56,3,-185,0.0
2026-06-27T16:46:27.102Z,36.0,-56,3,-209,0.0
2026-06-27T16:46:27.237Z,34.8,-56,2,-106,0.0
2026-06-27T16:46:27.239Z,34.7,-56,3,-111,0.0
2026-06-27T16:46:27.242Z,34.8,-56,2,-140,0.0
2026-06-27T16:46:27.244Z,34.7,-56,3,-147,0.0
2026-06-27T16:46:27.245Z,34.8,-56,2,-154,0.0
2026-06-27T16:46:27.246Z,34.8,-56,2,-162,0.0
2026-06-27T16:46:27.248Z,34.7,-56,3,-169,0.0
2026-06-27T16:46:27.249Z,34.8,-56,2,-175,0.0
2026-06-27T16:46:27.250Z,34.8,-56,2,-183,0.0
2026-06-27T16:46:27.251Z,34.8,-56,3,-190,0.0
2026-06-27T16:46:27.252Z,34.8,-56,2,-197,0.0
2026-06-27T16:46:27.253Z,34.8,-56,2,-205,0.0
2026-06-27T16:46:27.254Z,34.8,-56,3,-213,0.0
2026-06-27T16:46:27.296Z,34.8,-58,7,-186,0.0
2026-06-27T16:46:27.299Z,34.7,-58,2,-191,0.0
2026-06-27T16:46:27.301Z,34.8,-58,2,-220,0.0
2026-06-27T16:46:27.447Z,34.8,-58,2,-104,0.0
2026-06-27T16:46:27.450Z,34.8,-58,2,-109,0.0
2026-06-27T16:46:27.451Z,34.7,-58,2,-141,0.0
2026-06-27T16:46:27.452Z,34.7,-63,2,-149,0.0
2026-06-27T16:46:27.454Z,34.8,-63,2,-155,0.0
2026-06-27T16:46:27.455Z,34.8,-63,2,-163,0.0
2026-06-27T16:46:27.456Z,34.8,-63,2,-170,0.0
2026-06-27T16:46:27.458Z,34.8,-63,2,-176,0.0
2026-06-27T16:46:27.459Z,34.7,-63,2,-184,0.0
2026-06-27T16:46:27.460Z,34.7,-63,2,-191,0.0
2026-06-27T16:46:27.461Z,34.8,-63,2,-198,0.0
2026-06-27T16:46:27.462Z,34.7,-63,2,-205,0.0
2026-06-27T16:46:27.463Z,34.7,-63,2,-213,0.0
2026-06-27T16:46:27.545Z,34.7,-58,7,-143,0.0
2026-06-27T16:46:27.546Z,34.7,-58,2,-150,0.0
2026-06-27T16:46:27.548Z,34.7,-58,3,-180,0.0
2026-06-27T16:46:27.549Z,34.7,-58,2,-211,0.0
2026-06-27T16:46:27.550Z,34.7,-58,3,-218,0.0
2026-06-27T16:46:27.551Z,34.8,-58,2,-225,0.0
2026-06-27T16:46:27.653Z,34.7,-57,6,-135,0.0
2026-06-27T16:46:27.654Z,36.0,-57,2,-142,0.0
2026-06-27T16:46:27.657Z,34.7,-57,2,-171,0.0
2026-06-27T16:46:27.659Z,34.7,-57,3,-201,0.0
2026-06-27T16:46:27.660Z,34.8,-57,2,-209,0.0
2026-06-27T16:46:27.661Z,34.8,-57,3,-217,0.0
2026-06-27T16:46:27.807Z,34.7,-56,3,-80,0.0
2026-06-27T16:46:27.809Z,34.8,-56,3,-86,0.0
2026-06-27T16:46:27.810Z,34.8,-56,2,-117,0.0
2026-06-27T16:46:27.812Z,34.7,-56,2,-147,0.0
2026-06-27T16:46:27.814Z,34.7,-56,2,-155,0.0
2026-06-27T16:46:27.815Z,34.7,-56,2,-161,0.0
2026-06-27T16:46:27.816Z,34.7,-56,2,-168,0.0
2026-06-27T16:46:27.818Z,34.7,-56,2,-175,0.0
2026-06-27T16:46:27.819Z,34.9,-56,2,-182,0.0
2026-06-27T16:46:27.820Z,34.7,-56,2,-189,0.0
2026-06-27T16:46:27.821Z,34.7,-56,2,-196,0.0
2026-06-27T16:46:27.822Z,34.7,-56,2,-204,0.0
2026-06-27T16:46:27.824Z,34.7,-56,2,-210,0.0
2026-06-27T16:46:27.942Z,34.7,-56,5,-107,0.0
2026-06-27T16:46:27.945Z,34.7,-56,2,-109,0.0
2026-06-27T16:46:27.946Z,34.8,-56,2,-139,0.0
2026-06-27T16:46:27.948Z,34.7,-62,3,-146,0.0
2026-06-27T16:46:27.949Z,34.7,-62,2,-153,0.0
2026-06-27T16:46:27.950Z,34.7,-62,2,-161,0.0
2026-06-27T16:46:27.951Z,34.7,-62,3,-168,0.0
2026-06-27T16:46:27.954Z,34.8,-62,2,-173,0.0
2026-06-27T16:46:27.955Z,34.7,-62,2,-181,0.0
2026-06-27T16:46:27.956Z,34.7,-62,2,-188,0.0
2026-06-27T16:46:27.957Z,34.7,-62,2,-196,0.0
2026-06-27T16:46:27.959Z,34.9,-62,2,-202,0.0
2026-06-27T16:46:27.988Z,36.0,-62,2,-185,0.0
2026-06-27T16:46:27.990Z,34.8,-62,2,-192,0.0
2026-06-27T16:46:27.991Z,36.0,-62,4,-200,0.0
2026-06-27T16:46:28.056Z,35.5,-62,2,-167,0.0
2026-06-27T16:46:28.058Z,34.8,-62,3,-173,0.0
2026-06-27T16:46:28.060Z,35.5,-62,2,-203,0.0
2026-06-27T16:46:28.107Z,34.8,-62,3,-187,0.0
2026-06-27T16:46:28.109Z,34.8,-68,3,-194,0.0
2026-06-27T16:46:28.110Z,35.5,-68,3,-224,0.0
2026-06-27T16:46:28.263Z,34.8,-68,2,-107,0.0
2026-06-27T16:46:28.266Z,35.5,-68,3,-108,0.0
2026-06-27T16:46:28.268Z,34.7,-68,2,-140,0.0
2026-06-27T16:46:28.269Z,33.5,-69,2,-146,0.0
2026-06-27T16:46:28.270Z,34.8,-69,2,-154,0.0
2026-06-27T16:46:28.271Z,34.8,-69,2,-161,0.0
2026-06-27T16:46:28.272Z,34.8,-69,2,-168,0.0
2026-06-27T16:46:28.274Z,33.5,-69,2,-175,0.0
2026-06-27T16:46:28.275Z,34.7,-69,3,-182,0.0
2026-06-27T16:46:28.276Z,34.8,-69,2,-189,0.0
2026-06-27T16:46:28.277Z,33.5,-69,2,-197,0.0
2026-06-27T16:46:28.278Z,34.7,-69,3,-204,0.0
2026-06-27T16:46:28.279Z,34.8,-69,2,-212,0.0
2026-06-27T16:46:28.307Z,34.8,-77,6,-196,0.0
2026-06-27T16:46:28.308Z,35.5,-77,2,-203,0.0
2026-06-27T16:46:28.462Z,34.7,-77,2,-82,0.0
2026-06-27T16:46:28.464Z,34.7,-77,3,-89,0.0
2026-06-27T16:46:28.467Z,34.7,-77,2,-117,0.0
2026-06-27T16:46:28.468Z,34.7,-77,2,-148,0.0
2026-06-27T16:46:28.469Z,34.8,-70,2,-156,0.0
2026-06-27T16:46:28.470Z,34.7,-70,2,-163,0.0
2026-06-27T16:46:28.471Z,34.7,-70,2,-170,0.0
2026-06-27T16:46:28.472Z,34.7,-70,2,-178,0.0
2026-06-27T16:46:28.474Z,35.5,-70,3,-184,0.0
2026-06-27T16:46:28.475Z,34.7,-70,2,-191,0.0
2026-06-27T16:46:28.476Z,34.8,-70,2,-199,0.0
2026-06-27T16:46:28.477Z,34.8,-70,3,-206,0.0
2026-06-27T16:46:28.478Z,34.7,-70,2,-213,0.0
2026-06-27T16:46:28.509Z,36.0,-70,9,-197,0.0
2026-06-27T16:46:28.510Z,35.5,-62,2,-204,0.0
2026-06-27T16:46:28.669Z,35.5,-62,2,-77,0.0
2026-06-27T16:46:28.672Z,35.5,-62,3,-84,0.0
2026-06-27T16:46:28.675Z,35.5,-62,2,-112,0.0
2026-06-27T16:46:28.676Z,35.5,-62,2,-143,0.0
2026-06-27T16:46:28.677Z,35.5,-63,2,-151,0.0
2026-06-27T16:46:28.678Z,35.5,-63,2,-158,0.0
2026-06-27T16:46:28.679Z,34.7,-63,2,-165,0.0
2026-06-27T16:46:28.681Z,34.7,-63,2,-172,0.0
2026-06-27T16:46:28.682Z,35.5,-63,2,-179,0.0
2026-06-27T16:46:28.683Z,33.5,-63,2,-186,0.0
2026-06-27T16:46:28.684Z,35.5,-63,2,-194,0.0
2026-06-27T16:46:28.685Z,33.5,-63,2,-201,0.0
2026-06-27T16:46:28.686Z,33.5,-63,2,-208,0.0
2026-06-27T16:46:28.819Z,35.5,-63,9,-92,0.0
2026-06-27T16:46:28.820Z,35.5,-62,2,-99,0.0
2026-06-27T16:46:28.822Z,35.5,-62,2,-128,0.0
2026-06-27T16:46:28.824Z,35.5,-62,2,-158,0.0
2026-06-27T16:46:28.825Z,35.5,-62,3,-166,0.0
2026-06-27T16:46:28.826Z,35.5,-62,2,-173,0.0
2026-06-27T16:46:28.829Z,35.5,-62,2,-180,0.0
2026-06-27T16:46:28.830Z,35.5,-62,3,-186,0.0
2026-06-27T16:46:28.831Z,35.5,-62,2,-193,0.0
2026-06-27T16:46:28.832Z,35.5,-62,2,-201,0.0
2026-06-27T16:46:28.833Z,33.5,-62,2,-208,0.0
2026-06-27T16:46:28.834Z,35.5,-62,2,-216,0.0
2026-06-27T16:46:28.954Z,35.5,-62,2,-108,0.0
2026-06-27T16:46:28.955Z,35.5,-62,2,-114,0.0
2026-06-27T16:46:28.957Z,35.5,-62,2,-144,0.0
2026-06-27T16:46:28.959Z,35.5,-62,3,-150,0.0
2026-06-27T16:46:28.960Z,35.5,-75,2,-158,0.0
2026-06-27T16:46:28.961Z,34.7,-75,2,-165,0.0
2026-06-27T16:46:28.964Z,34.8,-75,2,-171,0.0
2026-06-27T16:46:28.965Z,34.7,-75,2,-178,0.0
2026-06-27T16:46:28.967Z,35.5,-75,2,-186,0.0
2026-06-27T16:46:28.968Z,34.7,-75,2,-192,0.0
2026-06-27T16:46:28.969Z,34.7,-75,2,-199,0.0
2026-06-27T16:46:28.970Z,34.7,-75,2,-207,0.0
2026-06-27T16:46:28.971Z,35.4,-75,2,-214,0.0
2026-06-27T16:46:29.084Z,35.5,-75,8,-116,0.0
2026-06-27T16:46:29.085Z,35.5,-75,2,-123,0.0
2026-06-27T16:46:29.087Z,35.5,-73,2,-129,0.0
2026-06-27T16:46:29.088Z,35.5,-73,2,-160,0.0
2026-06-27T16:46:29.090Z,35.5,-73,3,-168,0.0
2026-06-27T16:46:29.091Z,35.5,-73,3,-174,0.0
2026-06-27T16:46:29.092Z,35.5,-73,2,-181,0.0
2026-06-27T16:46:29.093Z,35.5,-73,2,-189,0.0
2026-06-27T16:46:29.094Z,35.5,-73,2,-196,0.0
2026-06-27T16:46:29.095Z,35.5,-73,2,-204,0.0
2026-06-27T16:46:29.096Z,35.5,-73,3,-211,0.0
2026-06-27T16:46:29.183Z,35.5,-73,5,-135,0.0
2026-06-27T16:46:29.185Z,35.5,-68,4,-143,0.0
2026-06-27T16:46:29.186Z,35.5,-68,2,-173,0.0
2026-06-27T16:46:29.188Z,35.5,-68,2,-204,0.0
2026-06-27T16:46:29.189Z,33.5,-68,3,-211,0.0
2026-06-27T16:46:29.190Z,33.5,-68,2,-218,0.0
2026-06-27T16:46:29.285Z,35.5,-68,2,-135,0.0
2026-06-27T16:46:29.288Z,35.5,-72,3,-142,0.0
2026-06-27T16:46:29.289Z,35.5,-72,3,-171,0.0
2026-06-27T16:46:29.291Z,35.5,-72,2,-202,0.0
2026-06-27T16:46:29.292Z,33.5,-72,3,-209,0.0
2026-06-27T16:46:29.293Z,33.5,-72,2,-216,0.0
2026-06-27T16:46:29.294Z,35.5,-72,2,-223,0.0
2026-06-27T16:46:29.342Z,35.5,-62,7,-191,0.0
2026-06-27T16:46:29.344Z,35.5,-62,2,-194,0.0
2026-06-27T16:46:29.345Z,35.5,-62,2,-224,0.0
2026-06-27T16:46:29.473Z,35.5,-62,5,-109,0.0
2026-06-27T16:46:29.474Z,35.5,-62,2,-115,0.0
2026-06-27T16:46:29.475Z,35.5,-62,3,-145,0.0
2026-06-27T16:46:29.476Z,35.5,-63,2,-152,0.0
2026-06-27T16:46:29.479Z,35.5,-63,2,-158,0.0
2026-06-27T16:46:29.480Z,35.5,-63,2,-166,0.0
2026-06-27T16:46:29.482Z,33.5,-63,2,-173,0.0
2026-06-27T16:46:29.483Z,34.7,-63,2,-179,0.0
2026-06-27T16:46:29.484Z,35.5,-63,2,-187,0.0
2026-06-27T16:46:29.485Z,34.7,-63,2,-194,0.0
2026-06-27T16:46:29.486Z,34.7,-63,2,-202,0.0
2026-06-27T16:46:29.487Z,34.7,-63,2,-209,0.0
2026-06-27T16:46:29.525Z,34.7,-63,2,-180,0.0
2026-06-27T16:46:29.527Z,34.7,-63,5,-189,0.0
2026-06-27T16:46:29.528Z,35.5,-63,4,-198,0.0
2026-06-27T16:46:29.653Z,35.5,-63,2,-105,0.0
2026-06-27T16:46:29.656Z,35.5,-63,6,-113,0.0
2026-06-27T16:46:29.657Z,33.5,-63,2,-120,0.0
2026-06-27T16:46:29.659Z,35.5,-63,2,-149,0.0
2026-06-27T16:46:29.660Z,35.5,-63,2,-156,0.0
2026-06-27T16:46:29.661Z,33.5,-63,2,-164,0.0
2026-06-27T16:46:29.662Z,35.5,-65,2,-172,0.0
2026-06-27T16:46:29.663Z,34.8,-65,2,-179,0.0
2026-06-27T16:46:29.665Z,33.5,-65,2,-187,0.0
2026-06-27T16:46:29.666Z,33.5,-65,2,-193,0.0
2026-06-27T16:46:29.667Z,34.7,-65,3,-200,0.0
2026-06-27T16:46:29.668Z,33.5,-65,2,-207,0.0
2026-06-27T16:46:29.669Z,33.5,-65,2,-215,0.0
2026-06-27T16:46:29.782Z,35.5,-65,6,-114,0.0
2026-06-27T16:46:29.783Z,35.5,-65,2,-120,0.0
2026-06-27T16:46:29.784Z,35.5,-65,2,-151,0.0
2026-06-27T16:46:29.785Z,35.5,-61,3,-158,0.0
2026-06-27T16:46:29.787Z,34.8,-61,2,-165,0.0
2026-06-27T16:46:29.788Z,35.5,-61,2,-172,0.0
2026-06-27T16:46:29.789Z,35.5,-61,2,-180,0.0
2026-06-27T16:46:29.790Z,34.8,-61,3,-187,0.0
2026-06-27T16:46:29.791Z,34.7,-61,2,-194,0.0
2026-06-27T16:46:29.792Z,34.7,-61,2,-202,0.0
2026-06-27T16:46:29.793Z,34.7,-61,3,-209,0.0
2026-06-27T16:46:29.794Z,34.7,-61,2,-215,0.0
2026-06-27T16:46:29.839Z,34.7,-61,2,-183,0.0
2026-06-27T16:46:29.842Z,34.7,-61,2,-189,0.0
2026-06-27T16:46:29.843Z,34.8,-61,2,-195,0.0
2026-06-27T16:46:29.991Z,35.5,-61,2,-79,0.0
2026-06-27T16:46:29.994Z,35.5,-61,6,-89,0.0
2026-06-27T16:46:29.995Z,35.5,-61,2,-95,0.0
2026-06-27T16:46:29.997Z,34.2,-61,2,-126,0.0
2026-06-27T16:46:29.998Z,33.7,-61,2,-156,0.0
2026-06-27T16:46:29.999Z,33.7,-61,2,-164,0.0
2026-06-27T16:46:30.000Z,33.7,-61,2,-171,0.0
2026-06-27T16:46:30.001Z,33.2,-61,2,-178,0.0
2026-06-27T16:46:30.002Z,33.2,-61,2,-185,0.0
2026-06-27T16:46:30.003Z,33.2,-61,2,-192,0.0
2026-06-27T16:46:30.004Z,33.2,-61,2,-199,0.0
2026-06-27T16:46:30.006Z,33.2,-61,3,-206,0.0
2026-06-27T16:46:30.007Z,33.2,-61,2,-213,0.0
2026-06-27T16:46:30.107Z,35.8,-61,6,-125,0.0
2026-06-27T16:46:30.109Z,33.2,-64,2,-132,0.0
2026-06-27T16:46:30.112Z,34.5,-64,2,-161,0.0
2026-06-27T16:46:30.113Z,34.0,-64,2,-191,0.0
2026-06-27T16:46:30.115Z,36.4,-64,2,-197,0.0
2026-06-27T16:46:30.116Z,33.5,-64,2,-205,0.0
2026-06-27T16:46:30.117Z,33.5,-64,3,-212,0.0
2026-06-27T16:46:30.256Z,33.5,-64,3,-81,0.0
2026-06-27T16:46:30.258Z,33.5,-65,7,-91,0.0
2026-06-27T16:46:30.261Z,33.5,-65,2,-97,0.0
2026-06-27T16:46:30.262Z,32.9,-65,2,-126,0.0
2026-06-27T16:46:30.263Z,32.9,-65,2,-158,0.0
2026-06-27T16:46:30.264Z,32.9,-65,3,-165,0.0
2026-06-27T16:46:30.266Z,34.2,-65,2,-172,0.0
2026-06-27T16:46:30.267Z,34.2,-65,2,-179,0.0
2026-06-27T16:46:30.268Z,34.2,-65,2,-186,0.0
2026-06-27T16:46:30.269Z,34.2,-65,2,-193,0.0
2026-06-27T16:46:30.270Z,35.5,-65,2,-201,0.0
2026-06-27T16:46:30.271Z,35.5,-65,2,-208,0.0
2026-06-27T16:46:30.272Z,35.5,-65,2,-215,0.0
2026-06-27T16:46:30.396Z,41.5,-65,5,-105,0.0
2026-06-27T16:46:30.397Z,41.0,-65,2,-111,0.0
2026-06-27T16:46:30.399Z,33.7,-65,2,-141,0.0
2026-06-27T16:46:30.401Z,33.7,-65,3,-148,0.0
2026-06-27T16:46:30.402Z,36.7,-65,2,-155,0.0
2026-06-27T16:46:30.403Z,36.2,-65,2,-163,0.0
2026-06-27T16:46:30.405Z,35.8,-65,2,-169,0.0
2026-06-27T16:46:30.406Z,33.2,-65,2,-176,0.0
2026-06-27T16:46:30.407Z,33.2,-65,2,-183,0.0
2026-06-27T16:46:30.409Z,35.8,-65,2,-190,0.0
2026-06-27T16:46:30.410Z,41.2,-65,3,-197,0.0
2026-06-27T16:46:30.411Z,41.2,-65,2,-205,0.0
2026-06-27T16:46:30.529Z,40.8,-65,2,-102,0.0
2026-06-27T16:46:30.536Z,40.8,-65,8,-110,0.0
2026-06-27T16:46:30.540Z,36.4,-64,3,-112,0.0
2026-06-27T16:46:30.541Z,36.0,-64,2,-141,0.0
2026-06-27T16:46:30.542Z,36.0,-64,2,-151,0.0
2026-06-27T16:46:30.543Z,35.5,-64,2,-158,0.0
2026-06-27T16:46:30.544Z,35.5,-64,2,-166,0.0
2026-06-27T16:46:30.545Z,35.5,-64,3,-173,0.0
2026-06-27T16:46:30.546Z,35.5,-64,2,-181,0.0
2026-06-27T16:46:30.547Z,40.8,-64,2,-188,0.0
2026-06-27T16:46:30.548Z,43.4,-64,2,-197,0.0
2026-06-27T16:46:30.678Z,43.4,-64,6,-82,0.0
2026-06-27T16:46:30.679Z,43.8,-64,2,-88,0.0
2026-06-27T16:46:30.681Z,42.4,-64,2,-118,0.0
2026-06-27T16:46:30.683Z,32.4,-64,2,-149,0.0
2026-06-27T16:46:30.685Z,32.4,-64,2,-155,0.0
2026-06-27T16:46:30.686Z,34.5,-64,2,-162,0.0
2026-06-27T16:46:30.688Z,33.2,-64,2,-168,0.0
2026-06-27T16:46:30.689Z,33.2,-64,2,-175,0.0
2026-06-27T16:46:30.690Z,31.9,-64,2,-183,0.0
2026-06-27T16:46:30.691Z,31.9,-64,2,-190,0.0
2026-06-27T16:46:30.692Z,31.9,-64,3,-197,0.0
2026-06-27T16:46:30.693Z,33.2,-64,2,-204,0.0
2026-06-27T16:46:30.806Z,31.9,-64,2,-99,0.0
2026-06-27T16:46:30.809Z,34.0,-64,5,-108,0.0
2026-06-27T16:46:30.810Z,32.7,-64,3,-115,0.0
2026-06-27T16:46:30.812Z,32.7,-64,2,-145,0.0
2026-06-27T16:46:30.813Z,32.7,-66,2,-151,0.0
2026-06-27T16:46:30.814Z,32.2,-66,3,-160,0.0
2026-06-27T16:46:30.815Z,32.2,-66,2,-167,0.0
2026-06-27T16:46:30.816Z,32.7,-66,2,-175,0.0
2026-06-27T16:46:30.817Z,33.5,-66,2,-182,0.0
2026-06-27T16:46:30.819Z,32.2,-66,2,-188,0.0
2026-06-27T16:46:30.820Z,32.2,-66,2,-195,0.0
2026-06-27T16:46:30.821Z,32.2,-66,2,-202,0.0
2026-06-27T16:46:30.822Z,32.2,-66,2,-210,0.0
2026-06-27T16:46:30.867Z,32.2,-66,6,-183,0.0
2026-06-27T16:46:30.873Z,32.2,-66,2,-185,0.0
2026-06-27T16:46:30.876Z,31.7,-66,2,-214,0.0
2026-06-27T16:46:31.011Z,31.7,-66,2,-109,0.0
2026-06-27T16:46:31.013Z,31.7,-66,2,-114,0.0
2026-06-27T16:46:31.014Z,31.9,-66,2,-146,0.0
2026-06-27T16:46:31.015Z,30.6,-66,3,-153,0.0
2026-06-27T16:46:31.018Z,30.6,-66,2,-158,0.0
2026-06-27T16:46:31.019Z,31.4,-66,2,-165,0.0
2026-06-27T16:46:31.020Z,31.4,-66,2,-172,0.0
2026-06-27T16:46:31.021Z,31.4,-66,2,-180,0.0
2026-06-27T16:46:31.023Z,31.4,-66,2,-186,0.0
2026-06-27T16:46:31.024Z,30.9,-66,3,-193,0.0
2026-06-27T16:46:31.025Z,30.9,-66,2,-200,0.0
2026-06-27T16:46:31.026Z,30.9,-66,2,-207,0.0
2026-06-27T16:46:31.027Z,30.9,-66,2,-214,0.0
2026-06-27T16:46:31.065Z,31.7,-66,5,-189,0.0
2026-06-27T16:46:31.067Z,31.7,-66,4,-196,0.0
2026-06-27T16:46:31.068Z,31.1,-70,2,-226,0.0
2026-06-27T16:46:31.221Z,31.1,-70,2,-85,0.0
2026-06-27T16:46:31.223Z,31.1,-70,2,-90,0.0
2026-06-27T16:46:31.226Z,30.6,-70,2,-118,0.0
2026-06-27T16:46:31.227Z,31.4,-70,2,-149,0.0
2026-06-27T16:46:31.228Z,30.1,-68,3,-157,0.0
2026-06-27T16:46:31.229Z,30.1,-68,2,-164,0.0
2026-06-27T16:46:31.230Z,30.1,-68,2,-171,0.0
2026-06-27T16:46:31.232Z,30.9,-68,2,-177,0.0
2026-06-27T16:46:31.233Z,30.9,-68,2,-184,0.0
2026-06-27T16:46:31.234Z,30.9,-68,2,-191,0.0
2026-06-27T16:46:31.235Z,30.9,-68,2,-198,0.0
2026-06-27T16:46:31.236Z,30.9,-68,2,-206,0.0
2026-06-27T16:46:31.334Z,30.4,-68,2,-116,0.0
2026-06-27T16:46:31.337Z,30.4,-68,7,-126,0.0
2026-06-27T16:46:31.339Z,30.4,-65,2,-132,0.0
2026-06-27T16:46:31.340Z,29.9,-65,2,-161,0.0
2026-06-27T16:46:31.341Z,30.6,-65,2,-192,0.0
2026-06-27T16:46:31.342Z,30.6,-65,2,-200,0.0
2026-06-27T16:46:31.343Z,30.6,-65,3,-207,0.0
2026-06-27T16:46:31.344Z,30.6,-65,3,-214,0.0
2026-06-27T16:46:31.345Z,30.6,-65,2,-220,0.0
2026-06-27T16:46:31.483Z,30.1,-64,6,-94,0.0
2026-06-27T16:46:31.484Z,30.1,-64,2,-101,0.0
2026-06-27T16:46:31.486Z,30.9,-64,2,-130,0.0
2026-06-27T16:46:31.487Z,30.4,-64,2,-161,0.0
2026-06-27T16:46:31.489Z,30.4,-64,2,-168,0.0
2026-06-27T16:46:31.490Z,30.4,-64,2,-175,0.0
2026-06-27T16:46:31.491Z,30.4,-64,3,-182,0.0
2026-06-27T16:46:31.492Z,29.9,-64,3,-189,0.0
2026-06-27T16:46:31.493Z,29.9,-64,3,-196,0.0
2026-06-27T16:46:31.494Z,29.9,-64,3,-203,0.0
2026-06-27T16:46:31.495Z,29.9,-64,3,-210,0.0
2026-06-27T16:46:31.496Z,30.6,-64,2,-217,0.0
2026-06-27T16:46:31.535Z,29.3,-64,2,-189,0.0
2026-06-27T16:46:31.536Z,29.3,-64,2,-196,0.0
2026-06-27T16:46:31.537Z,29.6,-64,2,-226,0.0
2026-06-27T16:46:31.641Z,30.4,-64,3,-153,0.0
2026-06-27T16:46:31.643Z,29.1,-62,2,-159,0.0
2026-06-27T16:46:31.645Z,29.1,-62,2,-189,0.0
2026-06-27T16:46:31.646Z,29.9,-62,2,-196,0.0
2026-06-27T16:46:31.648Z,29.9,-62,2,-203,0.0
2026-06-27T16:46:31.649Z,29.9,-62,2,-209,0.0
2026-06-27T16:46:31.650Z,29.9,-62,2,-216,0.0
2026-06-27T16:46:31.744Z,29.9,-62,2,-134,0.0
2026-06-27T16:46:31.746Z,29.9,-62,3,-140,0.0
2026-06-27T16:46:31.747Z,29.9,-62,3,-170,0.0
2026-06-27T16:46:31.750Z,29.9,-62,3,-199,0.0
2026-06-27T16:46:31.751Z,29.3,-62,2,-206,0.0
2026-06-27T16:46:31.752Z,29.9,-62,2,-213,0.0
2026-06-27T16:46:31.753Z,29.9,-62,2,-221,0.0
2026-06-27T16:46:31.902Z,29.9,-60,6,-85,0.0
2026-06-27T16:46:31.904Z,29.9,-60,2,-91,0.0
2026-06-27T16:46:31.905Z,29.9,-60,2,-120,0.0
2026-06-27T16:46:31.906Z,29.9,-60,2,-151,0.0
2026-06-27T16:46:31.907Z,29.9,-60,2,-158,0.0
2026-06-27T16:46:31.909Z,29.9,-60,2,-166,0.0
2026-06-27T16:46:31.910Z,29.9,-60,2,-172,0.0
2026-06-27T16:46:31.911Z,29.3,-60,3,-179,0.0
2026-06-27T16:46:31.912Z,29.3,-60,3,-186,0.0
2026-06-27T16:46:31.913Z,29.3,-60,3,-193,0.0
2026-06-27T16:46:31.914Z,29.3,-60,3,-200,0.0
2026-06-27T16:46:31.916Z,29.3,-60,3,-206,0.0
2026-06-27T16:46:32.024Z,29.3,-60,3,-106,0.0
2026-06-27T16:46:32.027Z,29.3,-60,5,-115,0.0
2026-06-27T16:46:32.028Z,28.8,-60,2,-122,0.0
2026-06-27T16:46:32.029Z,28.8,-60,2,-153,0.0
2026-06-27T16:46:32.031Z,29.6,-60,2,-160,0.0
2026-06-27T16:46:32.032Z,29.6,-60,2,-167,0.0
2026-06-27T16:46:32.033Z,29.6,-60,3,-174,0.0
2026-06-27T16:46:32.034Z,29.6,-60,3,-181,0.0
2026-06-27T16:46:32.035Z,29.6,-60,3,-188,0.0
2026-06-27T16:46:32.036Z,29.6,-60,3,-195,0.0
2026-06-27T16:46:32.037Z,29.1,-60,3,-202,0.0
2026-06-27T16:46:32.038Z,29.1,-60,3,-209,0.0
2026-06-27T16:46:32.039Z,29.1,-60,3,-216,0.0
2026-06-27T16:46:32.156Z,29.1,-60,6,-112,0.0
2026-06-27T16:46:32.159Z,29.9,-60,2,-118,0.0
2026-06-27T16:46:32.160Z,29.9,-60,2,-124,0.0
2026-06-27T16:46:32.162Z,29.9,-63,3,-129,0.0
2026-06-27T16:46:32.163Z,29.9,-63,2,-161,0.0
2026-06-27T16:46:32.164Z,29.3,-63,2,-168,0.0
2026-06-27T16:46:32.165Z,29.3,-63,2,-175,0.0
2026-06-27T16:46:32.167Z,29.3,-63,2,-181,0.0
2026-06-27T16:46:32.168Z,29.3,-63,2,-188,0.0
2026-06-27T16:46:32.169Z,29.3,-63,2,-195,0.0
2026-06-27T16:46:32.170Z,29.3,-63,2,-202,0.0
2026-06-27T16:46:32.171Z,29.3,-63,2,-209,0.0
2026-06-27T16:46:32.206Z,29.3,-63,2,-182,0.0
2026-06-27T16:46:32.208Z,29.3,-64,6,-191,0.0
2026-06-27T16:46:32.209Z,29.3,-64,2,-198,0.0
2026-06-27T16:46:32.330Z,29.3,-64,2,-108,0.0
2026-06-27T16:46:32.332Z,29.3,-64,5,-117,0.0
2026-06-27T16:46:32.335Z,29.3,-64,2,-122,0.0
2026-06-27T16:46:32.336Z,29.3,-64,2,-152,0.0
2026-06-27T16:46:32.337Z,29.3,-63,2,-159,0.0
2026-06-27T16:46:32.339Z,29.3,-63,2,-166,0.0
2026-06-27T16:46:32.340Z,29.3,-63,3,-173,0.0
2026-06-27T16:46:32.341Z,29.9,-63,3,-180,0.0
2026-06-27T16:46:32.342Z,29.9,-63,3,-187,0.0
2026-06-27T16:46:32.343Z,29.9,-63,3,-194,0.0
2026-06-27T16:46:32.344Z,29.9,-63,3,-201,0.0
2026-06-27T16:46:32.345Z,29.9,-63,3,-208,0.0
2026-06-27T16:46:32.346Z,29.9,-63,2,-215,0.0
2026-06-27T16:46:32.460Z,29.9,-63,5,-113,0.0
2026-06-27T16:46:32.462Z,29.9,-63,2,-118,0.0
2026-06-27T16:46:32.463Z,29.9,-63,3,-125,0.0
2026-06-27T16:46:32.464Z,29.9,-67,3,-131,0.0
2026-06-27T16:46:32.466Z,29.9,-67,2,-161,0.0
2026-06-27T16:46:32.468Z,29.9,-67,3,-167,0.0
2026-06-27T16:46:32.469Z,29.9,-67,2,-175,0.0
2026-06-27T16:46:32.471Z,29.9,-67,3,-181,0.0
2026-06-27T16:46:32.472Z,29.9,-67,3,-188,0.0
2026-06-27T16:46:32.473Z,29.9,-67,3,-195,0.0
2026-06-27T16:46:32.474Z,29.9,-67,3,-202,0.0
2026-06-27T16:46:32.475Z,29.9,-67,3,-209,0.0
2026-06-27T16:46:32.564Z,29.9,-67,3,-135,0.0
2026-06-27T16:46:32.566Z,29.9,-65,2,-141,0.0
2026-06-27T16:46:32.569Z,29.9,-65,2,-169,0.0
2026-06-27T16:46:32.570Z,29.9,-65,2,-199,0.0
2026-06-27T16:46:32.571Z,29.9,-65,3,-207,0.0
2026-06-27T16:46:32.572Z,29.9,-65,3,-214,0.0
2026-06-27T16:46:32.573Z,29.9,-65,3,-221,0.0
2026-06-27T16:46:32.711Z,30.4,-58,6,-95,0.0
2026-06-27T16:46:32.713Z,30.4,-58,2,-102,0.0
2026-06-27T16:46:32.714Z,30.4,-58,2,-131,0.0
2026-06-27T16:46:32.715Z,29.9,-58,2,-162,0.0
2026-06-27T16:46:32.718Z,29.1,-58,2,-167,0.0
2026-06-27T16:46:32.719Z,29.1,-58,2,-174,0.0
2026-06-27T16:46:32.720Z,29.1,-58,2,-181,0.0
2026-06-27T16:46:32.722Z,29.1,-58,2,-187,0.0
2026-06-27T16:46:32.723Z,29.1,-58,2,-194,0.0
2026-06-27T16:46:32.724Z,29.9,-58,2,-201,0.0
2026-06-27T16:46:32.725Z,30.4,-58,2,-208,0.0
2026-06-27T16:46:32.726Z,30.4,-58,2,-215,0.0
2026-06-27T16:46:32.766Z,30.4,-58,2,-188,0.0
2026-06-27T16:46:32.767Z,30.4,-58,3,-193,0.0
2026-06-27T16:46:32.768Z,30.4,-58,2,-224,0.0
2026-06-27T16:46:32.917Z,31.7,-58,2,-106,0.0
2026-06-27T16:46:32.919Z,37.6,-58,2,-112,0.0
2026-06-27T16:46:32.921Z,37.1,-58,2,-142,0.0
2026-06-27T16:46:32.923Z,30.9,-58,2,-150,0.0
2026-06-27T16:46:32.924Z,37.1,-58,2,-157,0.0
2026-06-27T16:46:32.925Z,37.5,-58,2,-164,0.0
2026-06-27T16:46:32.926Z,37.6,-58,2,-172,0.0
2026-06-27T16:46:32.927Z,38.0,-58,2,-179,0.0
2026-06-27T16:46:32.928Z,38.0,-58,2,-187,0.0
2026-06-27T16:46:32.929Z,38.0,-58,2,-193,0.0
2026-06-27T16:46:32.931Z,38.5,-58,2,-201,0.0
2026-06-27T16:46:32.932Z,38.0,-58,3,-208,0.0
2026-06-27T16:46:32.933Z,38.5,-58,2,-216,0.0
2026-06-27T16:46:32.973Z,38.0,-58,5,-189,0.0
2026-06-27T16:46:32.975Z,38.0,-58,2,-195,0.0
2026-06-27T16:46:32.976Z,38.0,-58,2,-226,0.0
2026-06-27T16:46:33.134Z,38.0,-63,6,-80,0.0
2026-06-27T16:46:33.135Z,38.0,-63,2,-87,0.0
2026-06-27T16:46:33.137Z,38.0,-63,2,-117,0.0
2026-06-27T16:46:33.138Z,38.1,-63,2,-148,0.0
2026-06-27T16:46:33.139Z,38.0,-63,3,-156,0.0
2026-06-27T16:46:33.141Z,38.0,-63,2,-164,0.0
2026-06-27T16:46:33.142Z,38.0,-63,3,-170,0.0
2026-06-27T16:46:33.143Z,38.0,-63,2,-178,0.0
2026-06-27T16:46:33.144Z,37.6,-63,3,-185,0.0
2026-06-27T16:46:33.145Z,37.6,-63,2,-193,0.0
2026-06-27T16:46:33.146Z,37.6,-63,3,-200,0.0
2026-06-27T16:46:33.147Z,37.6,-63,2,-208,0.0
2026-06-27T16:46:33.193Z,37.6,-63,3,-174,0.0
2026-06-27T16:46:33.197Z,37.6,-63,5,-179,0.0
2026-06-27T16:46:33.198Z,37.6,-63,3,-186,0.0
2026-06-27T16:46:33.201Z,37.6,-63,2,-191,0.0
2026-06-27T16:46:33.342Z,37.6,-63,2,-83,0.0
2026-06-27T16:46:33.344Z,37.6,-67,3,-89,0.0
2026-06-27T16:46:33.346Z,37.6,-67,2,-120,0.0
2026-06-27T16:46:33.347Z,37.6,-67,2,-150,0.0
2026-06-27T16:46:33.348Z,37.6,-67,2,-158,0.0
2026-06-27T16:46:33.350Z,37.6,-67,2,-164,0.0
2026-06-27T16:46:33.351Z,37.6,-67,2,-172,0.0
2026-06-27T16:46:33.352Z,37.6,-67,2,-179,0.0
2026-06-27T16:46:33.353Z,37.6,-67,2,-187,0.0
2026-06-27T16:46:33.354Z,30.6,-67,2,-194,0.0
2026-06-27T16:46:33.356Z,30.6,-67,2,-201,0.0
2026-06-27T16:46:33.357Z,30.6,-67,2,-207,0.0
2026-06-27T16:46:33.358Z,37.6,-67,2,-215,0.0
2026-06-27T16:46:33.477Z,37.6,-67,6,-110,0.0
2026-06-27T16:46:33.488Z,37.6,-67,2,-107,0.0
2026-06-27T16:46:33.491Z,37.6,-67,2,-135,0.0
2026-06-27T16:46:33.494Z,37.6,-63,2,-140,0.0
2026-06-27T16:46:33.496Z,37.6,-63,2,-147,0.0
2026-06-27T16:46:33.498Z,37.6,-63,3,-153,0.0
2026-06-27T16:46:33.500Z,37.6,-63,2,-160,0.0
2026-06-27T16:46:33.502Z,38.0,-63,3,-166,0.0
2026-06-27T16:46:33.503Z,38.0,-63,2,-173,0.0
2026-06-27T16:46:33.505Z,38.0,-63,3,-180,0.0
2026-06-27T16:46:33.506Z,30.1,-63,2,-186,0.0
2026-06-27T16:46:33.507Z,30.1,-63,2,-193,0.0
2026-06-27T16:46:33.591Z,30.1,-63,2,-125,0.0
2026-06-27T16:46:33.598Z,30.1,-63,4,-124,0.0
2026-06-27T16:46:33.601Z,29.6,-60,2,-152,0.0
2026-06-27T16:46:33.604Z,29.6,-60,3,-181,0.0
2026-06-27T16:46:33.605Z,29.6,-60,2,-187,0.0
2026-06-27T16:46:33.607Z,29.6,-60,2,-194,0.0
2026-06-27T16:46:33.608Z,29.6,-60,2,-200,0.0
2026-06-27T16:46:33.609Z,29.1,-60,2,-208,0.0
2026-06-27T16:46:33.741Z,29.1,-60,7,-90,0.0
2026-06-27T16:46:33.742Z,29.1,-60,2,-95,0.0
2026-06-27T16:46:33.744Z,29.1,-60,2,-124,0.0
2026-06-27T16:46:33.745Z,29.1,-60,2,-155,0.0
2026-06-27T16:46:33.746Z,29.1,-60,2,-162,0.0
2026-06-27T16:46:33.747Z,29.1,-60,2,-169,0.0
2026-06-27T16:46:33.748Z,29.1,-60,2,-176,0.0
2026-06-27T16:46:33.750Z,29.1,-60,2,-182,0.0
2026-06-27T16:46:33.751Z,29.1,-60,2,-189,0.0
2026-06-27T16:46:33.752Z,29.1,-60,2,-196,0.0
2026-06-27T16:46:33.753Z,29.1,-60,2,-203,0.0
2026-06-27T16:46:33.754Z,29.1,-60,2,-210,0.0
2026-06-27T16:46:33.793Z,29.1,-60,2,-179,0.0
2026-06-27T16:46:33.795Z,29.1,-60,6,-189,0.0
2026-06-27T16:46:33.797Z,30.4,-60,2,-195,0.0
2026-06-27T16:46:33.939Z,30.4,-60,2,-84,0.0
2026-06-27T16:46:33.941Z,30.4,-57,5,-93,0.0
2026-06-27T16:46:33.943Z,30.4,-57,2,-99,0.0
2026-06-27T16:46:33.944Z,29.1,-57,3,-129,0.0
2026-06-27T16:46:33.945Z,29.1,-57,3,-160,0.0
2026-06-27T16:46:33.946Z,29.1,-57,2,-167,0.0
2026-06-27T16:46:33.948Z,29.1,-57,2,-173,0.0
2026-06-27T16:46:33.949Z,29.1,-57,2,-180,0.0
2026-06-27T16:46:33.950Z,29.1,-57,2,-187,0.0
2026-06-27T16:46:33.951Z,29.1,-57,2,-194,0.0
2026-06-27T16:46:33.953Z,29.1,-57,2,-201,0.0
2026-06-27T16:46:33.954Z,29.1,-57,2,-207,0.0
2026-06-27T16:46:33.955Z,29.1,-57,2,-214,0.0
2026-06-27T16:46:33.991Z,29.9,-57,5,-189,0.0
2026-06-27T16:46:33.992Z,29.9,-57,3,-196,0.0
2026-06-27T16:46:33.994Z,29.9,-57,2,-225,0.0
2026-06-27T16:46:34.105Z,29.9,-57,3,-125,0.0
2026-06-27T16:46:34.114Z,28.5,-55,3,-124,0.0
2026-06-27T16:46:34.117Z,29.3,-55,2,-152,0.0
2026-06-27T16:46:34.119Z,28.8,-55,2,-181,0.0
2026-06-27T16:46:34.121Z,28.9,-55,3,-186,0.0
2026-06-27T16:46:34.123Z,28.9,-55,2,-192,0.0
2026-06-27T16:46:34.125Z,28.8,-55,2,-199,0.0
2026-06-27T16:46:34.217Z,28.8,-55,2,-115,0.0
2026-06-27T16:46:34.219Z,28.8,-55,7,-125,0.0
2026-06-27T16:46:34.220Z,28.8,-55,2,-130,0.0
2026-06-27T16:46:34.221Z,30.1,-55,2,-160,0.0
2026-06-27T16:46:34.223Z,29.6,-55,2,-190,0.0
2026-06-27T16:46:34.224Z,29.6,-55,2,-198,0.0
2026-06-27T16:46:34.225Z,29.6,-55,2,-204,0.0
2026-06-27T16:46:34.324Z,29.1,-55,5,-118,0.0
2026-06-27T16:46:34.326Z,29.1,-55,2,-123,0.0
2026-06-27T16:46:34.328Z,29.1,-55,2,-152,0.0
2026-06-27T16:46:34.329Z,29.9,-55,2,-183,0.0
2026-06-27T16:46:34.331Z,29.3,-55,2,-190,0.0
2026-06-27T16:46:34.332Z,29.3,-55,2,-196,0.0
2026-06-27T16:46:34.333Z,29.3,-55,2,-203,0.0
2026-06-27T16:46:34.334Z,29.3,-55,3,-210,0.0
2026-06-27T16:46:34.382Z,28.8,-55,2,-196,0.0
2026-06-27T16:46:34.384Z,28.9,-55,3,-199,0.0
2026-06-27T16:46:34.507Z,28.8,-55,2,-110,0.0
2026-06-27T16:46:34.509Z,28.8,-55,2,-115,0.0
2026-06-27T16:46:34.510Z,28.8,-55,2,-145,0.0
2026-06-27T16:46:34.512Z,28.8,-56,2,-152,0.0
2026-06-27T16:46:34.513Z,28.8,-56,2,-159,0.0
2026-06-27T16:46:34.514Z,28.8,-56,2,-166,0.0
2026-06-27T16:46:34.515Z,28.7,-56,2,-174,0.0
2026-06-27T16:46:34.517Z,28.8,-56,2,-180,0.0
2026-06-27T16:46:34.518Z,28.8,-56,2,-186,0.0
2026-06-27T16:46:34.519Z,28.8,-56,2,-193,0.0
2026-06-27T16:46:34.520Z,28.8,-56,2,-200,0.0
2026-06-27T16:46:34.521Z,29.3,-56,2,-207,0.0
2026-06-27T16:46:34.522Z,29.3,-56,2,-214,0.0
2026-06-27T16:46:34.618Z,29.3,-56,5,-134,0.0
2026-06-27T16:46:34.624Z,29.3,-56,3,-134,0.0
2026-06-27T16:46:34.626Z,28.5,-56,2,-162,0.0
2026-06-27T16:46:34.630Z,29.9,-56,2,-190,0.0
2026-06-27T16:46:34.631Z,29.1,-56,2,-197,0.0
2026-06-27T16:46:34.633Z,29.1,-56,3,-202,0.0
2026-06-27T16:46:34.755Z,29.1,-56,2,-89,0.0
2026-06-27T16:46:34.757Z,29.1,-55,6,-98,0.0
2026-06-27T16:46:34.760Z,24.5,-55,2,-103,0.0
2026-06-27T16:46:34.761Z,24.5,-55,2,-132,0.0
2026-06-27T16:46:34.762Z,29.6,-55,2,-163,0.0
2026-06-27T16:46:34.763Z,24.5,-55,2,-170,0.0
2026-06-27T16:46:34.765Z,24.5,-55,2,-177,0.0
2026-06-27T16:46:34.766Z,24.5,-55,2,-183,0.0
2026-06-27T16:46:34.767Z,24.5,-55,3,-189,0.0
2026-06-27T16:46:34.768Z,24.5,-55,2,-196,0.0
2026-06-27T16:46:34.769Z,24.5,-55,2,-203,0.0
2026-06-27T16:46:34.770Z,24.5,-55,2,-210,0.0
2026-06-27T16:46:34.771Z,23.6,-55,3,-216,0.0
2026-06-27T16:46:34.901Z,24.5,-55,5,-98,0.0
2026-06-27T16:46:34.903Z,24.5,-55,2,-104,0.0
2026-06-27T16:46:34.905Z,24.5,-55,2,-132,0.0
2026-06-27T16:46:34.906Z,23.6,-55,2,-163,0.0
2026-06-27T16:46:34.907Z,23.6,-56,2,-170,0.0
2026-06-27T16:46:34.909Z,23.6,-56,2,-177,0.0
2026-06-27T16:46:34.910Z,23.6,-56,3,-182,0.0
2026-06-27T16:46:34.911Z,23.6,-56,2,-189,0.0
2026-06-27T16:46:34.912Z,23.6,-56,2,-196,0.0
2026-06-27T16:46:34.913Z,23.6,-56,2,-202,0.0
2026-06-27T16:46:34.914Z,23.6,-56,2,-209,0.0
2026-06-27T16:46:34.915Z,23.6,-56,2,-216,0.0
2026-06-27T16:46:35.025Z,23.6,-56,2,-118,0.0
2026-06-27T16:46:35.027Z,23.6,-56,2,-123,0.0
2026-06-27T16:46:35.029Z,23.6,-57,3,-128,0.0
2026-06-27T16:46:35.030Z,23.6,-57,2,-158,0.0
2026-06-27T16:46:35.031Z,23.6,-57,4,-167,0.0
2026-06-27T16:46:35.033Z,23.6,-57,3,-172,0.0
2026-06-27T16:46:35.034Z,23.6,-57,2,-179,0.0
2026-06-27T16:46:35.035Z,23.6,-57,2,-186,0.0
2026-06-27T16:46:35.036Z,23.6,-57,2,-192,0.0
2026-06-27T16:46:35.037Z,23.6,-57,2,-199,0.0
2026-06-27T16:46:35.038Z,23.6,-57,2,-206,0.0
2026-06-27T16:46:35.039Z,23.6,-57,2,-212,0.0
2026-06-27T16:46:35.174Z,23.6,-57,6,-89,0.0
2026-06-27T16:46:35.175Z,23.6,-57,2,-96,0.0
2026-06-27T16:46:35.177Z,23.6,-57,2,-125,0.0
2026-06-27T16:46:35.178Z,23.6,-57,2,-155,0.0
2026-06-27T16:46:35.179Z,23.6,-57,2,-162,0.0
2026-06-27T16:46:35.180Z,23.6,-57,2,-169,0.0
2026-06-27T16:46:35.182Z,23.6,-57,3,-174,0.0
2026-06-27T16:46:35.183Z,23.6,-57,2,-181,0.0
2026-06-27T16:46:35.184Z,23.6,-57,2,-188,0.0
2026-06-27T16:46:35.185Z,23.6,-57,3,-194,0.0
2026-06-27T16:46:35.186Z,24.5,-57,2,-201,0.0
2026-06-27T16:46:35.187Z,24.5,-57,2,-208,0.0
2026-06-27T16:46:35.224Z,23.6,-57,2,-179,0.0
2026-06-27T16:46:35.227Z,23.6,-57,5,-188,0.0
2026-06-27T16:46:35.228Z,23.6,-57,2,-194,0.0
2026-06-27T16:46:35.229Z,23.6,-57,2,-224,0.0
2026-06-27T16:46:35.328Z,23.6,-57,4,-137,0.0
2026-06-27T16:46:35.329Z,23.6,-58,3,-143,0.0
2026-06-27T16:46:35.331Z,24.4,-58,2,-172,0.0
2026-06-27T16:46:35.333Z,27.9,-58,2,-202,0.0
2026-06-27T16:46:35.334Z,27.9,-58,2,-209,0.0
2026-06-27T16:46:35.335Z,27.9,-58,2,-216,0.0
2026-06-27T16:46:35.336Z,28.8,-58,2,-223,0.0
2026-06-27T16:46:35.432Z,23.4,-60,6,-139,0.0
2026-06-27T16:46:35.433Z,23.4,-60,2,-145,0.0
2026-06-27T16:46:35.436Z,23.1,-60,2,-174,0.0
2026-06-27T16:46:35.437Z,23.9,-60,3,-204,0.0
2026-06-27T16:46:35.438Z,23.1,-60,3,-210,0.0
2026-06-27T16:46:35.439Z,23.9,-60,2,-217,0.0
2026-06-27T16:46:35.486Z,23.9,-60,5,-181,0.0
2026-06-27T16:46:35.488Z,23.9,-62,4,-187,0.0
2026-06-27T16:46:35.489Z,26.5,-62,2,-217,0.0
2026-06-27T16:46:35.623Z,25.7,-62,2,-114,0.0
2026-06-27T16:46:35.626Z,25.7,-62,2,-120,0.0
2026-06-27T16:46:35.627Z,24.8,-62,2,-149,0.0
2026-06-27T16:46:35.629Z,24.8,-62,2,-156,0.0
2026-06-27T16:46:35.630Z,24.8,-62,2,-162,0.0
2026-06-27T16:46:35.631Z,24.8,-62,2,-169,0.0
2026-06-27T16:46:35.632Z,23.9,-62,2,-176,0.0
2026-06-27T16:46:35.633Z,23.9,-62,3,-182,0.0
2026-06-27T16:46:35.635Z,24.8,-62,2,-188,0.0
2026-06-27T16:46:35.636Z,25.7,-62,2,-195,0.0
2026-06-27T16:46:35.637Z,25.7,-62,2,-202,0.0
2026-06-27T16:46:35.638Z,25.7,-62,3,-209,0.0
2026-06-27T16:46:35.639Z,25.7,-62,2,-215,0.0
2026-06-27T16:46:35.740Z,29.6,-62,7,-129,0.0
2026-06-27T16:46:35.745Z,29.6,-60,2,-131,0.0
2026-06-27T16:46:35.746Z,22.8,-60,2,-160,0.0
2026-06-27T16:46:35.748Z,24.5,-60,2,-190,0.0
2026-06-27T16:46:35.750Z,26.2,-60,3,-196,0.0
2026-06-27T16:46:35.751Z,29.3,-60,2,-203,0.0
2026-06-27T16:46:35.753Z,29.3,-60,2,-209,0.0
2026-06-27T16:46:35.840Z,23.4,-60,2,-129,0.0
2026-06-27T16:46:35.843Z,23.4,-57,6,-139,0.0
2026-06-27T16:46:35.844Z,22.5,-57,2,-144,0.0
2026-06-27T16:46:35.845Z,23.4,-57,2,-174,0.0
2026-06-27T16:46:35.846Z,25.9,-57,2,-205,0.0
2026-06-27T16:46:35.847Z,25.9,-57,3,-212,0.0
2026-06-27T16:46:35.848Z,25.9,-57,3,-218,0.0
2026-06-27T16:46:35.891Z,23.1,-57,5,-187,0.0
2026-06-27T16:46:35.893Z,23.1,-57,2,-193,0.0
2026-06-27T16:46:35.895Z,25.9,-57,2,-221,0.0
2026-06-27T16:46:36.040Z,25.9,-57,2,-107,0.0
2026-06-27T16:46:36.043Z,25.9,-57,3,-113,0.0
2026-06-27T16:46:36.044Z,29.1,-57,2,-142,0.0
2026-06-27T16:46:36.046Z,29.1,-58,2,-149,0.0
2026-06-27T16:46:36.047Z,23.1,-58,2,-156,0.0
2026-06-27T16:46:36.048Z,29.1,-58,2,-163,0.0
2026-06-27T16:46:36.050Z,29.1,-58,2,-169,0.0
2026-06-27T16:46:36.051Z,29.1,-58,2,-176,0.0
2026-06-27T16:46:36.052Z,25.1,-58,2,-183,0.0
2026-06-27T16:46:36.053Z,25.1,-58,3,-189,0.0
2026-06-27T16:46:36.054Z,24.2,-58,2,-196,0.0
2026-06-27T16:46:36.055Z,24.2,-58,2,-203,0.0
2026-06-27T16:46:36.056Z,23.4,-58,2,-209,0.0
2026-06-27T16:46:36.093Z,23.4,-58,6,-183,0.0
2026-06-27T16:46:36.094Z,23.4,-59,3,-191,0.0
2026-06-27T16:46:36.096Z,23.4,-59,3,-219,0.0
2026-06-27T16:46:36.241Z,23.4,-59,2,-108,0.0
2026-06-27T16:46:36.245Z,22.5,-59,3,-110,0.0
2026-06-27T16:46:36.246Z,22.5,-59,2,-139,0.0
2026-06-27T16:46:36.247Z,22.5,-60,3,-146,0.0
2026-06-27T16:46:36.248Z,23.4,-60,2,-153,0.0
2026-06-27T16:46:36.249Z,25.9,-60,2,-160,0.0
2026-06-27T16:46:36.251Z,23.1,-60,3,-165,0.0
2026-06-27T16:46:36.252Z,23.1,-60,2,-172,0.0
2026-06-27T16:46:36.253Z,23.1,-60,2,-179,0.0
2026-06-27T16:46:36.254Z,22.2,-60,3,-185,0.0
2026-06-27T16:46:36.255Z,22.2,-60,2,-192,0.0
2026-06-27T16:46:36.256Z,22.2,-60,2,-198,0.0
2026-06-27T16:46:36.257Z,23.1,-60,2,-205,0.0
2026-06-27T16:46:36.353Z,23.9,-60,5,-121,0.0
2026-06-27T16:46:36.354Z,29.6,-60,2,-130,0.0
2026-06-27T16:46:36.357Z,22.8,-63,2,-158,0.0
2026-06-27T16:46:36.358Z,22.8,-63,2,-188,0.0
2026-06-27T16:46:36.359Z,22.8,-63,2,-195,0.0
2026-06-27T16:46:36.360Z,22.8,-63,2,-201,0.0
2026-06-27T16:46:36.362Z,22.8,-63,3,-207,0.0
2026-06-27T16:46:36.364Z,22.8,-63,2,-213,0.0
2026-06-27T16:46:36.407Z,22.8,-63,2,-183,0.0
2026-06-27T16:46:36.417Z,22.8,-66,3,-182,0.0
2026-06-27T16:46:36.420Z,22.8,-66,3,-185,0.0
2026-06-27T16:46:36.422Z,22.8,-66,2,-213,0.0
2026-06-27T16:46:36.534Z,22.8,-66,2,-112,0.0
2026-06-27T16:46:36.543Z,23.6,-66,3,-110,0.0
2026-06-27T16:46:36.547Z,23.6,-66,2,-136,0.0
2026-06-27T16:46:36.550Z,23.6,-66,4,-141,0.0
2026-06-27T16:46:36.552Z,23.6,-60,3,-148,0.0
2026-06-27T16:46:36.555Z,23.6,-60,3,-153,0.0
2026-06-27T16:46:36.557Z,23.6,-60,2,-158,0.0
2026-06-27T16:46:36.559Z,24.5,-60,2,-164,0.0
2026-06-27T16:46:36.560Z,29.3,-60,2,-170,0.0
2026-06-27T16:46:36.561Z,29.3,-60,2,-177,0.0
2026-06-27T16:46:36.562Z,29.3,-60,2,-184,0.0
2026-06-27T16:46:36.563Z,29.3,-60,2,-190,0.0
2026-06-27T16:46:36.565Z,29.3,-60,2,-197,0.0
2026-06-27T16:46:36.655Z,29.3,-60,5,-119,0.0
2026-06-27T16:46:36.656Z,23.4,-60,2,-126,0.0
2026-06-27T16:46:36.658Z,23.4,-60,2,-132,0.0
2026-06-27T16:46:36.659Z,23.4,-56,2,-137,0.0
2026-06-27T16:46:36.661Z,23.4,-56,2,-166,0.0
2026-06-27T16:46:36.663Z,23.4,-56,2,-173,0.0
2026-06-27T16:46:36.664Z,23.4,-56,3,-179,0.0
2026-06-27T16:46:36.665Z,23.4,-56,2,-186,0.0
2026-06-27T16:46:36.666Z,29.3,-56,2,-193,0.0
2026-06-27T16:46:36.667Z,29.3,-56,2,-200,0.0
2026-06-27T16:46:36.668Z,29.3,-56,2,-207,0.0
2026-06-27T16:46:36.669Z,29.3,-56,2,-213,0.0
2026-06-27T16:46:36.811Z,29.3,-56,3,-87,0.0
2026-06-27T16:46:36.812Z,29.3,-56,2,-93,0.0
2026-06-27T16:46:36.814Z,29.3,-56,2,-122,0.0
2026-06-27T16:46:36.815Z,23.4,-56,2,-153,0.0
2026-06-27T16:46:36.816Z,23.4,-56,2,-160,0.0
2026-06-27T16:46:36.818Z,23.4,-56,2,-166,0.0
2026-06-27T16:46:36.819Z,29.3,-56,2,-173,0.0
2026-06-27T16:46:36.820Z,29.3,-56,2,-180,0.0
2026-06-27T16:46:36.821Z,29.3,-56,2,-187,0.0
2026-06-27T16:46:36.822Z,29.3,-56,2,-194,0.0
2026-06-27T16:46:36.823Z,29.3,-56,2,-201,0.0
2026-06-27T16:46:36.824Z,29.3,-56,2,-208,0.0
2026-06-27T16:46:36.825Z,28.8,-56,2,-215,0.0
2026-06-27T16:46:36.934Z,26.2,-56,9,-120,0.0
2026-06-27T16:46:36.935Z,25.4,-56,2,-126,0.0
2026-06-27T16:46:36.939Z,23.6,-56,2,-155,0.0
2026-06-27T16:46:36.940Z,23.6,-60,2,-161,0.0
2026-06-27T16:46:36.942Z,22.8,-60,2,-167,0.0
2026-06-27T16:46:36.943Z,22.8,-60,2,-174,0.0
2026-06-27T16:46:36.944Z,22.8,-60,2,-180,0.0
2026-06-27T16:46:36.945Z,22.8,-60,2,-187,0.0
2026-06-27T16:46:36.946Z,22.8,-60,2,-194,0.0
2026-06-27T16:46:36.947Z,22.8,-60,3,-200,0.0
2026-06-27T16:46:36.948Z,22.8,-60,2,-207,0.0
2026-06-27T16:46:36.949Z,22.8,-60,2,-214,0.0
2026-06-27T16:46:37.070Z,23.6,-60,3,-107,0.0
2026-06-27T16:46:37.078Z,23.6,-60,3,-104,0.0
2026-06-27T16:46:37.079Z,24.8,-60,2,-133,0.0
2026-06-27T16:46:37.081Z,24.8,-63,2,-139,0.0
2026-06-27T16:46:37.082Z,24.8,-63,2,-145,0.0
2026-06-27T16:46:37.083Z,24.8,-63,2,-152,0.0
2026-06-27T16:46:37.085Z,23.9,-63,2,-158,0.0
2026-06-27T16:46:37.086Z,23.9,-63,2,-165,0.0
2026-06-27T16:46:37.087Z,23.1,-63,2,-171,0.0
2026-06-27T16:46:37.088Z,23.1,-63,2,-178,0.0
2026-06-27T16:46:37.089Z,23.1,-63,2,-185,0.0
2026-06-27T16:46:37.090Z,23.1,-63,3,-191,0.0
2026-06-27T16:46:37.091Z,23.1,-63,2,-198,0.0
2026-06-27T16:46:37.118Z,23.1,-63,12,-189,0.0
2026-06-27T16:46:37.119Z,23.1,-66,2,-196,0.0
2026-06-27T16:46:37.120Z,23.1,-66,2,-225,0.0
2026-06-27T16:46:37.267Z,23.1,-66,2,-112,0.0
2026-06-27T16:46:37.277Z,23.1,-66,2,-110,0.0
2026-06-27T16:46:37.281Z,23.1,-66,3,-136,0.0
2026-06-27T16:46:37.284Z,23.1,-67,3,-140,0.0
2026-06-27T16:46:37.286Z,23.1,-67,2,-146,0.0
2026-06-27T16:46:37.288Z,23.1,-67,3,-151,0.0
2026-06-27T16:46:37.290Z,26.8,-67,2,-157,0.0
2026-06-27T16:46:37.292Z,25.9,-67,2,-163,0.0
2026-06-27T16:46:37.293Z,25.1,-67,2,-169,0.0
2026-06-27T16:46:37.295Z,25.1,-67,2,-176,0.0
2026-06-27T16:46:37.296Z,24.2,-67,2,-181,0.0
2026-06-27T16:46:37.298Z,23.4,-67,2,-188,0.0
2026-06-27T16:46:37.299Z,23.4,-67,2,-194,0.0
2026-06-27T16:46:37.319Z,23.4,-67,6,-185,0.0
2026-06-27T16:46:37.321Z,23.4,-66,2,-191,0.0
2026-06-27T16:46:37.322Z,22.5,-66,2,-221,0.0
2026-06-27T16:46:37.461Z,22.5,-66,2,-115,0.0
2026-06-27T16:46:37.464Z,22.5,-66,3,-117,0.0
2026-06-27T16:46:37.467Z,22.5,-66,2,-146,0.0
2026-06-27T16:46:37.468Z,22.5,-66,2,-153,0.0
2026-06-27T16:46:37.470Z,22.5,-66,3,-159,0.0
2026-06-27T16:46:37.471Z,22.5,-66,2,-165,0.0
2026-06-27T16:46:37.472Z,22.5,-66,2,-172,0.0
2026-06-27T16:46:37.473Z,22.5,-66,2,-178,0.0
2026-06-27T16:46:37.474Z,22.5,-66,2,-185,0.0
2026-06-27T16:46:37.475Z,22.5,-66,3,-191,0.0
2026-06-27T16:46:37.476Z,22.5,-66,2,-198,0.0
2026-06-27T16:46:37.477Z,22.5,-66,2,-205,0.0
2026-06-27T16:46:37.478Z,22.5,-66,2,-211,0.0
2026-06-27T16:46:37.509Z,23.4,-66,5,-192,0.0
2026-06-27T16:46:37.510Z,26.2,-66,2,-199,0.0
2026-06-27T16:46:37.514Z,26.2,-66,3,-204,0.0
2026-06-27T16:46:37.656Z,24.5,-66,2,-91,0.0
2026-06-27T16:46:37.658Z,24.5,-66,3,-97,0.0
2026-06-27T16:46:37.660Z,23.6,-66,2,-126,0.0
2026-06-27T16:46:37.661Z,22.8,-66,2,-157,0.0
2026-06-27T16:46:37.662Z,22.8,-66,3,-163,0.0
2026-06-27T16:46:37.664Z,22.8,-66,2,-169,0.0
2026-06-27T16:46:37.665Z,22.8,-66,2,-176,0.0
2026-06-27T16:46:37.666Z,22.8,-66,2,-182,0.0
2026-06-27T16:46:37.667Z,22.8,-66,2,-189,0.0
2026-06-27T16:46:37.668Z,22.8,-66,2,-195,0.0
2026-06-27T16:46:37.670Z,22.8,-66,2,-201,0.0
2026-06-27T16:46:37.671Z,22.8,-66,2,-208,0.0
2026-06-27T16:46:37.672Z,22.8,-66,3,-214,0.0
2026-06-27T16:46:37.786Z,22.8,-66,5,-115,0.0
2026-06-27T16:46:37.793Z,22.8,-66,2,-111,0.0
2026-06-27T16:46:37.795Z,22.8,-66,2,-119,0.0
2026-06-27T16:46:37.796Z,22.8,-65,3,-124,0.0
2026-06-27T16:46:37.797Z,25.7,-65,2,-154,0.0
2026-06-27T16:46:37.798Z,25.7,-65,2,-161,0.0
2026-06-27T16:46:37.799Z,24.8,-65,2,-168,0.0
2026-06-27T16:46:37.800Z,23.9,-65,2,-175,0.0
2026-06-27T16:46:37.801Z,23.9,-65,2,-182,0.0
2026-06-27T16:46:37.802Z,23.1,-65,2,-188,0.0
2026-06-27T16:46:37.803Z,22.2,-65,2,-195,0.0
2026-06-27T16:46:37.804Z,22.2,-65,2,-201,0.0
2026-06-27T16:46:37.887Z,22.2,-65,2,-130,0.0
2026-06-27T16:46:37.890Z,22.2,-65,3,-135,0.0
2026-06-27T16:46:37.891Z,22.2,-65,2,-164,0.0
2026-06-27T16:46:37.892Z,22.2,-65,2,-195,0.0
2026-06-27T16:46:37.894Z,22.2,-65,3,-200,0.0
2026-06-27T16:46:37.895Z,22.2,-65,2,-207,0.0
2026-06-27T16:46:37.897Z,22.2,-65,2,-213,0.0
2026-06-27T16:46:37.898Z,22.2,-65,3,-220,0.0
2026-06-27T16:46:37.991Z,22.2,-67,7,-140,0.0
2026-06-27T16:46:37.992Z,22.2,-67,2,-145,0.0
2026-06-27T16:46:37.993Z,22.2,-67,2,-175,0.0
2026-06-27T16:46:37.995Z,22.2,-67,2,-205,0.0
2026-06-27T16:46:37.996Z,22.2,-67,2,-212,0.0
2026-06-27T16:46:37.997Z,22.2,-67,3,-218,0.0
2026-06-27T16:46:38.093Z,22.2,-67,2,-131,0.0
2026-06-27T16:46:38.095Z,23.1,-69,6,-140,0.0
2026-06-27T16:46:38.097Z,23.9,-69,2,-145,0.0
2026-06-27T16:46:38.099Z,21.9,-69,2,-173,0.0
2026-06-27T16:46:38.100Z,21.9,-69,2,-204,0.0
2026-06-27T16:46:38.101Z,21.9,-69,2,-211,0.0
2026-06-27T16:46:38.102Z,21.9,-69,2,-217,0.0
2026-06-27T16:46:38.236Z,21.9,-69,5,-95,0.0
2026-06-27T16:46:38.239Z,21.9,-68,3,-100,0.0
2026-06-27T16:46:38.241Z,21.9,-68,2,-128,0.0
2026-06-27T16:46:38.243Z,21.9,-68,2,-159,0.0
2026-06-27T16:46:38.244Z,21.9,-68,3,-164,0.0
2026-06-27T16:46:38.245Z,21.9,-68,2,-171,0.0
2026-06-27T16:46:38.246Z,21.9,-68,2,-177,0.0
2026-06-27T16:46:38.247Z,21.9,-68,2,-184,0.0
2026-06-27T16:46:38.248Z,21.9,-68,2,-191,0.0
2026-06-27T16:46:38.249Z,21.9,-68,2,-197,0.0
2026-06-27T16:46:38.250Z,21.9,-68,2,-203,0.0
2026-06-27T16:46:38.251Z,21.9,-68,3,-209,0.0
2026-06-27T16:46:38.253Z,21.9,-68,2,-216,0.0
2026-06-27T16:46:38.289Z,21.9,-68,4,-191,0.0
2026-06-27T16:46:38.290Z,21.9,-68,2,-198,0.0
2026-06-27T16:46:38.292Z,21.9,-68,2,-226,0.0
2026-06-27T16:46:38.434Z,21.9,-68,2,-94,0.0
2026-06-27T16:46:38.436Z,21.9,-65,3,-99,0.0
2026-06-27T16:46:38.438Z,21.9,-65,2,-128,0.0
2026-06-27T16:46:38.439Z,21.9,-65,2,-159,0.0
2026-06-27T16:46:38.441Z,21.9,-65,3,-164,0.0
2026-06-27T16:46:38.442Z,21.9,-65,2,-171,0.0
2026-06-27T16:46:38.443Z,21.9,-65,2,-178,0.0
2026-06-27T16:46:38.444Z,21.9,-65,3,-184,0.0
2026-06-27T16:46:38.445Z,21.9,-65,2,-191,0.0
2026-06-27T16:46:38.446Z,21.9,-65,2,-197,0.0
2026-06-27T16:46:38.447Z,21.9,-65,2,-204,0.0
2026-06-27T16:46:38.448Z,21.9,-65,2,-211,0.0
2026-06-27T16:46:38.449Z,21.9,-65,2,-216,0.0
2026-06-27T16:46:38.504Z,21.9,-65,5,-174,0.0
2026-06-27T16:46:38.506Z,22.8,-65,2,-180,0.0
2026-06-27T16:46:38.507Z,22.8,-65,2,-209,0.0
2026-06-27T16:46:38.558Z,22.8,-65,2,-193,0.0
2026-06-27T16:46:38.565Z,22.8,-67,3,-192,0.0
2026-06-27T16:46:38.568Z,22.8,-67,2,-219,0.0
2026-06-27T16:46:38.684Z,22.8,-67,5,-113,0.0
2026-06-27T16:46:38.685Z,22.8,-67,2,-118,0.0
2026-06-27T16:46:38.687Z,22.8,-67,2,-147,0.0
2026-06-27T16:46:38.688Z,22.8,-68,2,-154,0.0
2026-06-27T16:46:38.690Z,22.8,-68,2,-161,0.0
2026-06-27T16:46:38.691Z,22.8,-68,2,-167,0.0
2026-06-27T16:46:38.693Z,22.8,-68,2,-173,0.0
2026-06-27T16:46:38.694Z,22.8,-68,2,-179,0.0
2026-06-27T16:46:38.695Z,22.8,-68,2,-186,0.0
2026-06-27T16:46:38.697Z,22.8,-68,2,-191,0.0
2026-06-27T16:46:38.698Z,22.8,-68,2,-198,0.0
2026-06-27T16:46:38.700Z,22.8,-68,2,-205,0.0
2026-06-27T16:46:38.825Z,22.8,-68,2,-87,0.0
2026-06-27T16:46:38.827Z,21.9,-68,6,-96,0.0
2026-06-27T16:46:38.829Z,21.9,-68,2,-102,0.0
2026-06-27T16:46:38.830Z,21.9,-68,2,-131,0.0
2026-06-27T16:46:38.831Z,21.9,-66,2,-162,0.0
2026-06-27T16:46:38.832Z,21.9,-66,2,-169,0.0
2026-06-27T16:46:38.833Z,21.9,-66,2,-175,0.0
2026-06-27T16:46:38.834Z,21.9,-66,2,-181,0.0
2026-06-27T16:46:38.836Z,21.9,-66,2,-188,0.0
2026-06-27T16:46:38.837Z,21.9,-66,2,-194,0.0
2026-06-27T16:46:38.838Z,21.9,-66,2,-201,0.0
2026-06-27T16:46:38.839Z,21.9,-66,3,-207,0.0
2026-06-27T16:46:38.840Z,21.9,-66,2,-214,0.0
2026-06-27T16:46:38.922Z,21.9,-66,5,-150,0.0
2026-06-27T16:46:38.930Z,21.9,-66,2,-147,0.0
2026-06-27T16:46:38.933Z,22.8,-66,3,-172,0.0
2026-06-27T16:46:38.938Z,22.8,-66,2,-200,0.0
2026-06-27T16:46:38.939Z,22.8,-66,2,-205,0.0
2026-06-27T16:46:39.056Z,22.8,-64,6,-100,0.0
2026-06-27T16:46:39.058Z,22.8,-64,2,-105,0.0
2026-06-27T16:46:39.059Z,22.8,-64,3,-134,0.0
2026-06-27T16:46:39.061Z,22.8,-64,2,-164,0.0
2026-06-27T16:46:39.062Z,22.8,-64,2,-171,0.0
2026-06-27T16:46:39.064Z,22.8,-64,2,-178,0.0
2026-06-27T16:46:39.065Z,22.8,-64,2,-183,0.0
2026-06-27T16:46:39.066Z,22.8,-64,2,-190,0.0
2026-06-27T16:46:39.067Z,22.8,-64,2,-196,0.0
2026-06-27T16:46:39.068Z,22.8,-64,2,-203,0.0
2026-06-27T16:46:39.069Z,22.8,-64,2,-210,0.0
2026-06-27T16:46:39.070Z,21.6,-64,3,-216,0.0
2026-06-27T16:46:39.207Z,21.6,-64,2,-90,0.0
2026-06-27T16:46:39.210Z,22.8,-64,3,-95,0.0
2026-06-27T16:46:39.211Z,21.6,-64,2,-124,0.0
2026-06-27T16:46:39.213Z,21.6,-64,3,-153,0.0
2026-06-27T16:46:39.214Z,21.6,-64,3,-160,0.0
2026-06-27T16:46:39.216Z,21.6,-64,2,-166,0.0
2026-06-27T16:46:39.217Z,21.6,-64,2,-172,0.0
2026-06-27T16:46:39.218Z,21.6,-64,2,-179,0.0
2026-06-27T16:46:39.219Z,21.6,-64,2,-186,0.0
2026-06-27T16:46:39.220Z,21.6,-64,3,-192,0.0
2026-06-27T16:46:39.221Z,21.6,-64,2,-199,0.0
2026-06-27T16:46:39.222Z,21.6,-64,2,-205,0.0
2026-06-27T16:46:39.325Z,21.6,-64,2,-111,0.0
2026-06-27T16:46:39.327Z,21.6,-64,9,-124,0.0
2026-06-27T16:46:39.329Z,21.6,-65,3,-129,0.0
2026-06-27T16:46:39.330Z,21.6,-65,2,-158,0.0
2026-06-27T16:46:39.331Z,21.6,-65,2,-188,0.0
2026-06-27T16:46:39.332Z,21.6,-65,2,-195,0.0
2026-06-27T16:46:39.333Z,21.6,-65,2,-202,0.0
2026-06-27T16:46:39.334Z,21.6,-65,2,-208,0.0
2026-06-27T16:46:39.335Z,21.6,-65,2,-214,0.0
2026-06-27T16:46:39.380Z,21.6,-65,5,-182,0.0
2026-06-27T16:46:39.387Z,21.6,-64,3,-184,0.0
2026-06-27T16:46:39.393Z,21.6,-64,2,-208,0.0
2026-06-27T16:46:39.517Z,21.6,-64,2,-113,0.0
2026-06-27T16:46:39.520Z,21.6,-64,2,-117,0.0
2026-06-27T16:46:39.521Z,21.6,-64,2,-147,0.0
2026-06-27T16:46:39.522Z,21.6,-64,2,-155,0.0
2026-06-27T16:46:39.524Z,21.5,-64,2,-160,0.0
2026-06-27T16:46:39.525Z,21.6,-64,2,-167,0.0
2026-06-27T16:46:39.526Z,21.6,-64,3,-173,0.0
2026-06-27T16:46:39.527Z,21.6,-64,2,-180,0.0
2026-06-27T16:46:39.528Z,21.6,-64,3,-186,0.0
2026-06-27T16:46:39.529Z,21.6,-64,2,-193,0.0
2026-06-27T16:46:39.530Z,21.6,-64,2,-199,0.0
2026-06-27T16:46:39.531Z,21.6,-64,2,-206,0.0
2026-06-27T16:46:39.532Z,21.6,-64,2,-213,0.0
2026-06-27T16:46:39.658Z,21.6,-64,6,-99,0.0
2026-06-27T16:46:39.659Z,21.6,-62,3,-106,0.0
2026-06-27T16:46:39.661Z,21.6,-62,2,-135,0.0
2026-06-27T16:46:39.662Z,21.6,-62,2,-165,0.0
2026-06-27T16:46:39.663Z,21.6,-62,3,-172,0.0
2026-06-27T16:46:39.664Z,21.6,-62,2,-179,0.0
2026-06-27T16:46:39.665Z,21.6,-62,3,-185,0.0
2026-06-27T16:46:39.666Z,21.6,-62,2,-191,0.0
2026-06-27T16:46:39.668Z,21.6,-62,2,-197,0.0
2026-06-27T16:46:39.669Z,21.6,-62,2,-204,0.0
2026-06-27T16:46:39.670Z,21.6,-62,2,-211,0.0
2026-06-27T16:46:39.671Z,21.6,-62,3,-217,0.0
2026-06-27T16:46:39.730Z,21.6,-62,2,-169,0.0
2026-06-27T16:46:39.732Z,21.6,-62,2,-174,0.0
2026-06-27T16:46:39.733Z,21.6,-62,2,-204,0.0
2026-06-27T16:46:39.781Z,21.6,-62,2,-187,0.0
2026-06-27T16:46:39.784Z,21.6,-62,3,-193,0.0
2026-06-27T16:46:39.785Z,21.6,-62,2,-221,0.0
2026-06-27T16:46:39.924Z,21.9,-62,2,-113,0.0
2026-06-27T16:46:39.926Z,21.9,-62,2,-119,0.0
2026-06-27T16:46:39.927Z,20.6,-62,3,-149,0.0
2026-06-27T16:46:39.929Z,20.6,-65,3,-155,0.0
2026-06-27T16:46:39.930Z,21.9,-65,2,-162,0.0
2026-06-27T16:46:39.932Z,21.9,-65,2,-167,0.0
2026-06-27T16:46:39.933Z,21.9,-65,2,-174,0.0
2026-06-27T16:46:39.934Z,21.9,-65,3,-180,0.0
2026-06-27T16:46:39.935Z,21.9,-65,2,-187,0.0
2026-06-27T16:46:39.936Z,21.9,-65,2,-193,0.0
2026-06-27T16:46:39.937Z,21.9,-65,2,-200,0.0
2026-06-27T16:46:39.938Z,21.9,-65,2,-206,0.0
2026-06-27T16:46:39.939Z,21.9,-65,2,-213,0.0
2026-06-27T16:46:40.040Z,21.9,-65,5,-123,0.0
2026-06-27T16:46:40.041Z,21.9,-65,4,-130,0.0
2026-06-27T16:46:40.042Z,21.9,-64,2,-160,0.0
2026-06-27T16:46:40.043Z,21.9,-64,3,-190,0.0
2026-06-27T16:46:40.045Z,21.9,-64,3,-196,0.0
2026-06-27T16:46:40.046Z,21.9,-64,2,-202,0.0
2026-06-27T16:46:40.048Z,21.9,-64,2,-208,0.0
2026-06-27T16:46:40.050Z,21.9,-64,2,-215,0.0
2026-06-27T16:46:40.149Z,21.9,-64,2,-125,0.0
2026-06-27T16:46:40.151Z,21.9,-65,3,-131,0.0
2026-06-27T16:46:40.153Z,20.6,-65,2,-160,0.0
2026-06-27T16:46:40.154Z,20.6,-65,2,-191,0.0
2026-06-27T16:46:40.155Z,20.6,-65,3,-197,0.0
2026-06-27T16:46:40.157Z,20.6,-65,2,-203,0.0
2026-06-27T16:46:40.158Z,20.6,-65,3,-209,0.0
2026-06-27T16:46:40.159Z,20.6,-65,5,-218,0.0
2026-06-27T16:46:40.209Z,20.6,-65,2,-179,0.0
2026-06-27T16:46:40.216Z,20.6,-65,3,-179,0.0
2026-06-27T16:46:40.217Z,20.6,-65,2,-207,0.0
2026-06-27T16:46:40.340Z,20.6,-65,2,-115,0.0
2026-06-27T16:46:40.343Z,20.6,-65,3,-120,0.0
2026-06-27T16:46:40.345Z,21.9,-65,2,-149,0.0
2026-06-27T16:46:40.346Z,20.6,-66,2,-155,0.0
2026-06-27T16:46:40.347Z,20.6,-66,2,-162,0.0
2026-06-27T16:46:40.348Z,20.6,-66,3,-168,0.0
2026-06-27T16:46:40.349Z,20.6,-66,2,-175,0.0
2026-06-27T16:46:40.351Z,20.6,-66,3,-180,0.0
2026-06-27T16:46:40.352Z,20.6,-66,2,-187,0.0
2026-06-27T16:46:40.353Z,20.6,-66,3,-193,0.0
2026-06-27T16:46:40.354Z,20.6,-66,2,-200,0.0
2026-06-27T16:46:40.355Z,21.9,-66,3,-206,0.0
2026-06-27T16:46:40.356Z,20.6,-66,2,-213,0.0
2026-06-27T16:46:40.490Z,20.6,-66,8,-97,0.0
2026-06-27T16:46:40.499Z,20.6,-65,2,-94,0.0
2026-06-27T16:46:40.503Z,21.9,-65,2,-120,0.0
2026-06-27T16:46:40.506Z,20.9,-65,2,-148,0.0
2026-06-27T16:46:40.507Z,20.9,-65,2,-152,0.0
2026-06-27T16:46:40.509Z,20.9,-65,2,-159,0.0
2026-06-27T16:46:40.510Z,20.9,-65,2,-165,0.0
2026-06-27T16:46:40.512Z,20.9,-65,2,-171,0.0
2026-06-27T16:46:40.513Z,20.9,-65,2,-177,0.0
2026-06-27T16:46:40.514Z,21.3,-65,3,-183,0.0
2026-06-27T16:46:40.515Z,21.3,-65,2,-190,0.0
2026-06-27T16:46:40.517Z,21.3,-65,3,-196,0.0
2026-06-27T16:46:40.635Z,21.3,-65,2,-88,0.0
2026-06-27T16:46:40.638Z,21.3,-65,2,-93,0.0
2026-06-27T16:46:40.640Z,21.6,-65,2,-121,0.0
2026-06-27T16:46:40.641Z,21.6,-65,2,-152,0.0
2026-06-27T16:46:40.642Z,21.6,-67,3,-158,0.0
2026-06-27T16:46:40.643Z,21.6,-67,2,-165,0.0
2026-06-27T16:46:40.644Z,21.6,-67,2,-172,0.0
2026-06-27T16:46:40.645Z,21.6,-67,2,-178,0.0
2026-06-27T16:46:40.646Z,21.6,-67,2,-185,0.0
2026-06-27T16:46:40.648Z,21.6,-67,3,-190,0.0
2026-06-27T16:46:40.649Z,21.6,-67,2,-197,0.0
2026-06-27T16:46:40.650Z,21.6,-67,2,-203,0.0
2026-06-27T16:46:40.651Z,21.6,-67,2,-210,0.0
2026-06-27T16:46:40.687Z,21.6,-67,10,-190,0.0
2026-06-27T16:46:40.688Z,21.6,-67,2,-196,0.0
2026-06-27T16:46:40.689Z,21.6,-66,2,-202,0.0
2026-06-27T16:46:40.832Z,21.6,-66,2,-91,0.0
2026-06-27T16:46:40.834Z,21.6,-66,3,-96,0.0
2026-06-27T16:46:40.835Z,21.6,-66,2,-126,0.0
2026-06-27T16:46:40.837Z,21.6,-66,2,-155,0.0
2026-06-27T16:46:40.838Z,22.5,-64,3,-162,0.0
2026-06-27T16:46:40.839Z,22.5,-64,2,-169,0.0
2026-06-27T16:46:40.841Z,22.5,-64,2,-174,0.0
2026-06-27T16:46:40.842Z,22.5,-64,2,-181,0.0
2026-06-27T16:46:40.843Z,22.5,-64,2,-188,0.0
2026-06-27T16:46:40.844Z,22.5,-64,3,-194,0.0
2026-06-27T16:46:40.845Z,22.5,-64,2,-201,0.0
2026-06-27T16:46:40.846Z,21.3,-64,2,-208,0.0
2026-06-27T16:46:40.847Z,23.4,-64,2,-214,0.0
2026-06-27T16:46:40.965Z,25.9,-64,5,-107,0.0
2026-06-27T16:46:40.966Z,22.2,-64,2,-114,0.0
2026-06-27T16:46:40.967Z,23.1,-64,2,-143,0.0
2026-06-27T16:46:40.968Z,22.8,-64,2,-174,0.0
2026-06-27T16:46:40.970Z,22.8,-64,2,-180,0.0
2026-06-27T16:46:40.971Z,22.8,-64,2,-187,0.0
2026-06-27T16:46:40.972Z,22.8,-64,2,-193,0.0
2026-06-27T16:46:40.973Z,22.8,-64,2,-200,0.0
2026-06-27T16:46:40.974Z,22.8,-64,3,-206,0.0
2026-06-27T16:46:40.976Z,23.6,-64,2,-212,0.0
2026-06-27T16:46:41.106Z,24.5,-64,4,-93,0.0
2026-06-27T16:46:41.109Z,25.4,-64,3,-99,0.0
2026-06-27T16:46:41.110Z,25.4,-64,2,-128,0.0
2026-06-27T16:46:41.111Z,23.4,-64,2,-159,0.0
2026-06-27T16:46:41.113Z,23.4,-64,3,-164,0.0
2026-06-27T16:46:41.114Z,22.5,-64,2,-171,0.0
2026-06-27T16:46:41.116Z,22.5,-64,2,-177,0.0
2026-06-27T16:46:41.117Z,23.4,-64,3,-183,0.0
2026-06-27T16:46:41.118Z,23.4,-64,2,-190,0.0
2026-06-27T16:46:41.119Z,23.4,-64,2,-197,0.0
2026-06-27T16:46:41.120Z,23.4,-64,3,-203,0.0
2026-06-27T16:46:41.121Z,23.4,-64,2,-210,0.0
2026-06-27T16:46:41.122Z,23.4,-64,2,-217,0.0
2026-06-27T16:46:41.375Z,24.2,-64,5,23,0.0
2026-06-27T16:46:41.376Z,24.2,-64,2,18,0.0
2026-06-27T16:46:41.379Z,40.8,-64,2,-11,0.0
2026-06-27T16:46:41.380Z,40.8,-64,2,-18,0.0
2026-06-27T16:46:41.382Z,40.8,-64,2,-26,0.0
2026-06-27T16:46:41.383Z,23.9,-64,2,-32,0.0
2026-06-27T16:46:41.384Z,23.9,-64,2,-39,0.0
2026-06-27T16:46:41.385Z,23.9,-64,2,-46,0.0
2026-06-27T16:46:41.702Z,41.5,-64,2,-233,0.0
2026-06-27T16:46:42.203Z,41.0,-59,5,-232,0.0
2026-06-27T16:46:42.705Z,35.5,-63,6,-230,0.0
2026-06-27T16:46:43.212Z,35.8,-59,6,-222,0.0
2026-06-27T16:46:43.703Z,33.5,-59,6,-232,0.0
2026-06-27T16:46:44.204Z,33.2,-56,6,-231,0.0
2026-06-27T16:46:44.703Z,35.8,-60,6,-231,0.0
2026-06-27T16:46:45.204Z,41.5,-53,6,-232,0.0
2026-06-27T16:46:45.703Z,41.5,-53,6,-232,0.0
2026-06-27T16:46:46.206Z,41.5,-51,6,-228,0.0
2026-06-27T16:46:46.703Z,45.6,-52,5,-232,0.0
2026-06-27T16:46:47.206Z,42.6,-49,7,-231,0.0
2026-06-27T16:46:47.705Z,45.8,-51,8,-231,0.0
2026-06-27T16:46:48.204Z,44.2,-51,5,-232,0.0
2026-06-27T16:46:48.703Z,44.8,-50,6,-233,0.0
2026-06-27T16:46:49.256Z,36.9,-52,6,-175,0.0
2026-06-27T16:46:49.698Z,42.2,-53,3,-233,0.0
2026-06-27T16:46:50.203Z,40.1,-56,6,-232,0.0
2026-06-27T16:46:50.702Z,29.1,-54,5,-233,0.0
2026-06-27T16:46:51.203Z,31.7,-52,6,-232,0.0
2026-06-27T16:46:51.708Z,31.4,-54,6,-223,0.0
2026-06-27T16:46:52.202Z,36.0,-54,6,-232,0.0
2026-06-27T16:46:52.703Z,34.5,-53,6,-232,0.0
2026-06-27T16:46:53.202Z,35.3,-53,6,-232,0.0
2026-06-27T16:46:53.705Z,43.2,-53,6,-229,0.0
2026-06-27T16:46:54.201Z,28.8,-55,6,-233,0.0
2026-06-27T16:46:54.704Z,43.4,-53,6,-232,0.0
2026-06-27T16:46:55.202Z,42.6,-54,6,-234,0.0
2026-06-27T16:46:55.704Z,42.6,-53,7,-230,0.0
2026-06-27T16:46:56.202Z,42.6,-53,8,-233,0.0
2026-06-27T16:46:56.701Z,41.7,-53,7,-233,0.0
2026-06-27T16:46:57.202Z,24.8,-54,5,-232,0.0
2026-06-27T16:46:57.701Z,25.1,-54,6,-233,0.0
2026-06-27T16:46:58.200Z,28.8,-58,7,-234,0.0
2026-06-27T16:46:58.701Z,23.9,-62,5,-233,0.0
2026-06-27T16:46:59.205Z,26.8,-61,6,-228,0.0
2026-06-27T16:46:59.700Z,27.7,-69,6,-234,0.0
2026-06-27T16:47:00.205Z,26.8,-66,6,-229,0.0
2026-06-27T16:47:00.708Z,23.1,-60,6,-225,0.0
2026-06-27T16:47:01.204Z,23.1,-64,6,-230,0.0
2026-06-27T16:47:01.702Z,23.1,-65,6,-232,0.0
2026-06-27T16:47:02.198Z,23.1,-64,6,-233,0.0
2026-06-27T16:47:02.704Z,23.1,-72,7,-230,0.0
2026-06-27T16:47:03.203Z,23.1,-62,6,-230,0.0
2026-06-27T16:47:03.698Z,23.1,-66,6,-233,0.0
2026-06-27T16:47:04.200Z,23.1,-64,6,-230,0.0
2026-06-27T16:47:04.700Z,23.1,-54,9,-234,0.0
2026-06-27T16:47:05.202Z,23.1,-61,6,-232,0.0
2026-06-27T16:47:05.702Z,23.1,-61,6,-232,0.0
2026-06-27T16:47:06.198Z,23.1,-65,6,-235,0.0
2026-06-27T16:47:06.701Z,23.1,-65,6,-234,0.0
2026-06-27T16:47:07.204Z,23.9,-62,6,-230,0.0
2026-06-27T16:47:07.701Z,23.9,-65,6,-234,0.0
2026-06-27T16:47:08.200Z,23.9,-65,6,-234,0.0
2026-06-27T16:47:08.704Z,23.9,-64,6,-230,0.0
2026-06-27T16:47:09.207Z,23.9,-65,7,-227,0.0
2026-06-27T16:47:09.702Z,23.1,-65,6,-232,0.0
2026-06-27T16:47:10.202Z,23.1,-68,6,-233,0.0
2026-06-27T16:47:10.701Z,23.1,-68,6,-232,0.0
2026-06-27T16:47:11.200Z,23.1,-66,6,-234,0.0
2026-06-27T16:47:11.480Z,23.1,-63,6,-53,0.0
2026-06-27T16:47:11.482Z,23.1,-63,3,-149,0.0
2026-06-27T16:47:11.682Z,23.1,-63,3,-51,0.0
2026-06-27T16:47:11.686Z,23.1,-62,3,-146,0.0
2026-06-27T16:47:11.701Z,23.0,-62,3,-230,0.0
2026-06-27T16:47:11.890Z,23.1,-60,5,-144,0.0
2026-06-27T16:47:11.941Z,23.1,-65,3,-192,0.0
2026-06-27T16:47:12.094Z,23.1,-69,3,-139,0.0
2026-06-27T16:47:12.293Z,23.1,-65,3,-37,0.0
2026-06-27T16:47:12.295Z,23.1,-64,2,-136,0.0
2026-06-27T16:47:12.503Z,23.1,-64,3,-30,0.0
2026-06-27T16:47:12.506Z,23.1,-65,5,-125,0.0
2026-06-27T16:47:12.508Z,23.9,-65,3,-223,0.0
2026-06-27T16:47:12.709Z,23.9,-65,4,-125,0.0
2026-06-27T16:47:12.711Z,23.1,-63,3,-219,0.0
2026-06-27T16:47:12.913Z,23.9,-63,2,-122,0.0
2026-06-27T16:47:12.915Z,23.1,-63,3,-215,0.0
2026-06-27T16:47:12.994Z,23.1,-63,2,-237,0.0
2026-06-27T16:47:13.118Z,23.1,-61,5,-217,0.0
2026-06-27T16:47:13.195Z,23.1,-61,3,-237,0.0
2026-06-27T16:47:13.525Z,23.9,-61,5,-8,0.0
2026-06-27T16:47:13.533Z,23.9,-62,2,-101,0.0
2026-06-27T16:47:13.537Z,23.1,-62,2,-195,0.0
2026-06-27T16:47:13.595Z,23.9,-62,2,-237,0.0
2026-06-27T16:47:13.734Z,23.9,-62,5,-201,0.0
2026-06-27T16:47:13.939Z,23.9,-62,3,-95,0.0
2026-06-27T16:47:13.942Z,23.9,-63,3,-188,0.0
2026-06-27T16:47:14.143Z,23.1,-63,2,-91,0.0
2026-06-27T16:47:14.150Z,23.1,-63,3,-184,0.0
2026-06-27T16:47:14.361Z,23.1,-63,3,-69,0.0
2026-06-27T16:47:14.363Z,23.9,-64,3,-168,0.0
2026-06-27T16:47:14.561Z,23.1,-64,3,-72,0.0
2026-06-27T16:47:14.563Z,23.9,-63,4,-168,0.0
2026-06-27T16:47:14.756Z,23.1,-63,3,-78,0.0
2026-06-27T16:47:14.764Z,23.1,-63,3,-171,0.0
2026-06-27T16:47:14.811Z,23.1,-63,3,-222,0.0
2026-06-27T16:47:14.961Z,23.1,-64,3,-174,0.0
2026-06-27T16:47:15.011Z,23.1,-63,3,-223,0.0
2026-06-27T16:47:15.159Z,23.1,-63,3,-172,0.0
2026-06-27T16:47:15.368Z,23.1,-62,3,-65,0.0
2026-06-27T16:47:15.371Z,23.1,-62,3,-160,0.0
2026-06-27T16:47:15.570Z,23.1,-62,3,-60,0.0
2026-06-27T16:47:15.573Z,23.1,-61,3,-159,0.0
2026-06-27T16:47:15.780Z,23.1,-61,3,-53,0.0
2026-06-27T16:47:15.783Z,23.1,-62,3,-148,0.0
2026-06-27T16:47:15.986Z,23.1,-62,3,-48,0.0
2026-06-27T16:47:15.993Z,23.1,-63,3,-140,0.0
2026-06-27T16:47:16.190Z,23.1,-63,3,-43,0.0
2026-06-27T16:47:16.200Z,23.1,-63,3,-134,0.0
2026-06-27T16:47:16.396Z,23.1,-63,3,-38,0.0
2026-06-27T16:47:16.399Z,23.1,-63,3,-132,0.0
2026-06-27T16:47:16.598Z,23.9,-63,3,-36,0.0
2026-06-27T16:47:16.606Z,23.9,-62,3,-128,0.0
2026-06-27T16:47:16.611Z,23.9,-62,3,-222,0.0
2026-06-27T16:47:16.803Z,23.9,-62,7,-129,0.0
2026-06-27T16:47:16.805Z,23.9,-62,3,-225,0.0
2026-06-27T16:47:16.908Z,23.9,-62,7,-226,0.0
2026-06-27T16:47:17.009Z,23.9,-64,6,-225,0.0
2026-06-27T16:47:17.101Z,23.9,-68,3,-234,0.0
2026-06-27T16:47:17.212Z,23.9,-65,6,-222,0.0
2026-06-27T16:47:17.415Z,23.9,-66,3,-116,0.0
2026-06-27T16:47:17.417Z,23.9,-68,3,-213,0.0
2026-06-27T16:47:17.624Z,23.9,-68,2,-110,0.0
2026-06-27T16:47:17.627Z,23.9,-67,3,-203,0.0
2026-06-27T16:47:17.828Z,23.9,-67,2,-106,0.0
2026-06-27T16:47:17.837Z,23.9,-70,3,-195,0.0
2026-06-27T16:47:18.040Z,23.9,-70,2,-94,0.0
2026-06-27T16:47:18.047Z,23.9,-65,3,-186,0.0
2026-06-27T16:47:18.234Z,23.9,-65,2,-98,0.0
2026-06-27T16:47:18.237Z,23.9,-65,3,-194,0.0
2026-06-27T16:47:18.440Z,23.9,-65,2,-94,0.0
2026-06-27T16:47:18.444Z,23.9,-63,2,-187,0.0
2026-06-27T16:47:18.648Z,23.9,-63,2,-86,0.0
2026-06-27T16:47:18.651Z,23.9,-62,2,-181,0.0
2026-06-27T16:47:18.859Z,23.9,-62,3,-75,0.0
2026-06-27T16:47:18.861Z,23.9,-62,2,-170,0.0
2026-06-27T16:47:19.054Z,23.9,-62,3,-76,0.0
2026-06-27T16:47:19.056Z,23.9,-63,3,-175,0.0
2026-06-27T16:47:19.104Z,23.1,-63,3,-226,0.0
2026-06-27T16:47:19.256Z,23.9,-63,3,-175,0.0
2026-06-27T16:47:19.307Z,23.9,-64,3,-223,0.0
2026-06-27T16:47:19.459Z,23.1,-65,2,-172,0.0
2026-06-27T16:47:19.512Z,23.1,-64,3,-219,0.0
2026-06-27T16:47:19.682Z,23.1,-64,3,-149,0.0
2026-06-27T16:47:19.881Z,23.1,-65,3,-53,0.0
2026-06-27T16:47:19.890Z,23.1,-63,3,-144,0.0
2026-06-27T16:47:20.083Z,23.1,-63,3,-51,0.0
2026-06-27T16:47:20.090Z,23.1,-63,3,-145,0.0
2026-06-27T16:47:20.281Z,23.1,-63,3,-50,0.0
2026-06-27T16:47:20.284Z,23.1,-64,3,-148,0.0
2026-06-27T16:47:20.490Z,23.1,-64,3,-43,0.0
2026-06-27T16:47:20.493Z,23.1,-65,3,-138,0.0
2026-06-27T16:47:20.543Z,23.1,-65,3,-187,0.0
2026-06-27T16:47:20.693Z,23.1,-60,2,-137,0.0
2026-06-27T16:47:20.900Z,23.1,-61,4,-31,0.0
2026-06-27T16:47:20.903Z,23.1,-62,4,-128,0.0
2026-06-27T16:47:20.904Z,23.1,-62,3,-226,0.0
2026-06-27T16:47:21.107Z,23.1,-64,2,-127,0.0
2026-06-27T16:47:21.114Z,23.1,-64,3,-219,0.0
2026-06-27T16:47:21.207Z,23.1,-64,6,-228,0.0
2026-06-27T16:47:21.294Z,23.1,-68,3,-237,0.0
2026-06-27T16:47:21.513Z,23.1,-67,6,-121,0.0
2026-06-27T16:47:21.521Z,23.1,-66,3,-212,0.0
2026-06-27T16:47:21.715Z,23.1,-65,3,-116,0.0
2026-06-27T16:47:21.717Z,23.1,-65,3,-213,0.0
2026-06-27T16:47:21.934Z,23.1,-65,2,-101,0.0
2026-06-27T16:47:21.936Z,23.1,-66,3,-194,0.0
2026-06-27T16:47:22.128Z,23.1,-66,2,-106,0.0
2026-06-27T16:47:22.135Z,23.1,-65,3,-198,0.0
2026-06-27T16:47:22.332Z,23.1,-65,2,-102,0.0
2026-06-27T16:47:22.335Z,23.1,-68,3,-195,0.0
2026-06-27T16:47:22.539Z,23.1,-68,2,-95,0.0
2026-06-27T16:47:22.548Z,23.1,-70,3,-185,0.0
2026-06-27T16:47:22.742Z,23.1,-70,2,-92,0.0
2026-06-27T16:47:22.744Z,23.1,-66,3,-187,0.0
2026-06-27T16:47:22.948Z,23.1,-66,3,-86,0.0
2026-06-27T16:47:22.951Z,23.1,-65,3,-181,0.0
2026-06-27T16:47:23.001Z,23.1,-65,3,-229,0.0
2026-06-27T16:47:24.179Z,23.1,-63,3,845,0.0
2026-06-27T16:47:24.378Z,23.1,-63,3,947,0.0
2026-06-27T16:47:24.381Z,23.1,-64,3,849,0.0
2026-06-27T16:47:24.384Z,23.1,-64,3,754,0.0
2026-06-27T16:47:24.385Z,23.1,-66,2,655,0.0
2026-06-27T16:47:24.387Z,23.1,-66,2,556,0.0
2026-06-27T16:47:24.388Z,23.1,-64,2,458,0.0
2026-06-27T16:47:24.389Z,23.1,-64,2,359,0.0
2026-06-27T16:47:24.391Z,23.1,-65,2,261,0.0
2026-06-27T16:47:24.392Z,23.1,-65,2,162,0.0
2026-06-27T16:47:24.393Z,23.1,-65,2,63,0.0
2026-06-27T16:47:24.395Z,23.9,-65,2,-36,0.0
2026-06-27T16:47:24.396Z,23.1,-61,3,-134,0.0
2026-06-27T16:47:24.428Z,23.1,-61,2,-202,0.0
2026-06-27T16:47:24.586Z,23.1,-63,3,-148,0.0
2026-06-27T16:47:24.798Z,23.1,-63,3,-35,0.0
2026-06-27T16:47:24.801Z,23.1,-63,3,-130,0.0
2026-06-27T16:47:24.852Z,23.1,-63,3,-179,0.0
2026-06-27T16:47:24.992Z,23.9,-65,6,-138,0.0
2026-06-27T16:47:25.052Z,23.1,-67,3,-179,0.0
2026-06-27T16:47:25.207Z,23.1,-70,4,-127,0.0
2026-06-27T16:47:25.215Z,23.1,-67,3,-219,0.0
2026-06-27T16:47:25.410Z,23.1,-71,3,-121,0.0
2026-06-27T16:47:25.412Z,23.1,-71,3,-218,0.0
2026-06-27T16:47:25.507Z,23.1,-71,3,-224,0.0
2026-06-27T16:47:25.600Z,23.1,-76,3,-230,0.0
2026-06-27T16:47:25.817Z,23.1,-79,6,-117,0.0
2026-06-27T16:47:25.822Z,23.1,-74,3,-211,0.0
2026-06-27T16:47:26.015Z,23.1,-74,2,-116,0.0
2026-06-27T16:47:26.017Z,23.1,-71,3,-213,0.0
2026-06-27T16:47:26.219Z,23.1,-71,2,-112,0.0
2026-06-27T16:47:26.221Z,23.1,-69,3,-209,0.0
2026-06-27T16:47:26.292Z,23.1,-69,2,-238,0.0
2026-06-27T16:47:26.424Z,23.1,-64,5,-207,0.0
2026-06-27T16:47:26.492Z,23.1,-68,3,-238,0.0
2026-06-27T16:47:26.631Z,23.9,-68,5,-201,0.0
2026-06-27T16:47:26.836Z,22.8,-69,3,-95,0.0
2026-06-27T16:47:26.839Z,24.8,-68,3,-192,0.0
2026-06-27T16:47:26.895Z,22.8,-68,2,-236,0.0
2026-06-27T16:47:27.041Z,23.9,-68,5,-190,0.0
2026-06-27T16:47:27.243Z,23.1,-67,3,-87,0.0
2026-06-27T16:47:27.246Z,23.1,-68,4,-186,0.0
2026-06-27T16:47:27.449Z,23.1,-68,3,-82,0.0
2026-06-27T16:47:27.451Z,27.1,-68,3,-181,0.0
2026-06-27T16:47:27.655Z,23.6,-68,2,-76,0.0
2026-06-27T16:47:27.659Z,25.4,-70,3,-173,0.0
2026-06-27T16:47:27.705Z,24.5,-70,3,-225,0.0
2026-06-27T16:47:27.862Z,25.7,-70,2,-172,0.0
2026-06-27T16:47:28.064Z,27.4,-70,2,-66,0.0
2026-06-27T16:47:28.067Z,29.6,-68,2,-165,0.0
2026-06-27T16:47:28.276Z,31.7,-68,2,-58,0.0
2026-06-27T16:47:28.278Z,32.9,-68,3,-153,0.0
2026-06-27T16:47:28.497Z,36.0,-68,2,-36,0.0
2026-06-27T16:47:28.500Z,35.8,-71,3,-131,0.0
2026-06-27T16:47:28.684Z,36.4,-71,2,-51,0.0
2026-06-27T16:47:28.686Z,37.6,-74,3,-146,0.0
2026-06-27T16:47:28.886Z,38.3,-74,3,-48,0.0
2026-06-27T16:47:28.888Z,48.6,-73,3,-144,0.0
2026-06-27T16:47:29.086Z,36.7,-73,2,-45,0.0
2026-06-27T16:47:29.088Z,37.6,-75,3,-143,0.0
2026-06-27T16:47:29.146Z,48.1,-75,3,-188,0.0
2026-06-27T16:47:29.295Z,48.3,-71,2,-139,0.0
2026-06-27T16:47:29.504Z,49.3,-71,3,-32,0.0
2026-06-27T16:47:29.506Z,48.9,-70,3,-126,0.0
2026-06-27T16:47:29.507Z,39.2,-70,2,-225,0.0
2026-06-27T16:47:29.703Z,39.9,-71,6,-129,0.0
2026-06-27T16:47:29.704Z,48.8,-71,3,-227,0.0
2026-06-27T16:47:29.803Z,38.0,-71,2,-229,0.0
2026-06-27T16:47:29.897Z,38.5,-71,3,-236,0.0
2026-06-27T16:47:30.117Z,39.4,-71,6,-119,0.0
2026-06-27T16:47:30.119Z,50.0,-72,3,-213,0.0
2026-06-27T16:47:30.320Z,42.4,-72,2,-114,0.0
2026-06-27T16:47:30.323Z,47.8,-71,2,-208,0.0
2026-06-27T16:47:30.396Z,49.1,-71,2,-235,0.0
2026-06-27T16:47:30.524Z,49.3,-72,5,-211,0.0
2026-06-27T16:47:30.596Z,43.6,-71,3,-238,0.0
2026-06-27T16:47:30.729Z,39.9,-70,4,-206,0.0
2026-06-27T16:47:30.932Z,51.1,-70,3,-101,0.0
2026-06-27T16:47:30.934Z,45.6,-70,3,-197,0.0
2026-06-27T16:47:31.141Z,45.6,-70,2,-93,0.0
2026-06-27T16:47:31.144Z,45.4,-71,2,-188,0.0
2026-06-27T16:47:31.344Z,45.8,-71,2,-87,0.0
2026-06-27T16:47:31.346Z,47.0,-70,2,-186,0.0
2026-06-27T16:47:31.548Z,47.0,-70,2,-83,0.0
2026-06-27T16:47:31.550Z,44.8,-71,2,-182,0.0
2026-06-27T16:47:31.599Z,46.8,-71,2,-232,0.0
2026-06-27T16:47:31.754Z,46.6,-72,2,-178,0.0
2026-06-27T16:47:31.960Z,45.8,-72,2,-72,0.0
2026-06-27T16:47:31.963Z,44.2,-72,2,-170,0.0
2026-06-27T16:47:32.159Z,46.8,-72,2,-72,0.0
2026-06-27T16:47:32.161Z,47.2,-72,2,-171,0.0
2026-06-27T16:47:32.372Z,46.2,-72,2,-62,0.0
2026-06-27T16:47:32.382Z,44.8,-72,2,-154,0.0
2026-06-27T16:47:32.585Z,44.2,-72,2,-46,0.0
2026-06-27T16:47:32.588Z,44.6,-71,2,-145,0.0
2026-06-27T16:47:32.778Z,45.0,-71,2,-54,0.0
2026-06-27T16:47:32.780Z,43.6,-70,2,-152,0.0
2026-06-27T16:47:32.983Z,44.0,-70,2,-49,0.0
2026-06-27T16:47:32.985Z,44.0,-69,2,-148,0.0
2026-06-27T16:47:33.209Z,44.8,-69,2,-26,0.0
2026-06-27T16:47:33.211Z,43.4,-69,2,-121,0.0
2026-06-27T16:47:33.391Z,43.4,-69,2,-42,0.0
2026-06-27T16:47:33.394Z,43.4,-68,2,-138,0.0
2026-06-27T16:47:33.599Z,43.6,-68,2,-36,0.0
2026-06-27T16:47:33.605Z,44.6,-68,2,-129,0.0
2026-06-27T16:47:33.801Z,44.2,-68,2,-33,0.0
2026-06-27T16:47:33.804Z,45.6,-69,6,-128,0.0
2026-06-27T16:47:33.805Z,46.0,-69,2,-228,0.0
2026-06-27T16:47:34.003Z,44.6,-69,3,-129,0.0
2026-06-27T16:47:34.004Z,45.0,-69,2,-227,0.0
2026-06-27T16:47:34.207Z,46.2,-69,2,-126,0.0
2026-06-27T16:47:34.210Z,45.2,-70,2,-222,0.0
2026-06-27T16:47:34.413Z,43.8,-70,2,-119,0.0
2026-06-27T16:47:34.416Z,44.2,-70,2,-216,0.0
2026-06-27T16:47:34.620Z,43.6,-70,2,-116,0.0
2026-06-27T16:47:34.623Z,42.6,-70,2,-208,0.0
2026-06-27T16:47:34.693Z,42.4,-70,2,-238,0.0
2026-06-27T16:47:34.826Z,42.8,-71,4,-208,0.0
2026-06-27T16:47:35.032Z,43.2,-70,2,-104,0.0
2026-06-27T16:47:35.041Z,43.0,-70,2,-193,0.0
2026-06-27T16:47:35.237Z,43.4,-70,2,-98,0.0
2026-06-27T16:47:35.239Z,44.4,-70,2,-192,0.0
2026-06-27T16:47:35.442Z,43.6,-70,2,-92,0.0
2026-06-27T16:47:35.450Z,42.4,-70,2,-185,0.0
2026-06-27T16:47:35.640Z,38.7,-70,3,-91,0.0
2026-06-27T16:47:35.642Z,46.8,-69,3,-190,0.0
2026-06-27T16:47:35.848Z,46.2,-69,2,-86,0.0
2026-06-27T16:47:35.856Z,36.4,-70,3,-179,0.0
2026-06-27T16:47:36.054Z,37.1,-70,2,-80,0.0
2026-06-27T16:47:36.057Z,35.8,-72,3,-174,0.0
2026-06-27T16:47:36.263Z,35.8,-72,2,-73,0.0
2026-06-27T16:47:36.271Z,36.7,-75,3,-164,0.0
2026-06-27T16:47:36.313Z,36.0,-75,2,-220,0.0
2026-06-27T16:47:36.462Z,37.4,-78,3,-170,0.0
2026-06-27T16:47:36.670Z,37.6,-78,3,-64,0.0
2026-06-27T16:47:36.673Z,43.8,-76,3,-159,0.0
2026-06-27T16:47:36.869Z,34.2,-76,2,-61,0.0
2026-06-27T16:47:36.871Z,35.3,-78,3,-160,0.0
2026-06-27T16:47:37.078Z,34.5,-78,2,-56,0.0
2026-06-27T16:47:37.080Z,33.5,-77,3,-151,0.0
2026-06-27T16:47:37.284Z,32.9,-77,2,-50,0.0
2026-06-27T16:47:37.286Z,34.0,-75,3,-145,0.0
2026-06-27T16:47:37.337Z,33.2,-75,2,-193,0.0
2026-06-27T16:47:37.485Z,31.1,-77,3,-145,0.0
2026-06-27T16:47:37.534Z,31.7,-75,3,-196,0.0
2026-06-27T16:47:37.695Z,32.9,-76,2,-140,0.0
2026-06-27T16:47:37.899Z,33.2,-77,3,-35,0.0
2026-06-27T16:47:37.901Z,34.5,-75,3,-130,0.0
2026-06-27T16:47:37.904Z,33.0,-75,2,-227,0.0
2026-06-27T16:47:38.106Z,31.1,-77,6,-127,0.0
2026-06-27T16:47:38.107Z,29.9,-77,2,-223,0.0
2026-06-27T16:47:38.200Z,27.1,-77,5,-231,0.0
2026-06-27T16:47:38.303Z,26.5,-73,2,-230,0.0
2026-06-27T16:47:38.515Z,36.0,-72,5,-118,0.0
2026-06-27T16:47:38.516Z,34.7,-73,3,-215,0.0
2026-06-27T16:47:38.748Z,36.0,-73,3,-85,0.0
2026-06-27T16:47:38.754Z,35.5,-74,3,-180,0.0
2026-06-27T16:47:38.920Z,35.8,-74,2,-110,0.0
2026-06-27T16:47:38.922Z,35.3,-74,3,-209,0.0
2026-06-27T16:47:39.129Z,36.0,-74,2,-106,0.0
2026-06-27T16:47:39.132Z,29.1,-76,3,-198,0.0
2026-06-27T16:47:39.328Z,30.6,-76,2,-104,0.0
2026-06-27T16:47:39.331Z,41.0,-78,2,-201,0.0
2026-06-27T16:47:39.538Z,42.2,-78,2,-97,0.0
2026-06-27T16:47:39.541Z,42.6,-76,2,-191,0.0
2026-06-27T16:47:39.740Z,42.8,-76,2,-94,0.0
2026-06-27T16:47:39.747Z,35.5,-73,2,-187,0.0
2026-06-27T16:47:39.941Z,33.7,-73,2,-89,0.0
2026-06-27T16:47:39.943Z,31.9,-70,3,-188,0.0
2026-06-27T16:47:39.993Z,32.4,-70,2,-238,0.0
2026-06-27T16:47:40.149Z,31.9,-68,6,-182,0.0
2026-06-27T16:47:40.354Z,27.4,-67,2,-79,0.0
2026-06-27T16:47:40.357Z,31.1,-68,2,-174,0.0
2026-06-27T16:47:40.562Z,26.2,-68,2,-70,0.0
2026-06-27T16:47:40.564Z,26.2,-66,2,-167,0.0
2026-06-27T16:47:40.769Z,28.0,-66,2,-64,0.0
2026-06-27T16:47:40.772Z,29.3,-64,2,-160,0.0
2026-06-27T16:47:40.968Z,28.8,-64,2,-63,0.0
2026-06-27T16:47:40.971Z,31.1,-70,2,-161,0.0
2026-06-27T16:47:41.172Z,30.9,-70,2,-59,0.0
2026-06-27T16:47:41.174Z,29.6,-67,2,-158,0.0
2026-06-27T16:47:41.226Z,31.4,-67,2,-205,0.0
2026-06-27T16:47:41.380Z,31.4,-64,2,-103,0.0
2026-06-27T16:47:41.383Z,41.0,-64,2,-149,0.0
2026-06-27T16:47:41.384Z,32.7,-65,3,-197,0.0
2026-06-27T16:47:41.583Z,32.7,-65,2,-50,0.0
2026-06-27T16:47:41.586Z,31.4,-65,3,-96,0.0
2026-06-27T16:47:41.587Z,40.6,-65,2,-144,0.0
2026-06-27T16:47:41.589Z,25.9,-65,2,-192,0.0
2026-06-27T16:47:41.784Z,27.1,-65,2,-46,0.0
2026-06-27T16:47:41.786Z,24.5,-64,2,-95,0.0
2026-06-27T16:47:41.787Z,28.2,-64,3,-143,0.0
2026-06-27T16:47:41.789Z,23.9,-64,2,-191,0.0
2026-06-27T16:47:41.992Z,23.9,-64,2,-39,0.0
2026-06-27T16:47:41.994Z,25.9,-61,3,-86,0.0
2026-06-27T16:47:41.996Z,23.4,-61,2,-135,0.0
2026-06-27T16:47:41.997Z,23.4,-61,3,-183,0.0
2026-06-27T16:47:42.000Z,25.4,-61,2,-231,0.0
2026-06-27T16:47:42.199Z,22.8,-59,4,-84,0.0
2026-06-27T16:47:42.201Z,22.2,-59,3,-130,0.0
2026-06-27T16:47:42.204Z,22.2,-59,3,-177,0.0
2026-06-27T16:47:42.205Z,22.2,-59,2,-226,0.0
2026-06-27T16:47:42.402Z,22.2,-58,7,-78,0.0
2026-06-27T16:47:42.403Z,23.1,-58,3,-128,0.0
2026-06-27T16:47:42.405Z,23.1,-58,3,-175,0.0
2026-06-27T16:47:42.406Z,22.2,-58,2,-224,0.0
2026-06-27T16:47:42.502Z,22.2,-58,3,-178,0.0
2026-06-27T16:47:42.505Z,22.2,-57,3,-227,0.0
2026-06-27T16:47:42.603Z,22.2,-57,3,-178,0.0
2026-06-27T16:47:42.605Z,25.9,-57,3,-227,0.0
2026-06-27T16:47:42.662Z,22.5,-57,3,-219,0.0
2026-06-27T16:47:42.815Z,24.5,-57,3,-118,0.0
2026-06-27T16:47:42.818Z,23.6,-57,2,-163,0.0
2026-06-27T16:47:42.820Z,21.9,-58,3,-211,0.0
2026-06-27T16:47:42.864Z,24.8,-58,2,-216,0.0
2026-06-27T16:47:43.019Z,23.9,-58,2,-114,0.0
2026-06-27T16:47:43.021Z,23.9,-58,2,-160,0.0
2026-06-27T16:47:43.022Z,23.1,-58,3,-208,0.0
2026-06-27T16:47:43.067Z,22.2,-58,2,-213,0.0
2026-06-27T16:47:43.224Z,22.2,-58,3,-109,0.0
2026-06-27T16:47:43.228Z,22.2,-58,3,-154,0.0
2026-06-27T16:47:43.229Z,23.1,-58,3,-201,0.0
2026-06-27T16:47:43.434Z,22.2,-58,2,-49,0.0
2026-06-27T16:47:43.437Z,22.2,-58,3,-94,0.0
2026-06-27T16:47:43.439Z,22.2,-58,3,-141,0.0
2026-06-27T16:47:43.440Z,22.2,-58,2,-190,0.0
2026-06-27T16:47:43.632Z,22.2,-58,2,-51,0.0
2026-06-27T16:47:43.635Z,22.2,-58,3,-97,0.0
2026-06-27T16:47:43.636Z,22.2,-58,3,-144,0.0
2026-06-27T16:47:43.637Z,22.2,-58,2,-193,0.0
2026-06-27T16:47:43.839Z,22.2,-58,2,-45,0.0
2026-06-27T16:47:43.848Z,22.2,-60,3,-85,0.0
2026-06-27T16:47:43.851Z,22.2,-60,3,-131,0.0
2026-06-27T16:47:43.853Z,22.2,-60,2,-178,0.0
2026-06-27T16:47:43.893Z,22.2,-60,2,-188,0.0
2026-06-27T16:47:45.187Z,22.2,-60,3,1056,0.0
2026-06-27T16:47:45.191Z,22.2,-60,6,1010,0.0
2026-06-27T16:47:45.193Z,22.2,-60,3,961,0.0
2026-06-27T16:47:45.195Z,22.2,-60,3,914,0.0
2026-06-27T16:47:45.197Z,22.2,-60,3,866,0.0
2026-06-27T16:47:45.199Z,22.2,-60,3,818,0.0
2026-06-27T16:47:45.200Z,22.2,-60,2,770,0.0
2026-06-27T16:47:45.201Z,22.2,-60,2,722,0.0
2026-06-27T16:47:45.203Z,22.2,-60,2,673,0.0
2026-06-27T16:47:45.204Z,22.2,-60,2,624,0.0
2026-06-27T16:47:45.205Z,22.2,-60,2,575,0.0
2026-06-27T16:47:45.206Z,22.2,-60,2,526,0.0
2026-06-27T16:47:45.207Z,22.2,-60,4,477,0.0
2026-06-27T16:47:45.209Z,22.2,-60,2,429,0.0
2026-06-27T16:47:45.210Z,22.2,-60,2,380,0.0
2026-06-27T16:47:45.211Z,22.2,-60,2,331,0.0
2026-06-27T16:47:45.214Z,23.1,-60,6,284,0.0
2026-06-27T16:47:45.215Z,22.8,-61,3,234,0.0
2026-06-27T16:47:45.216Z,21.9,-61,3,186,0.0
2026-06-27T16:47:45.218Z,21.9,-61,2,138,0.0
2026-06-27T16:47:45.219Z,21.9,-61,2,89,0.0
2026-06-27T16:47:45.220Z,21.9,-60,2,40,0.0
2026-06-27T16:47:45.221Z,21.9,-60,2,-9,0.0
2026-06-27T16:47:45.222Z,22.8,-60,2,-58,0.0
2026-06-27T16:47:45.223Z,21.6,-60,2,-107,0.0
2026-06-27T16:47:45.224Z,21.6,-60,2,-156,0.0
2026-06-27T16:47:45.278Z,22.5,-60,62,-170,0.0
2026-06-27T16:47:45.279Z,22.5,-60,2,-218,0.0
2026-06-27T16:47:45.471Z,23.1,-60,3,-77,0.0
2026-06-27T16:47:45.473Z,23.1,-60,3,-125,0.0
2026-06-27T16:47:45.475Z,23.1,-60,3,-172,0.0
2026-06-27T16:47:45.476Z,22.5,-60,2,-221,0.0
2026-06-27T16:47:45.679Z,21.6,-60,2,-71,0.0
2026-06-27T16:47:45.684Z,21.6,-62,3,-116,0.0
2026-06-27T16:47:45.685Z,21.6,-62,3,-162,0.0
2026-06-27T16:47:45.686Z,21.9,-62,2,-211,0.0
2026-06-27T16:47:45.734Z,20.9,-62,2,-214,0.0
2026-06-27T16:47:45.886Z,21.3,-64,3,-115,0.0
2026-06-27T16:47:45.888Z,21.3,-64,3,-160,0.0
2026-06-27T16:47:45.890Z,15.9,-64,3,-208,0.0
2026-06-27T16:47:46.091Z,16.2,-64,2,-58,0.0
2026-06-27T16:47:46.100Z,21.6,-64,3,-100,0.0
2026-06-27T16:47:46.101Z,21.6,-64,3,-146,0.0
2026-06-27T16:47:46.102Z,21.6,-64,2,-195,0.0
2026-06-27T16:47:46.290Z,21.6,-64,2,-58,0.0
2026-06-27T16:47:46.294Z,16.5,-64,3,-104,0.0
2026-06-27T16:47:46.295Z,16.5,-64,2,-152,0.0
2026-06-27T16:47:46.297Z,16.5,-64,3,-201,0.0
2026-06-27T16:47:46.498Z,16.5,-64,3,-51,0.0
2026-06-27T16:47:46.502Z,16.5,-64,3,-95,0.0
2026-06-27T16:47:46.503Z,21.6,-64,2,-144,0.0
2026-06-27T16:47:46.504Z,16.8,-64,2,-193,0.0
2026-06-27T16:47:46.707Z,16.8,-64,3,-43,0.0
2026-06-27T16:47:46.717Z,20.6,-65,3,-84,0.0
2026-06-27T16:47:46.720Z,20.6,-65,3,-128,0.0
2026-06-27T16:47:46.723Z,20.6,-65,2,-176,0.0
2026-06-27T16:47:46.907Z,20.6,-65,2,-41,0.0
2026-06-27T16:47:46.911Z,15.8,-65,3,-85,0.0
2026-06-27T16:47:46.912Z,15.9,-65,2,-135,0.0
2026-06-27T16:47:46.913Z,15.9,-65,2,-184,0.0
2026-06-27T16:47:47.116Z,20.9,-65,2,-35,0.0
2026-06-27T16:47:47.119Z,16.2,-65,3,-77,0.0
2026-06-27T16:47:47.120Z,16.2,-65,2,-127,0.0
2026-06-27T16:47:47.121Z,21.3,-65,2,-176,0.0
2026-06-27T16:47:47.122Z,21.3,-65,2,-225,0.0
2026-06-27T16:47:47.163Z,21.3,-65,7,-235,0.0
2026-06-27T16:47:47.316Z,21.3,-65,2,-132,0.0
2026-06-27T16:47:47.319Z,21.3,-65,3,-180,0.0
2026-06-27T16:47:47.320Z,21.3,-65,3,-227,0.0
2026-06-27T16:47:47.416Z,21.3,-65,6,-181,0.0
2026-06-27T16:47:47.418Z,21.3,-65,3,-229,0.0
2026-06-27T16:47:47.519Z,21.3,-65,3,-179,0.0
2026-06-27T16:47:47.521Z,16.2,-65,3,-226,0.0
2026-06-27T16:47:47.724Z,16.2,-65,2,-73,0.0
2026-06-27T16:47:47.726Z,15.9,-66,3,-121,0.0
2026-06-27T16:47:47.728Z,20.6,-66,2,-169,0.0
2026-06-27T16:47:47.729Z,16.8,-66,2,-218,0.0
2026-06-27T16:47:47.933Z,16.8,-66,3,-64,0.0
2026-06-27T16:47:47.935Z,16.8,-65,3,-112,0.0
2026-06-27T16:47:47.936Z,15.9,-65,2,-161,0.0
2026-06-27T16:47:47.938Z,15.9,-65,3,-210,0.0
2026-06-27T16:47:48.141Z,16.2,-65,2,-59,0.0
2026-06-27T16:47:48.144Z,21.0,-64,3,-105,0.0
2026-06-27T16:47:48.145Z,20.6,-64,3,-152,0.0
2026-06-27T16:47:48.146Z,20.3,-64,2,-201,0.0
2026-06-27T16:47:48.192Z,20.0,-64,2,-205,0.0
2026-06-27T16:47:48.342Z,19.3,-62,3,-107,0.0
2026-06-27T16:47:48.349Z,18.7,-62,3,-151,0.0
2026-06-27T16:47:48.353Z,19.3,-63,3,-196,0.0
2026-06-27T16:47:48.544Z,19.0,-63,3,-53,0.0
2026-06-27T16:47:48.547Z,18.4,-60,3,-101,0.0
2026-06-27T16:47:48.548Z,18.1,-60,2,-149,0.0
2026-06-27T16:47:48.549Z,18.7,-60,3,-197,0.0
2026-06-27T16:47:48.596Z,18.4,-60,3,-201,0.0
2026-06-27T16:47:48.747Z,18.1,-62,3,-99,0.0
2026-06-27T16:47:48.750Z,18.7,-62,3,-148,0.0
2026-06-27T16:47:48.752Z,18.4,-62,3,-196,0.0
2026-06-27T16:47:48.954Z,16.8,-62,2,-42,0.0
2026-06-27T16:47:48.957Z,18.4,-63,3,-89,0.0
2026-06-27T16:47:48.959Z,16.8,-63,2,-139,0.0
2026-06-27T16:47:48.962Z,17.4,-63,2,-186,0.0
2026-06-27T16:47:49.162Z,17.1,-63,3,-36,0.0
2026-06-27T16:47:49.164Z,16.5,-66,3,-82,0.0
2026-06-27T16:47:49.165Z,35.3,-66,3,-133,0.0
2026-06-27T16:47:49.167Z,16.5,-66,2,-180,0.0
2026-06-27T16:47:49.168Z,15.9,-66,2,-228,0.0
2026-06-27T16:47:49.374Z,16.5,-70,6,-73,0.0
2026-06-27T16:47:49.375Z,16.2,-70,2,-122,0.0
2026-06-27T16:47:49.377Z,15.9,-70,2,-170,0.0
2026-06-27T16:47:49.378Z,16.5,-70,2,-218,0.0
2026-06-27T16:47:49.586Z,16.2,-70,5,-60,0.0
2026-06-27T16:47:49.588Z,15.9,-74,3,-109,0.0
2026-06-27T16:47:49.590Z,16.5,-74,2,-157,0.0
2026-06-27T16:47:49.592Z,16.2,-74,2,-205,0.0
2026-06-27T16:47:49.640Z,20.3,-74,2,-207,0.0
2026-06-27T16:47:49.776Z,15.9,-73,3,-123,0.0
2026-06-27T16:47:49.783Z,19.0,-73,2,-167,0.0
2026-06-27T16:47:49.788Z,15.9,-66,3,-212,0.0
2026-06-27T16:47:49.827Z,19.7,-66,2,-220,0.0
2026-06-27T16:47:49.975Z,19.0,-66,3,-121,0.0
2026-06-27T16:47:49.977Z,18.4,-66,3,-170,0.0
2026-06-27T16:47:49.978Z,18.7,-66,2,-219,0.0
2026-06-27T16:47:50.032Z,19.3,-66,3,-218,0.0
2026-06-27T16:47:50.203Z,19.7,-67,3,-94,0.0
2026-06-27T16:47:50.205Z,19.0,-67,3,-142,0.0
2026-06-27T16:47:50.207Z,19.3,-71,3,-190,0.0
2026-06-27T16:47:50.390Z,19.7,-71,3,-61,0.0
2026-06-27T16:47:50.393Z,18.7,-70,3,-104,0.0
2026-06-27T16:47:50.394Z,19.0,-70,2,-153,0.0
2026-06-27T16:47:50.395Z,18.4,-70,3,-202,0.0
2026-06-27T16:47:50.443Z,17.8,-70,3,-204,0.0
2026-06-27T16:47:50.590Z,16.8,-75,3,-106,0.0
2026-06-27T16:47:50.593Z,18.4,-75,3,-155,0.0
2026-06-27T16:47:50.594Z,26.2,-65,3,-203,0.0
2026-06-27T16:47:50.804Z,25.9,-65,2,-44,0.0
2026-06-27T16:47:50.808Z,17.8,-65,2,-90,0.0
2026-06-27T16:47:50.810Z,17.1,-65,2,-137,0.0
2026-06-27T16:47:50.811Z,25.7,-65,3,-186,0.0
2026-06-27T16:47:50.861Z,18.1,-65,2,-187,0.0
2026-06-27T16:47:50.863Z,16.2,-67,3,-233,0.0
2026-06-27T16:47:51.010Z,16.5,-67,7,-140,0.0
2026-06-27T16:47:51.015Z,25.1,-72,2,-186,0.0
2026-06-27T16:47:53.694Z,16.2,-72,3,2445,0.0
2026-06-27T16:47:53.698Z,16.5,-72,3,2402,0.0
2026-06-27T16:47:53.700Z,16.8,-72,2,2352,0.0
2026-06-27T16:47:53.701Z,25.4,-72,2,2304,0.0
2026-06-27T16:47:53.702Z,25.7,-72,2,2255,0.0
2026-06-27T16:47:53.704Z,16.5,-68,4,2208,0.0
2026-06-27T16:47:53.705Z,16.8,-68,2,2158,0.0
2026-06-27T16:47:53.706Z,15.9,-68,2,2109,0.0
2026-06-27T16:47:53.708Z,16.2,-68,2,2061,0.0
2026-06-27T16:47:53.709Z,24.2,-75,2,2012,0.0
2026-06-27T16:47:53.710Z,16.8,-75,2,1963,0.0
2026-06-27T16:47:53.711Z,23.6,-75,2,1914,0.0
2026-06-27T16:47:53.712Z,15.9,-75,2,1866,0.0
2026-06-27T16:47:53.714Z,15.9,-75,2,1817,0.0
2026-06-27T16:47:53.715Z,23.9,-78,2,1768,0.0
2026-06-27T16:47:53.716Z,24.8,-78,2,1719,0.0
2026-06-27T16:47:53.719Z,25.9,-81,2,1670,0.0
2026-06-27T16:47:53.721Z,23.4,-81,6,1624,0.0
2026-06-27T16:47:53.723Z,23.4,-81,2,1575,0.0
2026-06-27T16:47:53.724Z,23.6,-81,3,1527,0.0
2026-06-27T16:47:53.725Z,23.6,-81,2,1478,0.0
2026-06-27T16:47:53.726Z,23.1,-81,2,1429,0.0
2026-06-27T16:47:53.727Z,23.4,-78,2,1380,0.0
2026-06-27T16:47:53.728Z,22.8,-78,2,1331,0.0
2026-06-27T16:47:53.729Z,23.1,-78,2,1282,0.0
2026-06-27T16:47:53.730Z,22.5,-78,2,1233,0.0
2026-06-27T16:47:53.876Z,16.2,-74,1448,-74,0.0
2026-06-27T16:47:53.877Z,23.4,-72,2,-123,0.0
2026-06-27T16:47:53.880Z,23.9,-72,4,-172,0.0
2026-06-27T16:47:53.881Z,16.2,-75,3,-218,0.0
2026-06-27T16:47:53.926Z,15.9,-75,2,-223,0.0
2026-06-27T16:47:54.079Z,16.5,-80,3,-126,0.0
2026-06-27T16:47:54.089Z,15.9,-80,3,-165,0.0
2026-06-27T16:47:54.091Z,16.8,-79,2,-209,0.0
2026-06-27T16:47:54.277Z,16.5,-79,3,-73,0.0
2026-06-27T16:47:54.279Z,15.9,-81,3,-121,0.0
2026-06-27T16:47:54.280Z,16.8,-81,2,-170,0.0
2026-06-27T16:47:54.282Z,16.2,-81,3,-218,0.0
2026-06-27T16:47:54.486Z,15.9,-81,3,-67,0.0
2026-06-27T16:47:54.494Z,16.5,-73,3,-107,0.0
2026-06-27T16:47:54.496Z,15.9,-73,2,-155,0.0
2026-06-27T16:47:54.498Z,16.5,-73,2,-203,0.0
2026-06-27T16:47:54.538Z,16.2,-73,3,-215,0.0
2026-06-27T16:47:54.689Z,16.8,-71,3,-113,0.0
2026-06-27T16:47:54.692Z,16.2,-71,3,-158,0.0
2026-06-27T16:47:54.693Z,16.8,-69,2,-207,0.0
2026-06-27T16:47:54.894Z,16.2,-69,3,-56,0.0
2026-06-27T16:47:54.898Z,16.5,-68,3,-103,0.0
2026-06-27T16:47:54.900Z,15.9,-68,2,-151,0.0
2026-06-27T16:47:54.902Z,16.2,-68,2,-199,0.0
2026-06-27T16:47:55.100Z,16.8,-68,3,-53,0.0
2026-06-27T16:47:55.109Z,14.5,-69,3,-96,0.0
2026-06-27T16:47:55.114Z,16.5,-69,2,-140,0.0
2026-06-27T16:47:55.117Z,14.2,-69,2,-184,0.0
2026-06-27T16:47:55.306Z,13.5,-69,2,-47,0.0
2026-06-27T16:47:55.309Z,14.5,-68,2,-91,0.0
2026-06-27T16:47:55.310Z,15.5,-68,2,-140,0.0
2026-06-27T16:47:55.312Z,14.9,-68,3,-188,0.0
2026-06-27T16:47:55.354Z,14.2,-68,2,-195,0.0
2026-06-27T16:47:55.514Z,15.2,-64,2,-86,0.0
2026-06-27T16:47:55.518Z,15.9,-64,3,-133,0.0
2026-06-27T16:47:55.519Z,15.2,-65,3,-181,0.0
2026-06-27T16:47:55.710Z,16.8,-65,2,-39,0.0
2026-06-27T16:47:55.714Z,15.9,-66,3,-86,0.0
2026-06-27T16:47:55.717Z,15.5,-66,3,-134,0.0
2026-06-27T16:47:55.719Z,15.9,-66,2,-182,0.0
2026-06-27T16:47:55.722Z,16.2,-66,2,-229,0.0
2026-06-27T16:47:55.917Z,16.8,-67,7,-83,0.0
2026-06-27T16:47:55.918Z,15.9,-67,2,-132,0.0
2026-06-27T16:47:55.919Z,16.2,-67,2,-181,0.0
2026-06-27T16:47:55.920Z,16.8,-67,3,-229,0.0
2026-06-27T16:47:56.018Z,17.1,-67,5,-182,0.0
2026-06-27T16:47:56.020Z,16.5,-70,3,-230,0.0
2026-06-27T16:47:56.124Z,17.1,-70,2,-176,0.0
2026-06-27T16:47:56.126Z,16.8,-68,3,-225,0.0
2026-06-27T16:47:56.328Z,17.8,-68,3,-71,0.0
2026-06-27T16:47:56.330Z,17.8,-69,3,-120,0.0
2026-06-27T16:47:56.331Z,17.8,-69,2,-169,0.0
2026-06-27T16:47:56.333Z,16.8,-69,3,-217,0.0
2026-06-27T16:47:56.534Z,16.8,-69,2,-65,0.0
2026-06-27T16:47:56.537Z,16.8,-65,3,-114,0.0
2026-06-27T16:47:56.538Z,16.8,-65,2,-162,0.0
2026-06-27T16:47:56.540Z,16.8,-65,3,-210,0.0
2026-06-27T16:47:56.754Z,16.8,-65,2,-46,0.0
2026-06-27T16:47:56.758Z,16.8,-71,3,-94,0.0
2026-06-27T16:47:56.760Z,16.8,-71,2,-141,0.0
2026-06-27T16:47:56.762Z,16.8,-71,3,-188,0.0
2026-06-27T16:47:56.944Z,16.8,-71,3,-56,0.0
2026-06-27T16:47:56.946Z,16.8,-65,3,-104,0.0
2026-06-27T16:47:56.948Z,16.8,-65,2,-152,0.0
2026-06-27T16:47:56.949Z,16.8,-65,3,-201,0.0
2026-06-27T16:47:57.148Z,16.8,-65,3,-51,0.0
2026-06-27T16:47:57.150Z,16.8,-72,3,-100,0.0
2026-06-27T16:47:57.151Z,15.9,-72,2,-149,0.0
2026-06-27T16:47:57.152Z,17.1,-72,2,-198,0.0
2026-06-27T16:47:57.166Z,18.1,-72,3,-233,0.0
2026-06-27T16:47:57.352Z,18.1,-62,5,-98,0.0
2026-06-27T16:47:57.353Z,18.1,-62,2,-147,0.0
2026-06-27T16:47:57.354Z,18.1,-62,2,-196,0.0
2026-06-27T16:47:57.555Z,17.1,-62,3,-44,0.0
2026-06-27T16:47:57.558Z,18.1,-62,3,-91,0.0
2026-06-27T16:47:57.559Z,16.8,-62,2,-141,0.0
2026-06-27T16:47:57.561Z,17.4,-62,2,-190,0.0
2026-06-27T16:47:57.761Z,17.1,-62,3,-41,0.0
2026-06-27T16:47:57.763Z,16.8,-62,3,-86,0.0
2026-06-27T16:47:57.765Z,17.4,-62,3,-135,0.0
2026-06-27T16:47:57.766Z,17.1,-62,2,-184,0.0
2026-06-27T16:47:57.964Z,17.8,-62,3,-37,0.0
2026-06-27T16:47:57.967Z,19.3,-62,6,-83,0.0
2026-06-27T16:47:57.968Z,18.7,-62,2,-132,0.0
2026-06-27T16:47:57.969Z,18.4,-62,2,-181,0.0
2026-06-27T16:47:57.971Z,20.0,-62,3,-230,0.0
2026-06-27T16:47:58.171Z,18.4,-62,3,-79,0.0
2026-06-27T16:47:58.172Z,20.3,-62,2,-128,0.0
2026-06-27T16:47:58.174Z,18.7,-62,3,-177,0.0
2026-06-27T16:47:58.176Z,19.3,-62,3,-223,0.0
2026-06-27T16:47:58.379Z,19.0,-62,2,-70,0.0
2026-06-27T16:47:58.382Z,19.7,-64,3,-118,0.0
2026-06-27T16:47:58.383Z,20.6,-64,2,-167,0.0
2026-06-27T16:47:58.384Z,19.3,-64,2,-216,0.0
2026-06-27T16:47:58.584Z,19.3,-64,3,-66,0.0
2026-06-27T16:47:58.586Z,20.3,-62,3,-114,0.0
2026-06-27T16:47:58.587Z,20.3,-62,3,-163,0.0
2026-06-27T16:47:58.589Z,20.3,-62,2,-211,0.0
2026-06-27T16:47:58.636Z,20.0,-62,2,-214,0.0
2026-06-27T16:47:58.791Z,20.6,-61,3,-109,0.0
2026-06-27T16:47:58.793Z,20.0,-61,3,-157,0.0
2026-06-27T16:47:58.794Z,20.6,-60,3,-206,0.0
2026-06-27T16:47:58.992Z,22.2,-60,2,-61,0.0
2026-06-27T16:47:58.998Z,21.6,-62,3,-106,0.0
2026-06-27T16:47:59.001Z,22.2,-62,3,-149,0.0
2026-06-27T16:47:59.002Z,22.5,-62,2,-198,0.0
2026-06-27T16:47:59.047Z,41.0,-62,2,-204,0.0
2026-06-27T16:47:59.206Z,25.9,-64,3,-97,0.0
2026-06-27T16:47:59.209Z,41.5,-64,2,-143,0.0
2026-06-27T16:47:59.211Z,41.2,-61,3,-191,0.0
2026-06-27T16:47:59.402Z,42.6,-61,2,-50,0.0
2026-06-27T16:47:59.404Z,42.4,-62,2,-98,0.0
2026-06-27T16:47:59.406Z,41.7,-62,3,-146,0.0
2026-06-27T16:47:59.407Z,43.2,-62,2,-194,0.0
2026-06-27T16:47:59.607Z,43.8,-62,2,-47,0.0
2026-06-27T16:47:59.616Z,42.6,-64,2,-88,0.0
2026-06-27T16:47:59.619Z,42.8,-64,3,-133,0.0
2026-06-27T16:47:59.621Z,43.0,-64,2,-180,0.0
2026-06-27T16:47:59.816Z,43.6,-64,2,-35,0.0
2026-06-27T16:47:59.818Z,43.8,-62,2,-83,0.0
2026-06-27T16:47:59.820Z,44.4,-62,2,-133,0.0
2026-06-27T16:47:59.821Z,45.4,-62,2,-180,0.0
2026-06-27T16:47:59.822Z,46.4,-62,2,-229,0.0
2026-06-27T16:48:00.016Z,45.2,-62,2,-86,0.0
2026-06-27T16:48:00.019Z,46.2,-62,2,-134,0.0
2026-06-27T16:48:00.021Z,45.4,-62,2,-181,0.0
2026-06-27T16:48:00.022Z,45.0,-62,2,-229,0.0
2026-06-27T16:48:00.068Z,44.2,-65,6,-233,0.0
2026-06-27T16:48:00.221Z,44.2,-65,2,-132,0.0
2026-06-27T16:48:00.229Z,44.2,-64,2,-175,0.0
2026-06-27T16:48:00.232Z,28.8,-64,2,-220,0.0
2026-06-27T16:48:00.274Z,27.1,-64,5,-229,0.0
2026-06-27T16:48:00.422Z,26.2,-63,2,-128,0.0
2026-06-27T16:48:00.425Z,26.2,-63,2,-177,0.0
2026-06-27T16:48:00.426Z,26.2,-61,2,-224,0.0
2026-06-27T16:48:00.477Z,25.4,-61,2,-226,0.0
2026-06-27T16:48:00.632Z,26.5,-62,2,-118,0.0
2026-06-27T16:48:00.635Z,26.5,-62,2,-167,0.0
2026-06-27T16:48:00.637Z,27.4,-62,2,-214,0.0
2026-06-27T16:48:00.836Z,27.4,-62,2,-68,0.0
2026-06-27T16:48:00.844Z,26.5,-61,2,-111,0.0
2026-06-27T16:48:00.848Z,25.7,-61,2,-155,0.0
2026-06-27T16:48:00.851Z,25.7,-61,2,-201,0.0
2026-06-27T16:48:00.882Z,24.8,-61,2,-218,0.0
2026-06-27T16:48:01.039Z,27.4,-64,2,-113,0.0
2026-06-27T16:48:01.042Z,26.2,-64,2,-159,0.0
2026-06-27T16:48:01.043Z,28.8,-61,2,-207,0.0
2026-06-27T16:48:01.244Z,28.8,-61,2,-59,0.0
2026-06-27T16:48:01.253Z,28.8,-63,2,-102,0.0
2026-06-27T16:48:01.257Z,42.6,-63,2,-146,0.0
2026-06-27T16:48:01.259Z,43.0,-63,2,-193,0.0
2026-06-27T16:48:01.456Z,43.0,-63,2,-49,0.0
2026-06-27T16:48:01.458Z,43.4,-63,2,-94,0.0
2026-06-27T16:48:01.461Z,43.4,-63,2,-140,0.0
2026-06-27T16:48:01.462Z,43.8,-63,2,-189,0.0
2026-06-27T16:48:01.652Z,45.2,-63,2,-51,0.0
2026-06-27T16:48:01.660Z,45.2,-65,2,-94,0.0
2026-06-27T16:48:01.664Z,43.8,-65,2,-140,0.0
2026-06-27T16:48:01.668Z,36.0,-65,2,-185,0.0
2026-06-27T16:48:01.862Z,44.6,-65,3,-42,0.0
2026-06-27T16:48:01.869Z,41.9,-63,2,-84,0.0
2026-06-27T16:48:01.874Z,41.5,-63,2,-129,0.0
2026-06-27T16:48:01.877Z,42.4,-63,3,-176,0.0
2026-06-27T16:48:01.911Z,42.4,-63,2,-190,0.0
2026-06-27T16:48:01.913Z,42.4,-65,3,-238,0.0
2026-06-27T16:48:02.064Z,42.4,-65,5,-138,0.0
2026-06-27T16:48:02.066Z,42.4,-65,2,-186,0.0
2026-06-27T16:48:02.113Z,42.4,-65,3,-188,0.0
2026-06-27T16:48:02.115Z,42.4,-66,4,-236,0.0
2026-06-27T16:48:02.269Z,43.0,-66,2,-134,0.0
2026-06-27T16:48:02.272Z,42.6,-65,2,-180,0.0
2026-06-27T16:48:02.274Z,43.0,-65,2,-228,0.0
2026-06-27T16:48:02.469Z,45.2,-65,2,-82,0.0
2026-06-27T16:48:02.472Z,44.8,-65,2,-130,0.0
2026-06-27T16:48:02.473Z,44.8,-65,2,-178,0.0
2026-06-27T16:48:02.474Z,46.6,-65,2,-227,0.0
2026-06-27T16:48:02.683Z,46.8,-65,2,-71,0.0
2026-06-27T16:48:02.689Z,44.8,-64,2,-115,0.0
2026-06-27T16:48:02.692Z,44.8,-64,2,-161,0.0
2026-06-27T16:48:02.694Z,44.4,-63,3,-208,0.0
2026-06-27T16:48:02.881Z,46.2,-63,2,-71,0.0
2026-06-27T16:48:02.883Z,45.7,-64,2,-119,0.0
2026-06-27T16:48:02.884Z,45.7,-64,2,-167,0.0
2026-06-27T16:48:02.885Z,44.4,-64,2,-216,0.0
2026-06-27T16:48:03.086Z,44.8,-64,2,-66,0.0
2026-06-27T16:48:03.088Z,46.8,-65,2,-114,0.0
2026-06-27T16:48:03.090Z,47.3,-65,2,-162,0.0
2026-06-27T16:48:03.092Z,46.8,-65,2,-209,0.0
2026-06-27T16:48:03.288Z,35.8,-65,2,-63,0.0
2026-06-27T16:48:03.292Z,43.6,-64,3,-112,0.0
2026-06-27T16:48:03.294Z,45.0,-64,2,-157,0.0
2026-06-27T16:48:03.295Z,36.2,-64,2,-206,0.0
2026-06-27T16:48:03.502Z,43.6,-64,3,-49,0.0
2026-06-27T16:48:03.504Z,46.2,-64,2,-98,0.0
2026-06-27T16:48:03.506Z,45.6,-64,2,-146,0.0
2026-06-27T16:48:03.507Z,44.2,-64,2,-194,0.0
2026-06-27T16:48:03.697Z,45.0,-64,2,-54,0.0
2026-06-27T16:48:03.699Z,45.8,-65,2,-102,0.0
2026-06-27T16:48:03.700Z,44.0,-65,2,-152,0.0
2026-06-27T16:48:03.702Z,35.5,-65,2,-199,0.0
2026-06-27T16:48:03.752Z,37.9,-65,3,-200,0.0
2026-06-27T16:48:03.833Z,36.7,-66,3,-168,0.0
2026-06-27T16:48:03.835Z,43.2,-66,3,-216,0.0
2026-06-27T16:48:04.110Z,44.6,-67,2,8,0.0
2026-06-27T16:48:04.114Z,44.6,-67,2,-38,0.0
2026-06-27T16:48:04.116Z,44.6,-68,2,-86,0.0
2026-06-27T16:48:04.118Z,43.8,-68,2,-133,0.0
2026-06-27T16:48:04.119Z,37.3,-68,2,-182,0.0
2026-06-27T16:48:04.161Z,35.8,-68,2,-191,0.0
2026-06-27T16:48:04.163Z,36.2,-67,3,-237,0.0
2026-06-27T16:48:04.314Z,38.0,-67,3,-138,0.0
2026-06-27T16:48:04.316Z,37.4,-68,3,-185,0.0
2026-06-27T16:48:04.317Z,36.7,-68,3,-234,0.0
2026-06-27T16:48:04.523Z,45.8,-71,7,-81,0.0
2026-06-27T16:48:04.528Z,45.4,-71,2,-127,0.0
2026-06-27T16:48:04.534Z,36.9,-71,2,-169,0.0
2026-06-27T16:48:04.537Z,49.3,-71,2,-216,0.0
2026-06-27T16:48:04.619Z,37.1,-71,5,-183,0.0
2026-06-27T16:48:04.621Z,36.0,-77,3,-231,0.0
2026-06-27T16:48:04.675Z,37.3,-77,2,-229,0.0
2026-06-27T16:48:04.930Z,42.6,-79,3,-21,0.0
2026-06-27T16:48:04.932Z,43.4,-79,2,-70,0.0
2026-06-27T16:48:04.934Z,42.4,-78,2,-117,0.0
2026-06-27T16:48:04.935Z,42.4,-78,2,-166,0.0
2026-06-27T16:48:04.936Z,41.5,-78,2,-215,0.0
2026-06-27T16:48:04.981Z,43.2,-78,2,-220,0.0
2026-06-27T16:48:05.133Z,43.6,-74,2,-119,0.0
2026-06-27T16:48:05.136Z,42.6,-74,2,-167,0.0
2026-06-27T16:48:05.138Z,42.6,-72,2,-214,0.0
2026-06-27T16:48:05.347Z,41.2,-72,2,-54,0.0
2026-06-27T16:48:05.350Z,41.2,-72,2,-102,0.0
2026-06-27T16:48:05.351Z,43.8,-72,3,-150,0.0
2026-06-27T16:48:05.352Z,42.4,-72,2,-199,0.0
2026-06-27T16:48:05.548Z,42.4,-72,2,-53,0.0
2026-06-27T16:48:05.550Z,41.9,-68,2,-102,0.0
2026-06-27T16:48:05.552Z,41.9,-68,3,-149,0.0
2026-06-27T16:48:05.554Z,42.8,-68,2,-198,0.0
2026-06-27T16:48:05.745Z,43.2,-68,2,-56,0.0
2026-06-27T16:48:05.748Z,43.6,-71,2,-105,0.0
2026-06-27T16:48:05.750Z,43.6,-71,3,-151,0.0
2026-06-27T16:48:05.751Z,44.0,-71,2,-200,0.0
2026-06-27T16:48:05.799Z,44.4,-71,2,-202,0.0
2026-06-27T16:48:05.952Z,44.0,-71,2,-99,0.0
2026-06-27T16:48:05.954Z,44.0,-71,2,-148,0.0
2026-06-27T16:48:05.956Z,42.6,-71,2,-195,0.0
2026-06-27T16:48:06.007Z,42.6,-71,2,-197,0.0
2026-06-27T16:48:06.156Z,42.2,-72,2,-95,0.0
2026-06-27T16:48:06.158Z,42.6,-72,2,-143,0.0
2026-06-27T16:48:06.160Z,44.0,-72,2,-192,0.0
2026-06-27T16:48:06.367Z,44.0,-72,2,-34,0.0
2026-06-27T16:48:06.369Z,44.0,-68,3,-82,0.0
2026-06-27T16:48:06.370Z,44.0,-68,3,-132,0.0
2026-06-27T16:48:06.371Z,44.0,-68,2,-179,0.0
2026-06-27T16:48:06.374Z,42.6,-68,2,-228,0.0
2026-06-27T16:48:06.577Z,42.6,-72,6,-77,0.0
2026-06-27T16:48:06.581Z,42.6,-72,2,-124,0.0
2026-06-27T16:48:06.585Z,40.6,-72,3,-167,0.0
2026-06-27T16:48:06.588Z,43.6,-72,2,-214,0.0
2026-06-27T16:48:06.771Z,43.2,-72,5,-81,0.0
2026-06-27T16:48:06.772Z,37.8,-75,2,-130,0.0
2026-06-27T16:48:06.773Z,37.6,-75,3,-178,0.0
2026-06-27T16:48:06.776Z,36.9,-75,2,-226,0.0
2026-06-27T16:48:06.979Z,35.8,-75,2,-74,0.0
2026-06-27T16:48:06.986Z,35.5,-69,3,-117,0.0
2026-06-27T16:48:06.990Z,35.3,-69,2,-162,0.0
2026-06-27T16:48:06.993Z,35.0,-69,3,-209,0.0
2026-06-27T16:48:07.196Z,30.4,-69,3,-55,0.0
2026-06-27T16:48:07.199Z,30.1,-70,2,-103,0.0
2026-06-27T16:48:07.201Z,29.9,-70,2,-149,0.0
2026-06-27T16:48:07.202Z,34.2,-70,2,-199,0.0
2026-06-27T16:48:07.404Z,29.1,-70,3,-47,0.0
2026-06-27T16:48:07.408Z,29.9,-72,2,-93,0.0
2026-06-27T16:48:07.409Z,29.3,-72,2,-141,0.0
2026-06-27T16:48:07.410Z,29.6,-72,2,-190,0.0
2026-06-27T16:48:07.593Z,29.1,-72,2,-57,0.0
2026-06-27T16:48:07.595Z,33.2,-74,2,-106,0.0
2026-06-27T16:48:07.597Z,28.8,-74,2,-153,0.0
2026-06-27T16:48:07.598Z,30.4,-74,2,-202,0.0
2026-06-27T16:48:07.794Z,29.1,-74,2,-57,0.0
2026-06-27T16:48:07.797Z,29.9,-69,2,-105,0.0
2026-06-27T16:48:07.801Z,28.8,-69,2,-151,0.0
2026-06-27T16:48:07.802Z,34.0,-69,2,-199,0.0
2026-06-27T16:48:07.999Z,29.9,-69,3,-52,0.0
2026-06-27T16:48:08.003Z,28.8,-63,2,-99,0.0
2026-06-27T16:48:08.004Z,26.5,-63,2,-146,0.0
2026-06-27T16:48:08.005Z,28.8,-63,2,-195,0.0
2026-06-27T16:48:08.213Z,26.5,-63,2,-37,0.0
2026-06-27T16:48:08.216Z,25.1,-62,2,-84,0.0
2026-06-27T16:48:08.218Z,24.8,-62,3,-133,0.0
2026-06-27T16:48:08.219Z,24.2,-62,3,-181,0.0
2026-06-27T16:48:08.220Z,23.9,-62,2,-230,0.0
2026-06-27T16:48:08.410Z,23.4,-63,3,-91,0.0
2026-06-27T16:48:08.414Z,23.1,-63,3,-138,0.0
2026-06-27T16:48:08.415Z,22.8,-63,3,-185,0.0
2026-06-27T16:48:08.461Z,23.1,-63,2,-190,0.0
2026-06-27T16:48:08.462Z,22.5,-61,5,-238,0.0
2026-06-27T16:48:08.618Z,22.8,-61,3,-135,0.0
2026-06-27T16:48:08.626Z,22.8,-60,3,-178,0.0
2026-06-27T16:48:08.629Z,22.8,-60,3,-224,0.0
2026-06-27T16:48:08.818Z,26.5,-60,3,-83,0.0
2026-06-27T16:48:08.819Z,23.1,-60,2,-132,0.0
2026-06-27T16:48:08.821Z,25.9,-60,3,-179,0.0
2026-06-27T16:48:08.822Z,22.8,-60,2,-228,0.0
2026-06-27T16:48:09.037Z,23.9,-60,3,-66,0.0
2026-06-27T16:48:09.040Z,22.5,-60,3,-111,0.0
2026-06-27T16:48:09.042Z,21.9,-60,3,-159,0.0
2026-06-27T16:48:09.043Z,22.5,-60,2,-207,0.0
2026-06-27T16:48:09.241Z,21.6,-60,2,-62,0.0
2026-06-27T16:48:09.249Z,20.6,-59,3,-105,0.0
2026-06-27T16:48:09.254Z,20.6,-59,3,-147,0.0
2026-06-27T16:48:09.257Z,20.6,-59,2,-194,0.0
2026-06-27T16:48:09.437Z,20.6,-59,2,-66,0.0
2026-06-27T16:48:09.440Z,20.6,-59,3,-111,0.0
2026-06-27T16:48:09.441Z,20.6,-59,3,-159,0.0
2026-06-27T16:48:09.442Z,20.7,-59,2,-208,0.0
2026-06-27T16:48:09.494Z,20.6,-59,2,-209,0.0
2026-06-27T16:48:09.639Z,20.6,-65,3,-113,0.0
2026-06-27T16:48:09.646Z,20.6,-65,3,-157,0.0
2026-06-27T16:48:09.649Z,20.6,-65,3,-203,0.0
2026-06-27T16:48:09.692Z,20.6,-65,2,-209,0.0
2026-06-27T16:48:09.843Z,20.6,-62,3,-108,0.0
2026-06-27T16:48:09.845Z,20.6,-62,3,-156,0.0
2026-06-27T16:48:09.846Z,20.6,-58,3,-204,0.0
2026-06-27T16:48:09.894Z,20.6,-58,2,-206,0.0
2026-06-27T16:48:10.053Z,20.6,-60,3,-101,0.0
2026-06-27T16:48:10.060Z,20.6,-60,3,-143,0.0
2026-06-27T16:48:10.062Z,20.6,-60,3,-189,0.0
2026-06-27T16:48:10.262Z,20.6,-60,2,-40,0.0
2026-06-27T16:48:10.264Z,20.6,-64,3,-85,0.0
2026-06-27T16:48:10.267Z,20.6,-64,2,-133,0.0
2026-06-27T16:48:10.268Z,20.6,-64,2,-182,0.0
2026-06-27T16:48:10.465Z,20.6,-64,2,-40,0.0
2026-06-27T16:48:10.473Z,20.6,-67,6,-81,0.0
2026-06-27T16:48:10.479Z,20.6,-67,2,-123,0.0
2026-06-27T16:48:10.482Z,20.6,-67,3,-170,0.0
2026-06-27T16:48:10.662Z,20.8,-67,2,-38,0.0
2026-06-27T16:48:10.665Z,20.6,-73,3,-86,0.0
2026-06-27T16:48:10.666Z,20.6,-73,2,-135,0.0
2026-06-27T16:48:10.667Z,20.6,-73,3,-183,0.0
2026-06-27T16:48:10.668Z,20.6,-73,2,-232,0.0
2026-06-27T16:48:10.879Z,20.6,-72,7,-74,0.0
2026-06-27T16:48:10.881Z,20.6,-72,2,-120,0.0
2026-06-27T16:48:10.883Z,20.6,-72,3,-168,0.0
2026-06-27T16:48:10.884Z,20.6,-72,2,-216,0.0
2026-06-27T16:48:10.968Z,20.6,-72,2,-182,0.0
2026-06-27T16:48:10.970Z,20.6,-67,3,-231,0.0
2026-06-27T16:48:11.075Z,20.6,-67,3,-179,0.0
2026-06-27T16:48:11.077Z,20.6,-67,3,-223,0.0
2026-06-27T16:48:11.125Z,20.6,-67,3,-225,0.0
2026-06-27T16:48:11.275Z,20.6,-66,3,-125,0.0
2026-06-27T16:48:11.277Z,20.6,-66,3,-166,0.0
2026-06-27T16:48:11.279Z,20.6,-64,3,-173,0.0
2026-06-27T16:48:11.281Z,20.7,-64,2,-181,0.0
2026-06-27T16:48:11.282Z,20.6,-64,2,-190,0.0
2026-06-27T16:48:11.283Z,20.6,-64,2,-199,0.0
2026-06-27T16:48:11.284Z,20.6,-64,2,-208,0.0
2026-06-27T16:48:11.285Z,20.6,-64,2,-217,0.0
2026-06-27T16:48:11.286Z,20.6,-64,2,-226,0.0
2026-06-27T16:48:11.341Z,20.6,-64,6,-185,0.0
2026-06-27T16:48:11.344Z,20.6,-63,3,-192,0.0
2026-06-27T16:48:11.345Z,20.7,-63,2,-200,0.0
2026-06-27T16:48:11.346Z,20.6,-63,2,-209,0.0
2026-06-27T16:48:11.347Z,20.6,-63,2,-218,0.0
2026-06-27T16:48:11.457Z,20.6,-63,2,-120,0.0
2026-06-27T16:48:11.460Z,20.6,-63,3,-127,0.0
2026-06-27T16:48:11.462Z,20.6,-63,2,-134,0.0
2026-06-27T16:48:11.465Z,20.6,-63,2,-141,0.0
2026-06-27T16:48:11.466Z,20.6,-63,2,-150,0.0
2026-06-27T16:48:11.467Z,20.7,-65,2,-159,0.0
2026-06-27T16:48:11.468Z,20.6,-65,4,-168,0.0
2026-06-27T16:48:11.469Z,20.6,-65,2,-177,0.0
2026-06-27T16:48:11.470Z,20.7,-65,2,-186,0.0
2026-06-27T16:48:11.471Z,20.6,-65,2,-195,0.0
2026-06-27T16:48:11.473Z,20.6,-65,2,-203,0.0
2026-06-27T16:48:11.474Z,20.6,-65,2,-212,0.0
2026-06-27T16:48:11.475Z,20.6,-65,2,-221,0.0
2026-06-27T16:48:11.511Z,20.6,-65,5,-196,0.0
2026-06-27T16:48:11.512Z,20.6,-65,2,-204,0.0
2026-06-27T16:48:11.513Z,20.6,-65,4,-213,0.0
2026-06-27T16:48:11.514Z,20.6,-65,2,-221,0.0
2026-06-27T16:48:11.515Z,20.6,-65,2,-230,0.0
2026-06-27T16:48:11.650Z,20.6,-65,2,-106,0.0
2026-06-27T16:48:11.652Z,20.8,-65,3,-114,0.0
2026-06-27T16:48:11.654Z,20.6,-65,2,-121,0.0
2026-06-27T16:48:11.655Z,20.6,-65,2,-130,0.0
2026-06-27T16:48:11.657Z,20.6,-65,2,-138,0.0
2026-06-27T16:48:11.658Z,20.6,-65,2,-148,0.0
2026-06-27T16:48:11.659Z,20.6,-65,2,-157,0.0
2026-06-27T16:48:11.660Z,20.6,-65,2,-166,0.0
2026-06-27T16:48:11.661Z,20.6,-65,2,-175,0.0
2026-06-27T16:48:11.662Z,20.6,-65,2,-184,0.0
2026-06-27T16:48:11.663Z,20.6,-65,2,-193,0.0
2026-06-27T16:48:11.664Z,20.6,-65,2,-202,0.0
2026-06-27T16:48:11.665Z,20.6,-65,2,-211,0.0
2026-06-27T16:48:11.767Z,20.6,-65,5,-122,0.0
2026-06-27T16:48:11.769Z,20.6,-65,3,-128,0.0
2026-06-27T16:48:11.771Z,20.6,-65,2,-137,0.0
2026-06-27T16:48:11.772Z,20.6,-65,2,-146,0.0
2026-06-27T16:48:11.773Z,20.6,-65,2,-154,0.0
2026-06-27T16:48:11.774Z,20.6,-62,2,-163,0.0
2026-06-27T16:48:11.776Z,20.6,-62,2,-172,0.0
2026-06-27T16:48:11.777Z,20.6,-62,2,-181,0.0
2026-06-27T16:48:11.778Z,20.6,-62,2,-190,0.0
2026-06-27T16:48:11.779Z,20.6,-62,2,-199,0.0
2026-06-27T16:48:11.780Z,20.6,-62,3,-208,0.0
2026-06-27T16:48:11.781Z,20.6,-62,2,-217,0.0
2026-06-27T16:48:11.895Z,20.6,-62,2,-117,0.0
2026-06-27T16:48:11.904Z,20.6,-62,3,-116,0.0
2026-06-27T16:48:11.907Z,20.7,-62,2,-124,0.0
2026-06-27T16:48:11.909Z,20.6,-63,2,-130,0.0
2026-06-27T16:48:11.911Z,20.6,-63,2,-137,0.0
2026-06-27T16:48:11.913Z,20.6,-63,2,-147,0.0
2026-06-27T16:48:11.914Z,20.6,-63,3,-155,0.0
2026-06-27T16:48:11.915Z,20.6,-63,2,-164,0.0
2026-06-27T16:48:11.916Z,20.6,-63,2,-173,0.0
2026-06-27T16:48:11.917Z,20.6,-63,2,-182,0.0
2026-06-27T16:48:11.918Z,20.6,-63,2,-191,0.0
2026-06-27T16:48:11.919Z,20.6,-63,2,-200,0.0
2026-06-27T16:48:11.920Z,20.6,-63,2,-209,0.0
2026-06-27T16:48:12.013Z,20.6,-63,7,-128,0.0
2026-06-27T16:48:12.015Z,20.6,-63,3,-136,0.0
2026-06-27T16:48:12.016Z,20.6,-63,2,-144,0.0
2026-06-27T16:48:12.017Z,20.6,-63,2,-153,0.0
2026-06-27T16:48:12.020Z,20.6,-63,2,-161,0.0
2026-06-27T16:48:12.021Z,20.6,-63,2,-170,0.0
2026-06-27T16:48:12.022Z,20.6,-63,3,-179,0.0
2026-06-27T16:48:12.023Z,20.6,-63,2,-188,0.0
2026-06-27T16:48:12.024Z,20.6,-63,2,-197,0.0
2026-06-27T16:48:12.026Z,21.9,-63,2,-206,0.0
2026-06-27T16:48:12.027Z,20.6,-63,2,-214,0.0
2026-06-27T16:48:12.028Z,20.6,-63,2,-223,0.0
2026-06-27T16:48:12.097Z,20.6,-63,2,-165,0.0
2026-06-27T16:48:12.099Z,20.6,-63,2,-171,0.0
2026-06-27T16:48:12.101Z,20.6,-63,2,-179,0.0
2026-06-27T16:48:12.103Z,20.7,-63,2,-187,0.0
2026-06-27T16:48:12.104Z,20.6,-63,2,-196,0.0
2026-06-27T16:48:12.105Z,20.6,-63,2,-206,0.0
2026-06-27T16:48:12.106Z,20.6,-63,2,-215,0.0
2026-06-27T16:48:12.108Z,21.9,-63,2,-224,0.0
2026-06-27T16:48:12.229Z,20.6,-63,6,-118,0.0
2026-06-27T16:48:12.231Z,20.6,-63,3,-123,0.0
2026-06-27T16:48:12.232Z,20.7,-63,2,-132,0.0
2026-06-27T16:48:12.233Z,20.6,-63,2,-141,0.0
2026-06-27T16:48:12.234Z,20.6,-63,2,-150,0.0
2026-06-27T16:48:12.235Z,20.6,-63,2,-160,0.0
2026-06-27T16:48:12.236Z,20.6,-63,3,-169,0.0
2026-06-27T16:48:12.237Z,20.6,-63,2,-178,0.0
2026-06-27T16:48:12.240Z,20.6,-63,2,-186,0.0
2026-06-27T16:48:12.241Z,20.6,-63,2,-194,0.0
2026-06-27T16:48:12.242Z,20.6,-63,2,-203,0.0
2026-06-27T16:48:12.243Z,21.9,-63,2,-212,0.0
2026-06-27T16:48:12.245Z,20.6,-63,2,-220,0.0
2026-06-27T16:48:12.247Z,20.6,-63,6,-229,0.0
2026-06-27T16:48:12.371Z,20.6,-63,2,-117,0.0
2026-06-27T16:48:12.376Z,20.6,-63,3,-121,0.0
2026-06-27T16:48:12.377Z,20.6,-63,2,-128,0.0
2026-06-27T16:48:12.378Z,20.6,-63,2,-137,0.0
2026-06-27T16:48:12.379Z,20.6,-63,2,-146,0.0
2026-06-27T16:48:12.381Z,20.6,-63,2,-155,0.0
2026-06-27T16:48:12.382Z,20.6,-63,5,-165,0.0
2026-06-27T16:48:12.383Z,20.6,-64,2,-173,0.0
2026-06-27T16:48:12.384Z,20.6,-64,2,-182,0.0
2026-06-27T16:48:12.385Z,20.6,-64,2,-191,0.0
2026-06-27T16:48:12.386Z,20.7,-64,2,-200,0.0
2026-06-27T16:48:12.387Z,20.6,-64,2,-209,0.0
2026-06-27T16:48:12.388Z,20.6,-64,2,-218,0.0
2026-06-27T16:48:12.425Z,20.6,-64,5,-191,0.0
2026-06-27T16:48:12.426Z,20.6,-64,2,-200,0.0
2026-06-27T16:48:12.428Z,20.6,-64,2,-207,0.0
2026-06-27T16:48:12.430Z,20.6,-64,2,-216,0.0
2026-06-27T16:48:12.431Z,20.6,-64,2,-224,0.0
2026-06-27T16:48:12.504Z,20.6,-64,2,-161,0.0
2026-06-27T16:48:12.507Z,20.6,-64,6,-170,0.0
2026-06-27T16:48:12.509Z,20.6,-64,2,-176,0.0
2026-06-27T16:48:12.511Z,20.6,-64,2,-185,0.0
2026-06-27T16:48:12.512Z,20.7,-64,2,-193,0.0
2026-06-27T16:48:12.513Z,20.6,-64,2,-202,0.0
2026-06-27T16:48:12.514Z,20.6,-64,2,-212,0.0
2026-06-27T16:48:12.515Z,20.6,-64,2,-221,0.0
2026-06-27T16:48:12.629Z,20.6,-64,3,-117,0.0
2026-06-27T16:48:12.632Z,20.6,-64,5,-126,0.0
2026-06-27T16:48:12.635Z,20.6,-64,2,-132,0.0
2026-06-27T16:48:12.636Z,20.6,-64,2,-140,0.0
2026-06-27T16:48:12.637Z,20.6,-64,2,-149,0.0
2026-06-27T16:48:12.639Z,20.6,-64,2,-158,0.0
2026-06-27T16:48:12.640Z,20.6,-64,2,-166,0.0
2026-06-27T16:48:12.641Z,20.6,-64,2,-176,0.0
2026-06-27T16:48:12.642Z,20.6,-64,2,-185,0.0
2026-06-27T16:48:12.643Z,20.6,-64,2,-194,0.0
2026-06-27T16:48:12.644Z,20.6,-64,2,-203,0.0
2026-06-27T16:48:12.645Z,20.7,-64,2,-212,0.0
2026-06-27T16:48:12.646Z,20.6,-64,2,-221,0.0
2026-06-27T16:48:12.713Z,20.6,-64,4,-166,0.0
2026-06-27T16:48:12.716Z,20.6,-64,2,-172,0.0
2026-06-27T16:48:12.717Z,20.6,-64,2,-180,0.0
2026-06-27T16:48:12.719Z,20.6,-64,2,-189,0.0
2026-06-27T16:48:12.720Z,20.6,-64,2,-197,0.0
2026-06-27T16:48:12.721Z,20.6,-64,2,-207,0.0
2026-06-27T16:48:12.722Z,20.6,-64,2,-216,0.0
2026-06-27T16:48:12.723Z,20.6,-64,2,-225,0.0
2026-06-27T16:48:12.840Z,20.6,-66,6,-121,0.0
2026-06-27T16:48:12.841Z,20.7,-66,2,-128,0.0
2026-06-27T16:48:12.842Z,20.6,-66,2,-137,0.0
2026-06-27T16:48:12.843Z,20.6,-66,2,-146,0.0
2026-06-27T16:48:12.845Z,20.6,-66,2,-155,0.0
2026-06-27T16:48:12.846Z,20.6,-66,2,-163,0.0
2026-06-27T16:48:12.847Z,20.6,-66,2,-173,0.0
2026-06-27T16:48:12.849Z,20.6,-66,2,-182,0.0
2026-06-27T16:48:12.850Z,20.6,-66,2,-190,0.0
2026-06-27T16:48:12.851Z,20.6,-66,2,-199,0.0
2026-06-27T16:48:12.852Z,20.6,-66,2,-208,0.0
2026-06-27T16:48:12.853Z,20.6,-66,2,-217,0.0
2026-06-27T16:48:12.892Z,20.7,-66,2,-188,0.0
2026-06-27T16:48:12.894Z,20.6,-66,6,-198,0.0
2026-06-27T16:48:12.896Z,20.6,-66,2,-205,0.0
2026-06-27T16:48:12.897Z,20.6,-66,2,-214,0.0
2026-06-27T16:48:12.898Z,20.6,-66,2,-223,0.0
2026-06-27T16:48:12.899Z,20.6,-66,2,-232,0.0
2026-06-27T16:48:13.022Z,20.6,-66,2,-120,0.0
2026-06-27T16:48:13.025Z,20.6,-66,3,-128,0.0
2026-06-27T16:48:13.026Z,20.6,-67,2,-136,0.0
2026-06-27T16:48:13.028Z,20.6,-67,2,-144,0.0
2026-06-27T16:48:13.029Z,20.6,-67,2,-152,0.0
2026-06-27T16:48:13.030Z,20.6,-67,2,-162,0.0
2026-06-27T16:48:13.031Z,20.7,-67,2,-171,0.0
2026-06-27T16:48:13.032Z,20.6,-67,2,-180,0.0
2026-06-27T16:48:13.033Z,20.6,-67,2,-189,0.0
2026-06-27T16:48:13.035Z,20.6,-67,2,-197,0.0
2026-06-27T16:48:13.036Z,20.6,-67,2,-206,0.0
2026-06-27T16:48:13.037Z,20.6,-67,2,-215,0.0
2026-06-27T16:48:13.039Z,20.6,-67,2,-224,0.0
2026-06-27T16:48:13.120Z,20.6,-67,4,-155,0.0
2026-06-27T16:48:13.122Z,20.6,-67,3,-162,0.0
2026-06-27T16:48:13.125Z,20.6,-67,2,-169,0.0
2026-06-27T16:48:13.126Z,20.6,-67,2,-177,0.0
2026-06-27T16:48:13.128Z,20.6,-67,2,-186,0.0
2026-06-27T16:48:13.130Z,20.6,-67,2,-194,0.0
2026-06-27T16:48:13.131Z,20.6,-67,2,-203,0.0
2026-06-27T16:48:13.132Z,20.6,-67,2,-212,0.0
2026-06-27T16:48:13.133Z,21.9,-67,2,-221,0.0
2026-06-27T16:48:13.225Z,20.6,-67,6,-144,0.0
2026-06-27T16:48:13.234Z,20.6,-67,2,-141,0.0
2026-06-27T16:48:13.237Z,20.6,-67,2,-148,0.0
2026-06-27T16:48:13.239Z,20.6,-67,2,-156,0.0
2026-06-27T16:48:13.241Z,20.6,-67,2,-164,0.0
2026-06-27T16:48:13.243Z,20.6,-67,2,-171,0.0
2026-06-27T16:48:13.244Z,20.6,-67,3,-181,0.0
2026-06-27T16:48:13.246Z,20.6,-67,2,-189,0.0
2026-06-27T16:48:13.247Z,20.6,-67,2,-198,0.0
2026-06-27T16:48:13.248Z,20.6,-67,2,-207,0.0
2026-06-27T16:48:13.324Z,20.6,-67,2,-142,0.0
2026-06-27T16:48:13.326Z,20.6,-65,3,-148,0.0
2026-06-27T16:48:13.328Z,20.6,-65,2,-156,0.0
2026-06-27T16:48:13.330Z,20.6,-65,2,-164,0.0
2026-06-27T16:48:13.331Z,20.6,-65,2,-173,0.0
2026-06-27T16:48:13.332Z,20.6,-65,2,-182,0.0
2026-06-27T16:48:13.333Z,20.6,-65,2,-193,0.0
2026-06-27T16:48:13.334Z,20.6,-65,3,-201,0.0
2026-06-27T16:48:13.335Z,20.6,-65,2,-210,0.0
2026-06-27T16:48:13.336Z,20.6,-65,2,-219,0.0
2026-06-27T16:48:13.480Z,20.6,-65,2,-88,0.0
2026-06-27T16:48:13.490Z,20.6,-63,5,-87,0.0
2026-06-27T16:48:13.493Z,20.6,-63,2,-92,0.0
2026-06-27T16:48:13.495Z,20.6,-63,2,-100,0.0
2026-06-27T16:48:13.498Z,20.6,-63,2,-107,0.0
2026-06-27T16:48:13.500Z,20.6,-63,2,-115,0.0
2026-06-27T16:48:13.502Z,20.6,-63,2,-123,0.0
2026-06-27T16:48:13.504Z,20.6,-63,3,-132,0.0
2026-06-27T16:48:13.505Z,20.6,-63,2,-140,0.0
2026-06-27T16:48:13.507Z,20.6,-63,2,-148,0.0
2026-06-27T16:48:13.508Z,20.6,-63,2,-157,0.0
2026-06-27T16:48:13.510Z,20.6,-63,2,-166,0.0
2026-06-27T16:48:13.511Z,20.6,-63,2,-174,0.0
2026-06-27T16:48:13.529Z,20.6,-63,4,-167,0.0
2026-06-27T16:48:13.530Z,20.6,-63,2,-175,0.0
2026-06-27T16:48:13.534Z,20.6,-63,2,-182,0.0
2026-06-27T16:48:13.535Z,20.6,-63,16,-201,0.0
2026-06-27T16:48:13.536Z,20.6,-63,2,-209,0.0
2026-06-27T16:48:13.537Z,20.6,-63,2,-218,0.0
2026-06-27T16:48:13.538Z,20.6,-63,2,-228,0.0
2026-06-27T16:48:13.658Z,20.6,-68,2,-118,0.0
2026-06-27T16:48:13.661Z,20.6,-68,3,-125,0.0
2026-06-27T16:48:13.662Z,20.6,-68,2,-133,0.0
2026-06-27T16:48:13.663Z,20.6,-68,2,-142,0.0
2026-06-27T16:48:13.664Z,20.6,-68,2,-151,0.0
2026-06-27T16:48:13.666Z,20.8,-68,2,-160,0.0
2026-06-27T16:48:13.668Z,20.6,-68,2,-169,0.0
2026-06-27T16:48:13.669Z,20.6,-68,2,-177,0.0
2026-06-27T16:48:13.671Z,20.6,-68,2,-186,0.0
2026-06-27T16:48:13.672Z,20.6,-68,2,-194,0.0
2026-06-27T16:48:13.673Z,20.6,-68,2,-203,0.0
2026-06-27T16:48:13.674Z,20.6,-68,2,-212,0.0
2026-06-27T16:48:13.675Z,20.7,-68,2,-221,0.0
2026-06-27T16:48:13.724Z,20.6,-68,5,-186,0.0
2026-06-27T16:48:13.730Z,20.6,-68,2,-187,0.0
2026-06-27T16:48:13.733Z,20.6,-68,2,-193,0.0
2026-06-27T16:48:13.735Z,20.6,-68,2,-201,0.0
2026-06-27T16:48:13.737Z,20.6,-68,2,-209,0.0
2026-06-27T16:48:13.840Z,20.6,-68,2,-120,0.0
2026-06-27T16:48:13.847Z,20.6,-68,6,-122,0.0
2026-06-27T16:48:13.852Z,20.6,-68,2,-125,0.0
2026-06-27T16:48:13.855Z,20.6,-66,3,-133,0.0
2026-06-27T16:48:13.857Z,20.6,-66,2,-139,0.0
2026-06-27T16:48:13.858Z,20.6,-66,2,-147,0.0
2026-06-27T16:48:13.859Z,20.6,-66,2,-157,0.0
2026-06-27T16:48:13.860Z,20.6,-66,3,-166,0.0
2026-06-27T16:48:13.861Z,20.6,-66,2,-175,0.0
2026-06-27T16:48:13.862Z,20.6,-66,2,-184,0.0
2026-06-27T16:48:13.864Z,20.6,-66,3,-192,0.0
2026-06-27T16:48:13.866Z,20.6,-66,2,-201,0.0
2026-06-27T16:48:13.867Z,20.6,-66,2,-209,0.0
2026-06-27T16:48:13.945Z,20.6,-66,5,-143,0.0
2026-06-27T16:48:13.946Z,20.6,-66,3,-151,0.0
2026-06-27T16:48:13.948Z,20.6,-66,2,-159,0.0
2026-06-27T16:48:13.950Z,20.6,-66,2,-168,0.0
2026-06-27T16:48:13.952Z,20.6,-66,2,-175,0.0
2026-06-27T16:48:13.953Z,20.7,-66,2,-185,0.0
2026-06-27T16:48:13.954Z,20.6,-66,2,-194,0.0
2026-06-27T16:48:13.955Z,20.6,-66,2,-203,0.0
2026-06-27T16:48:13.956Z,20.6,-66,2,-212,0.0
2026-06-27T16:48:13.958Z,20.6,-66,2,-220,0.0
2026-06-27T16:48:14.069Z,20.6,-68,3,-119,0.0
2026-06-27T16:48:14.071Z,20.6,-68,3,-126,0.0
2026-06-27T16:48:14.073Z,20.6,-68,2,-134,0.0
2026-06-27T16:48:14.074Z,20.6,-68,2,-143,0.0
2026-06-27T16:48:14.075Z,20.6,-68,2,-152,0.0
2026-06-27T16:48:14.076Z,20.6,-68,2,-161,0.0
2026-06-27T16:48:14.077Z,20.6,-68,2,-172,0.0
2026-06-27T16:48:14.078Z,20.6,-68,3,-179,0.0
2026-06-27T16:48:14.079Z,20.6,-68,2,-188,0.0
2026-06-27T16:48:14.080Z,20.6,-68,2,-197,0.0
2026-06-27T16:48:14.082Z,20.6,-68,2,-206,0.0
2026-06-27T16:48:14.083Z,20.6,-68,2,-215,0.0
2026-06-27T16:48:14.084Z,20.6,-68,2,-224,0.0
2026-06-27T16:48:14.194Z,20.6,-68,4,-126,0.0
2026-06-27T16:48:14.195Z,20.6,-68,3,-134,0.0
2026-06-27T16:48:14.197Z,20.6,-68,2,-142,0.0
2026-06-27T16:48:14.198Z,20.6,-68,2,-151,0.0
2026-06-27T16:48:14.200Z,20.6,-68,2,-160,0.0
2026-06-27T16:48:14.201Z,20.6,-68,2,-169,0.0
2026-06-27T16:48:14.202Z,20.6,-68,2,-180,0.0
2026-06-27T16:48:14.203Z,20.6,-67,2,-187,0.0
2026-06-27T16:48:14.204Z,20.6,-67,2,-196,0.0
2026-06-27T16:48:14.205Z,20.7,-67,2,-205,0.0
2026-06-27T16:48:14.206Z,20.6,-67,2,-214,0.0
2026-06-27T16:48:14.207Z,20.6,-67,2,-223,0.0
2026-06-27T16:48:14.323Z,20.6,-67,2,-121,0.0
2026-06-27T16:48:14.332Z,20.6,-67,2,-122,0.0
2026-06-27T16:48:14.338Z,20.6,-67,2,-123,0.0
2026-06-27T16:48:14.341Z,20.6,-67,2,-131,0.0
2026-06-27T16:48:14.343Z,20.6,-67,2,-138,0.0
2026-06-27T16:48:14.345Z,20.6,-67,3,-147,0.0
2026-06-27T16:48:14.346Z,20.6,-65,2,-155,0.0
2026-06-27T16:48:14.347Z,20.6,-65,2,-164,0.0
2026-06-27T16:48:14.348Z,20.6,-65,2,-173,0.0
2026-06-27T16:48:14.349Z,20.6,-65,2,-182,0.0
2026-06-27T16:48:14.351Z,20.7,-65,2,-190,0.0
2026-06-27T16:48:14.352Z,20.6,-65,2,-199,0.0
2026-06-27T16:48:14.353Z,20.6,-65,2,-208,0.0
2026-06-27T16:48:14.450Z,20.6,-65,7,-125,0.0
2026-06-27T16:48:14.451Z,20.6,-65,2,-133,0.0
2026-06-27T16:48:14.452Z,20.6,-65,4,-142,0.0
2026-06-27T16:48:14.454Z,20.7,-68,2,-149,0.0
2026-06-27T16:48:14.456Z,20.7,-68,2,-157,0.0
2026-06-27T16:48:14.457Z,20.6,-68,2,-167,0.0
2026-06-27T16:48:14.458Z,20.6,-68,2,-176,0.0
2026-06-27T16:48:14.459Z,20.6,-68,2,-185,0.0
2026-06-27T16:48:14.460Z,20.6,-68,2,-194,0.0
2026-06-27T16:48:14.461Z,20.6,-68,3,-203,0.0
2026-06-27T16:48:14.464Z,20.6,-68,2,-211,0.0
2026-06-27T16:48:14.465Z,20.6,-68,2,-219,0.0
2026-06-27T16:48:14.507Z,20.6,-68,2,-193,0.0
2026-06-27T16:48:14.518Z,20.6,-72,2,-191,0.0
2026-06-27T16:48:14.522Z,20.6,-72,2,-195,0.0
2026-06-27T16:48:14.525Z,20.6,-72,2,-201,0.0
2026-06-27T16:48:14.527Z,20.6,-72,2,-209,0.0
2026-06-27T16:48:14.627Z,20.6,-72,2,-121,0.0
2026-06-27T16:48:14.631Z,20.6,-72,5,-126,0.0
2026-06-27T16:48:14.633Z,20.7,-72,2,-133,0.0
2026-06-27T16:48:14.636Z,20.6,-72,2,-139,0.0
2026-06-27T16:48:14.638Z,20.6,-72,2,-148,0.0
2026-06-27T16:48:14.639Z,20.6,-72,2,-157,0.0
2026-06-27T16:48:14.640Z,20.6,-70,2,-167,0.0
2026-06-27T16:48:14.641Z,20.6,-70,2,-175,0.0
2026-06-27T16:48:14.642Z,20.6,-70,2,-184,0.0
2026-06-27T16:48:14.643Z,20.6,-70,2,-193,0.0
2026-06-27T16:48:14.644Z,20.6,-70,2,-202,0.0
2026-06-27T16:48:14.645Z,20.6,-70,2,-211,0.0
2026-06-27T16:48:14.646Z,20.6,-70,2,-220,0.0
2026-06-27T16:48:14.754Z,20.6,-70,4,-125,0.0
2026-06-27T16:48:14.756Z,20.6,-70,3,-132,0.0
2026-06-27T16:48:14.759Z,20.6,-70,2,-139,0.0
2026-06-27T16:48:14.760Z,20.6,-66,2,-147,0.0
2026-06-27T16:48:14.761Z,20.7,-66,2,-156,0.0
2026-06-27T16:48:14.763Z,20.6,-66,2,-165,0.0
2026-06-27T16:48:14.764Z,20.6,-66,2,-174,0.0
2026-06-27T16:48:14.765Z,20.6,-66,2,-183,0.0
2026-06-27T16:48:14.766Z,20.6,-66,2,-192,0.0
2026-06-27T16:48:14.767Z,20.7,-66,2,-201,0.0
2026-06-27T16:48:14.768Z,20.6,-66,2,-210,0.0
2026-06-27T16:48:14.769Z,20.6,-66,2,-219,0.0
2026-06-27T16:48:16.210Z,20.6,-66,2,1209,0.0
2026-06-27T16:48:16.213Z,20.6,-64,3,1206,0.0
2026-06-27T16:48:16.215Z,20.6,-64,2,1197,0.0
2026-06-27T16:48:16.216Z,20.6,-64,2,1189,0.0
2026-06-27T16:48:16.217Z,20.6,-64,2,1180,0.0
2026-06-27T16:48:16.219Z,20.6,-64,2,1171,0.0
2026-06-27T16:48:16.220Z,20.6,-64,3,1162,0.0
2026-06-27T16:48:16.221Z,20.6,-64,2,1153,0.0
2026-06-27T16:48:16.222Z,20.6,-64,2,1144,0.0
2026-06-27T16:48:16.224Z,20.6,-64,2,1135,0.0
2026-06-27T16:48:16.225Z,20.6,-64,2,1127,0.0
2026-06-27T16:48:16.226Z,20.6,-64,2,1118,0.0
2026-06-27T16:48:16.228Z,20.6,-64,2,1109,0.0
2026-06-27T16:48:16.229Z,20.6,-64,8,1097,0.0
2026-06-27T16:48:16.230Z,20.6,-64,2,1089,0.0
2026-06-27T16:48:16.231Z,20.7,-64,2,1080,0.0
2026-06-27T16:48:16.232Z,20.6,-64,2,1071,0.0
2026-06-27T16:48:16.233Z,20.6,-64,2,1062,0.0
2026-06-27T16:48:16.234Z,20.6,-64,2,1052,0.0
2026-06-27T16:48:16.236Z,20.6,-64,2,1043,0.0
2026-06-27T16:48:16.237Z,20.6,-64,3,1035,0.0
2026-06-27T16:48:16.238Z,20.6,-60,2,1026,0.0
2026-06-27T16:48:16.239Z,20.6,-60,2,1017,0.0
2026-06-27T16:48:16.240Z,20.6,-60,2,1008,0.0
2026-06-27T16:48:16.242Z,20.6,-60,2,999,0.0
2026-06-27T16:48:16.245Z,20.6,-60,2,992,0.0
2026-06-27T16:48:16.287Z,20.6,-60,1209,-180,0.0
2026-06-27T16:48:16.290Z,20.6,-69,2,-186,0.0
2026-06-27T16:48:16.292Z,20.6,-69,2,-195,0.0
2026-06-27T16:48:16.294Z,20.6,-69,2,-203,0.0
2026-06-27T16:48:16.296Z,20.6,-69,2,-210,0.0
2026-06-27T16:48:16.398Z,20.6,-69,6,-119,0.0
2026-06-27T16:48:16.399Z,20.6,-69,2,-127,0.0
2026-06-27T16:48:16.400Z,20.6,-69,2,-136,0.0
2026-06-27T16:48:16.401Z,20.6,-67,2,-145,0.0
2026-06-27T16:48:16.404Z,20.6,-67,2,-152,0.0
2026-06-27T16:48:16.405Z,20.6,-67,2,-162,0.0
2026-06-27T16:48:16.407Z,20.6,-67,2,-171,0.0
2026-06-27T16:48:16.408Z,20.6,-67,2,-179,0.0
2026-06-27T16:48:16.410Z,20.6,-67,2,-187,0.0
2026-06-27T16:48:16.411Z,20.6,-67,2,-196,0.0
2026-06-27T16:48:16.413Z,20.6,-67,2,-205,0.0
2026-06-27T16:48:16.415Z,20.6,-67,2,-212,0.0
2026-06-27T16:48:16.524Z,20.6,-67,2,-114,0.0
2026-06-27T16:48:16.526Z,20.6,-69,6,-122,0.0
2026-06-27T16:48:16.528Z,20.7,-69,2,-130,0.0
2026-06-27T16:48:16.529Z,20.6,-69,2,-138,0.0
2026-06-27T16:48:16.530Z,20.6,-69,2,-147,0.0
2026-06-27T16:48:16.531Z,20.6,-69,2,-156,0.0
2026-06-27T16:48:16.533Z,20.6,-69,2,-164,0.0
2026-06-27T16:48:16.534Z,20.6,-69,2,-174,0.0
2026-06-27T16:48:16.535Z,20.6,-69,2,-183,0.0
2026-06-27T16:48:16.536Z,20.6,-69,2,-192,0.0
2026-06-27T16:48:16.537Z,20.6,-69,2,-201,0.0
2026-06-27T16:48:16.538Z,20.6,-69,2,-210,0.0
2026-06-27T16:48:16.539Z,20.6,-69,2,-219,0.0
2026-06-27T16:48:16.601Z,20.6,-69,4,-171,0.0
2026-06-27T16:48:16.602Z,20.6,-69,2,-178,0.0
2026-06-27T16:48:16.604Z,20.6,-69,2,-186,0.0
2026-06-27T16:48:16.605Z,20.6,-69,2,-195,0.0
2026-06-27T16:48:16.606Z,20.6,-69,2,-204,0.0
2026-06-27T16:48:16.607Z,20.6,-69,2,-214,0.0
2026-06-27T16:48:16.608Z,20.6,-69,2,-223,0.0
2026-06-27T16:48:16.609Z,20.7,-69,2,-232,0.0
2026-06-27T16:48:16.723Z,20.6,-72,7,-130,0.0
2026-06-27T16:48:16.724Z,20.6,-72,2,-137,0.0
2026-06-27T16:48:16.725Z,20.7,-72,2,-146,0.0
2026-06-27T16:48:16.726Z,20.6,-72,2,-155,0.0
2026-06-27T16:48:16.728Z,20.6,-72,2,-163,0.0
2026-06-27T16:48:16.729Z,20.6,-72,2,-173,0.0
2026-06-27T16:48:16.730Z,20.6,-72,3,-182,0.0
2026-06-27T16:48:16.731Z,20.6,-72,2,-191,0.0
2026-06-27T16:48:16.733Z,20.7,-72,2,-199,0.0
2026-06-27T16:48:16.734Z,20.6,-72,2,-208,0.0
2026-06-27T16:48:16.735Z,20.7,-72,2,-217,0.0
2026-06-27T16:48:16.736Z,20.6,-72,2,-226,0.0
2026-06-27T16:48:16.784Z,20.6,-72,2,-191,0.0
2026-06-27T16:48:16.791Z,21.9,-72,2,-193,0.0
2026-06-27T16:48:16.794Z,20.6,-72,4,-199,0.0
2026-06-27T16:48:16.797Z,20.6,-72,2,-205,0.0
2026-06-27T16:48:16.799Z,20.6,-72,2,-213,0.0
2026-06-27T16:48:16.801Z,20.6,-72,2,-221,0.0
2026-06-27T16:48:16.906Z,20.6,-72,5,-127,0.0
2026-06-27T16:48:16.908Z,20.6,-72,2,-133,0.0
2026-06-27T16:48:16.910Z,20.6,-72,4,-142,0.0
2026-06-27T16:48:16.911Z,20.6,-68,2,-150,0.0
2026-06-27T16:48:16.913Z,20.6,-68,2,-159,0.0
2026-06-27T16:48:16.915Z,20.6,-68,2,-168,0.0
2026-06-27T16:48:16.916Z,20.6,-68,2,-176,0.0
2026-06-27T16:48:16.917Z,20.6,-68,2,-185,0.0
2026-06-27T16:48:16.918Z,20.6,-68,2,-193,0.0
2026-06-27T16:48:16.919Z,20.6,-68,2,-202,0.0
2026-06-27T16:48:16.920Z,20.6,-68,2,-211,0.0
2026-06-27T16:48:16.921Z,20.6,-68,3,-221,0.0
2026-06-27T16:48:17.010Z,20.6,-68,2,-144,0.0
2026-06-27T16:48:17.011Z,20.6,-74,3,-153,0.0
2026-06-27T16:48:17.012Z,20.6,-74,2,-161,0.0
2026-06-27T16:48:17.015Z,20.6,-74,2,-168,0.0
2026-06-27T16:48:17.016Z,21.9,-74,2,-178,0.0
2026-06-27T16:48:17.017Z,20.6,-74,2,-186,0.0
2026-06-27T16:48:17.019Z,20.6,-74,3,-195,0.0
2026-06-27T16:48:17.020Z,20.6,-74,2,-204,0.0
2026-06-27T16:48:17.021Z,20.6,-74,2,-213,0.0
2026-06-27T16:48:17.023Z,20.6,-74,2,-221,0.0
2026-06-27T16:48:17.133Z,20.6,-74,2,-121,0.0
2026-06-27T16:48:17.135Z,20.6,-70,4,-129,0.0
2026-06-27T16:48:17.137Z,20.6,-70,2,-137,0.0
2026-06-27T16:48:17.138Z,20.6,-70,2,-145,0.0
2026-06-27T16:48:17.140Z,20.6,-70,2,-153,0.0
2026-06-27T16:48:17.141Z,20.6,-70,2,-162,0.0
2026-06-27T16:48:17.142Z,20.6,-70,2,-172,0.0
2026-06-27T16:48:17.143Z,20.6,-70,3,-181,0.0
2026-06-27T16:48:17.144Z,21.9,-70,2,-190,0.0
2026-06-27T16:48:17.145Z,20.6,-70,2,-199,0.0
2026-06-27T16:48:17.146Z,20.6,-70,2,-208,0.0
2026-06-27T16:48:17.147Z,20.6,-69,2,-217,0.0
2026-06-27T16:48:17.148Z,20.6,-69,2,-226,0.0
2026-06-27T16:48:17.197Z,20.6,-69,5,-187,0.0
2026-06-27T16:48:17.199Z,20.6,-69,2,-195,0.0
2026-06-27T16:48:17.201Z,21.9,-69,2,-203,0.0
2026-06-27T16:48:17.202Z,20.6,-69,2,-211,0.0
2026-06-27T16:48:17.203Z,20.6,-69,2,-220,0.0
2026-06-27T16:48:17.204Z,21.9,-69,2,-230,0.0
2026-06-27T16:48:17.334Z,20.6,-69,2,-111,0.0
2026-06-27T16:48:17.336Z,20.6,-69,3,-119,0.0
2026-06-27T16:48:17.338Z,20.6,-81,3,-127,0.0
2026-06-27T16:48:17.339Z,20.6,-81,2,-134,0.0
2026-06-27T16:48:17.340Z,21.9,-81,2,-144,0.0
2026-06-27T16:48:17.342Z,20.6,-81,2,-152,0.0
2026-06-27T16:48:17.343Z,20.7,-81,2,-161,0.0
2026-06-27T16:48:17.344Z,20.6,-81,2,-170,0.0
2026-06-27T16:48:17.345Z,20.6,-81,2,-179,0.0
2026-06-27T16:48:17.346Z,20.6,-81,2,-188,0.0
2026-06-27T16:48:17.347Z,20.6,-81,2,-197,0.0
2026-06-27T16:48:17.348Z,20.6,-81,2,-206,0.0
2026-06-27T16:48:17.350Z,20.6,-81,3,-215,0.0
2026-06-27T16:48:17.424Z,20.6,-81,4,-151,0.0
2026-06-27T16:48:17.426Z,20.6,-81,2,-158,0.0
2026-06-27T16:48:17.428Z,20.6,-81,2,-167,0.0
2026-06-27T16:48:17.429Z,20.6,-81,2,-175,0.0
2026-06-27T16:48:17.430Z,20.6,-81,2,-184,0.0
2026-06-27T16:48:17.431Z,20.6,-81,2,-194,0.0
2026-06-27T16:48:17.432Z,20.6,-81,2,-203,0.0
2026-06-27T16:48:17.435Z,20.6,-81,2,-211,0.0
2026-06-27T16:48:17.436Z,20.6,-81,2,-219,0.0
2026-06-27T16:48:17.474Z,20.6,-81,6,-191,0.0
2026-06-27T16:48:17.476Z,21.9,-79,4,-199,0.0
2026-06-27T16:48:17.478Z,21.9,-79,2,-207,0.0
2026-06-27T16:48:17.479Z,20.6,-79,2,-215,0.0
2026-06-27T16:48:17.480Z,20.6,-79,2,-224,0.0
2026-06-27T16:48:17.481Z,21.9,-79,2,-234,0.0
2026-06-27T16:48:17.608Z,20.6,-79,3,-117,0.0
2026-06-27T16:48:17.611Z,20.6,-79,2,-124,0.0
2026-06-27T16:48:17.612Z,20.6,-79,2,-132,0.0
2026-06-27T16:48:17.613Z,20.6,-79,2,-141,0.0
2026-06-27T16:48:17.614Z,21.9,-79,2,-151,0.0
2026-06-27T16:48:17.617Z,21.9,-70,3,-158,0.0
2026-06-27T16:48:17.618Z,21.9,-70,3,-168,0.0
2026-06-27T16:48:17.619Z,21.9,-70,3,-176,0.0
2026-06-27T16:48:17.620Z,20.6,-70,2,-185,0.0
2026-06-27T16:48:17.621Z,20.6,-70,2,-194,0.0
2026-06-27T16:48:17.623Z,20.6,-70,3,-202,0.0
2026-06-27T16:48:17.624Z,20.6,-70,2,-211,0.0
2026-06-27T16:48:17.731Z,20.6,-70,3,-114,0.0
2026-06-27T16:48:17.733Z,20.6,-70,6,-124,0.0
2026-06-27T16:48:17.735Z,21.9,-70,3,-132,0.0
2026-06-27T16:48:17.736Z,20.6,-66,3,-140,0.0
2026-06-27T16:48:17.738Z,20.6,-66,2,-148,0.0
2026-06-27T16:48:17.739Z,21.9,-66,2,-158,0.0
2026-06-27T16:48:17.740Z,20.7,-66,2,-167,0.0
2026-06-27T16:48:17.741Z,20.6,-66,3,-176,0.0
2026-06-27T16:48:17.742Z,20.6,-66,2,-185,0.0
2026-06-27T16:48:17.743Z,20.6,-66,2,-194,0.0
2026-06-27T16:48:17.744Z,20.6,-66,2,-203,0.0
2026-06-27T16:48:17.745Z,20.6,-66,2,-212,0.0
2026-06-27T16:48:17.746Z,21.9,-66,2,-221,0.0
2026-06-27T16:48:17.831Z,20.6,-66,4,-147,0.0
2026-06-27T16:48:17.833Z,20.6,-66,3,-153,0.0
2026-06-27T16:48:17.834Z,20.6,-66,2,-162,0.0
2026-06-27T16:48:17.835Z,20.6,-66,2,-171,0.0
2026-06-27T16:48:17.837Z,20.6,-66,2,-179,0.0
2026-06-27T16:48:17.838Z,20.6,-66,2,-188,0.0
2026-06-27T16:48:17.839Z,20.6,-66,2,-198,0.0
2026-06-27T16:48:17.840Z,20.6,-66,2,-207,0.0
2026-06-27T16:48:17.841Z,20.6,-66,2,-216,0.0
2026-06-27T16:48:17.842Z,20.6,-66,2,-226,0.0
2026-06-27T16:48:17.897Z,20.6,-67,7,-186,0.0
2026-06-27T16:48:17.904Z,20.6,-67,3,-188,0.0
2026-06-27T16:48:17.906Z,20.6,-67,2,-195,0.0
2026-06-27T16:48:17.909Z,21.9,-67,2,-204,0.0
2026-06-27T16:48:17.910Z,20.6,-67,2,-210,0.0
2026-06-27T16:48:18.010Z,20.6,-67,2,-121,0.0
2026-06-27T16:48:18.012Z,21.9,-67,3,-129,0.0
2026-06-27T16:48:18.013Z,20.6,-67,2,-137,0.0
2026-06-27T16:48:18.015Z,20.6,-67,2,-145,0.0
2026-06-27T16:48:18.017Z,20.6,-67,2,-154,0.0
2026-06-27T16:48:18.019Z,21.9,-66,2,-163,0.0
2026-06-27T16:48:18.020Z,20.6,-66,3,-171,0.0
2026-06-27T16:48:18.021Z,20.6,-66,2,-180,0.0
2026-06-27T16:48:18.022Z,20.6,-66,2,-189,0.0
2026-06-27T16:48:18.023Z,21.9,-66,2,-198,0.0
2026-06-27T16:48:18.024Z,20.6,-66,2,-207,0.0
2026-06-27T16:48:18.025Z,20.6,-66,2,-216,0.0
2026-06-27T16:48:18.026Z,20.6,-66,2,-225,0.0
2026-06-27T16:48:18.132Z,20.6,-66,4,-130,0.0
2026-06-27T16:48:18.133Z,20.6,-66,2,-138,0.0
2026-06-27T16:48:18.135Z,20.6,-62,2,-146,0.0
2026-06-27T16:48:18.137Z,20.6,-62,2,-154,0.0
2026-06-27T16:48:18.138Z,20.7,-62,2,-163,0.0
2026-06-27T16:48:18.140Z,20.6,-62,2,-172,0.0
2026-06-27T16:48:18.141Z,20.6,-62,3,-181,0.0
2026-06-27T16:48:18.143Z,20.6,-62,2,-189,0.0
2026-06-27T16:48:18.144Z,20.6,-62,2,-198,0.0
2026-06-27T16:48:18.146Z,20.6,-62,3,-206,0.0
2026-06-27T16:48:18.147Z,20.6,-62,2,-215,0.0
2026-06-27T16:48:18.148Z,20.6,-62,2,-224,0.0
2026-06-27T16:48:18.246Z,20.6,-62,2,-140,0.0
2026-06-27T16:48:18.253Z,20.6,-62,3,-140,0.0
2026-06-27T16:48:18.255Z,20.6,-62,2,-148,0.0
2026-06-27T16:48:18.257Z,20.6,-62,2,-156,0.0
2026-06-27T16:48:18.259Z,20.6,-62,2,-164,0.0
2026-06-27T16:48:18.261Z,20.6,-62,2,-172,0.0
2026-06-27T16:48:18.262Z,20.6,-62,2,-181,0.0
2026-06-27T16:48:18.263Z,20.6,-62,2,-190,0.0
2026-06-27T16:48:18.264Z,20.6,-62,2,-199,0.0
2026-06-27T16:48:18.265Z,20.6,-62,2,-208,0.0
2026-06-27T16:48:18.344Z,20.6,-62,2,-140,0.0
2026-06-27T16:48:18.346Z,20.6,-63,4,-147,0.0
2026-06-27T16:48:18.348Z,20.6,-63,2,-155,0.0
2026-06-27T16:48:18.349Z,20.6,-63,2,-163,0.0
2026-06-27T16:48:18.350Z,20.6,-63,2,-172,0.0
2026-06-27T16:48:18.351Z,20.6,-63,2,-181,0.0
2026-06-27T16:48:18.352Z,20.6,-63,2,-191,0.0
2026-06-27T16:48:18.353Z,20.6,-63,3,-200,0.0
2026-06-27T16:48:18.354Z,20.6,-63,2,-209,0.0
2026-06-27T16:48:18.355Z,20.6,-63,2,-218,0.0
2026-06-27T16:48:18.465Z,20.6,-63,2,-118,0.0
2026-06-27T16:48:18.468Z,20.6,-69,7,-127,0.0
2026-06-27T16:48:18.469Z,20.6,-69,2,-134,0.0
2026-06-27T16:48:18.471Z,20.6,-69,2,-142,0.0
2026-06-27T16:48:18.472Z,20.6,-69,2,-151,0.0
2026-06-27T16:48:18.473Z,20.6,-69,2,-160,0.0
2026-06-27T16:48:18.474Z,20.6,-69,2,-170,0.0
2026-06-27T16:48:18.475Z,20.7,-69,2,-180,0.0
2026-06-27T16:48:18.476Z,20.7,-69,2,-188,0.0
2026-06-27T16:48:18.477Z,20.6,-69,2,-197,0.0
2026-06-27T16:48:18.478Z,20.6,-69,2,-206,0.0
2026-06-27T16:48:18.595Z,20.6,-78,3,-99,0.0
2026-06-27T16:48:18.597Z,20.6,-78,5,-107,0.0
2026-06-27T16:48:18.599Z,20.6,-78,3,-115,0.0
2026-06-27T16:48:18.601Z,20.6,-78,2,-122,0.0
2026-06-27T16:48:18.603Z,20.6,-78,2,-131,0.0
2026-06-27T16:48:18.604Z,20.6,-78,2,-139,0.0
2026-06-27T16:48:18.605Z,20.6,-78,2,-148,0.0
2026-06-27T16:48:18.606Z,20.6,-78,2,-158,0.0
2026-06-27T16:48:18.607Z,20.6,-78,2,-167,0.0
2026-06-27T16:48:18.608Z,20.6,-78,2,-176,0.0
2026-06-27T16:48:18.609Z,20.7,-78,2,-185,0.0
2026-06-27T16:48:18.610Z,20.6,-78,2,-194,0.0
2026-06-27T16:48:18.611Z,20.6,-78,2,-203,0.0
2026-06-27T16:48:18.695Z,20.6,-78,4,-129,0.0
2026-06-27T16:48:18.697Z,20.6,-78,2,-136,0.0
2026-06-27T16:48:18.699Z,20.6,-78,2,-144,0.0
2026-06-27T16:48:18.700Z,20.6,-78,2,-153,0.0
2026-06-27T16:48:18.701Z,20.6,-78,2,-162,0.0
2026-06-27T16:48:18.704Z,20.6,-78,2,-170,0.0
2026-06-27T16:48:18.705Z,20.6,-78,3,-179,0.0
2026-06-27T16:48:18.706Z,20.6,-78,5,-188,0.0
2026-06-27T16:48:18.707Z,20.7,-71,2,-197,0.0
2026-06-27T16:48:18.708Z,20.6,-71,2,-206,0.0
2026-06-27T16:48:18.709Z,20.6,-71,2,-215,0.0
2026-06-27T16:48:18.710Z,20.6,-71,2,-224,0.0
2026-06-27T16:48:18.753Z,20.6,-71,2,-192,0.0
2026-06-27T16:48:18.755Z,20.6,-71,2,-199,0.0
2026-06-27T16:48:18.756Z,20.6,-71,2,-208,0.0
2026-06-27T16:48:18.758Z,20.6,-71,2,-216,0.0
2026-06-27T16:48:18.760Z,20.6,-71,2,-224,0.0
2026-06-27T16:48:18.858Z,21.9,-71,2,-137,0.0
2026-06-27T16:48:18.860Z,20.6,-70,6,-145,0.0
2026-06-27T16:48:18.862Z,20.6,-70,2,-152,0.0
2026-06-27T16:48:18.863Z,20.6,-70,2,-161,0.0
2026-06-27T16:48:18.865Z,20.6,-70,2,-169,0.0
2026-06-27T16:48:18.866Z,20.6,-70,2,-178,0.0
2026-06-27T16:48:18.867Z,20.6,-70,2,-187,0.0
2026-06-27T16:48:18.868Z,20.6,-70,2,-197,0.0
2026-06-27T16:48:18.869Z,20.7,-70,2,-206,0.0
2026-06-27T16:48:18.870Z,20.6,-70,2,-215,0.0
2026-06-27T16:48:18.871Z,20.7,-70,2,-224,0.0
2026-06-27T16:48:18.981Z,20.6,-74,6,-126,0.0
2026-06-27T16:48:18.983Z,20.6,-74,2,-132,0.0
2026-06-27T16:48:18.985Z,20.6,-74,2,-140,0.0
2026-06-27T16:48:18.986Z,20.6,-74,2,-149,0.0
2026-06-27T16:48:18.987Z,20.6,-74,2,-158,0.0
2026-06-27T16:48:18.989Z,20.6,-74,2,-167,0.0
2026-06-27T16:48:18.990Z,20.6,-74,3,-176,0.0
2026-06-27T16:48:18.991Z,20.6,-74,2,-185,0.0
2026-06-27T16:48:18.992Z,20.6,-74,2,-194,0.0
2026-06-27T16:48:18.993Z,20.6,-74,2,-203,0.0
2026-06-27T16:48:18.994Z,20.6,-74,3,-211,0.0
2026-06-27T16:48:18.996Z,20.6,-74,2,-220,0.0
2026-06-27T16:48:19.059Z,20.6,-74,2,-168,0.0
2026-06-27T16:48:19.062Z,20.6,-74,2,-173,0.0
2026-06-27T16:48:19.064Z,20.6,-74,2,-181,0.0
2026-06-27T16:48:19.065Z,20.6,-74,2,-190,0.0
2026-06-27T16:48:19.066Z,20.6,-74,2,-199,0.0
2026-06-27T16:48:19.067Z,20.6,-74,2,-209,0.0
2026-06-27T16:48:19.068Z,20.6,-74,2,-218,0.0
2026-06-27T16:48:19.070Z,20.6,-74,2,-227,0.0
2026-06-27T16:48:19.189Z,20.6,-74,3,-122,0.0
2026-06-27T16:48:19.192Z,20.7,-74,3,-127,0.0
2026-06-27T16:48:19.195Z,20.6,-74,2,-134,0.0
2026-06-27T16:48:19.196Z,20.6,-74,2,-142,0.0
2026-06-27T16:48:19.198Z,20.6,-74,2,-151,0.0
2026-06-27T16:48:19.200Z,20.6,-74,2,-159,0.0
2026-06-27T16:48:19.201Z,20.6,-74,2,-168,0.0
2026-06-27T16:48:19.202Z,20.6,-74,2,-177,0.0
2026-06-27T16:48:19.203Z,20.6,-74,2,-186,0.0
2026-06-27T16:48:19.205Z,20.6,-74,3,-195,0.0
2026-06-27T16:48:19.206Z,20.6,-74,2,-203,0.0
2026-06-27T16:48:19.207Z,20.6,-74,2,-212,0.0
2026-06-27T16:48:19.262Z,20.6,-74,2,-168,0.0
2026-06-27T16:48:19.265Z,20.6,-74,4,-175,0.0
2026-06-27T16:48:19.267Z,20.6,-74,2,-183,0.0
2026-06-27T16:48:19.268Z,20.6,-74,2,-191,0.0
2026-06-27T16:48:19.270Z,20.6,-74,2,-200,0.0
2026-06-27T16:48:19.271Z,20.6,-74,2,-208,0.0
2026-06-27T16:48:19.273Z,20.6,-74,2,-217,0.0
2026-06-27T16:48:19.274Z,20.6,-74,2,-226,0.0
2026-06-27T16:48:19.393Z,20.6,-74,5,-121,0.0
2026-06-27T16:48:19.395Z,20.6,-74,3,-127,0.0
2026-06-27T16:48:19.397Z,20.6,-74,2,-136,0.0
2026-06-27T16:48:19.400Z,20.6,-74,2,-143,0.0
2026-06-27T16:48:19.401Z,20.6,-74,2,-151,0.0
2026-06-27T16:48:19.403Z,20.6,-74,2,-161,0.0
2026-06-27T16:48:19.404Z,20.6,-74,3,-169,0.0
2026-06-27T16:48:19.405Z,20.7,-74,2,-178,0.0
2026-06-27T16:48:19.406Z,20.7,-74,2,-187,0.0
2026-06-27T16:48:19.407Z,20.6,-74,2,-196,0.0
2026-06-27T16:48:19.408Z,20.6,-74,2,-205,0.0
2026-06-27T16:48:19.410Z,20.6,-74,2,-213,0.0
2026-06-27T16:48:19.470Z,20.7,-74,2,-163,0.0
2026-06-27T16:48:19.473Z,20.6,-74,4,-171,0.0
2026-06-27T16:48:19.474Z,20.6,-74,4,-179,0.0
2026-06-27T16:48:19.475Z,20.6,-74,2,-187,0.0
2026-06-27T16:48:19.477Z,20.7,-74,2,-195,0.0
2026-06-27T16:48:19.478Z,20.6,-74,2,-204,0.0
2026-06-27T16:48:19.479Z,20.6,-74,2,-213,0.0
2026-06-27T16:48:19.480Z,20.6,-74,3,-223,0.0
2026-06-27T16:48:19.571Z,20.6,-74,5,-143,0.0
2026-06-27T16:48:19.575Z,20.6,-70,3,-148,0.0
2026-06-27T16:48:19.577Z,20.6,-70,2,-156,0.0
2026-06-27T16:48:19.580Z,20.6,-70,2,-162,0.0
2026-06-27T16:48:19.582Z,20.6,-70,2,-171,0.0
2026-06-27T16:48:19.583Z,20.6,-70,2,-179,0.0
2026-06-27T16:48:19.584Z,20.6,-70,2,-190,0.0
2026-06-27T16:48:19.585Z,20.6,-70,2,-198,0.0
2026-06-27T16:48:19.587Z,20.6,-70,2,-206,0.0
2026-06-27T16:48:19.588Z,20.6,-70,2,-215,0.0
2026-06-27T16:48:19.679Z,20.6,-70,2,-134,0.0
2026-06-27T16:48:19.681Z,20.6,-73,5,-142,0.0
2026-06-27T16:48:19.684Z,20.6,-73,2,-148,0.0
2026-06-27T16:48:19.685Z,20.6,-73,2,-157,0.0
2026-06-27T16:48:19.686Z,20.6,-73,2,-166,0.0
2026-06-27T16:48:19.687Z,20.6,-73,2,-175,0.0
2026-06-27T16:48:19.689Z,20.6,-73,2,-186,0.0
2026-06-27T16:48:19.690Z,20.6,-73,3,-193,0.0
2026-06-27T16:48:19.691Z,20.6,-73,2,-202,0.0
2026-06-27T16:48:19.694Z,20.6,-73,2,-211,0.0
2026-06-27T16:48:19.695Z,20.6,-73,2,-218,0.0
2026-06-27T16:48:19.803Z,20.6,-78,3,-120,0.0
2026-06-27T16:48:19.806Z,20.6,-78,3,-126,0.0
2026-06-27T16:48:19.807Z,20.6,-78,2,-135,0.0
2026-06-27T16:48:19.808Z,20.7,-78,2,-144,0.0
2026-06-27T16:48:19.809Z,20.6,-78,2,-153,0.0
2026-06-27T16:48:19.811Z,20.6,-78,2,-162,0.0
2026-06-27T16:48:19.812Z,20.6,-78,3,-171,0.0
2026-06-27T16:48:19.813Z,20.6,-78,2,-180,0.0
2026-06-27T16:48:19.814Z,20.7,-78,2,-189,0.0
2026-06-27T16:48:19.815Z,20.6,-78,2,-198,0.0
2026-06-27T16:48:19.816Z,20.6,-78,2,-207,0.0
2026-06-27T16:48:19.817Z,20.6,-78,2,-216,0.0
2026-06-27T16:48:19.818Z,20.6,-78,2,-225,0.0
2026-06-27T16:48:19.861Z,20.6,-78,4,-195,0.0
2026-06-27T16:48:19.866Z,20.7,-78,3,-197,0.0
2026-06-27T16:48:19.869Z,20.6,-78,2,-205,0.0
2026-06-27T16:48:19.871Z,20.6,-78,2,-212,0.0
2026-06-27T16:48:19.873Z,20.6,-78,2,-220,0.0
2026-06-27T16:48:19.983Z,20.6,-78,2,-123,0.0
2026-06-27T16:48:19.990Z,20.6,-78,3,-125,0.0
2026-06-27T16:48:19.998Z,20.6,-78,4,-127,0.0
2026-06-27T16:48:20.001Z,20.6,-67,2,-133,0.0
2026-06-27T16:48:20.003Z,20.6,-67,2,-140,0.0
2026-06-27T16:48:20.006Z,20.6,-67,2,-148,0.0
2026-06-27T16:48:20.008Z,20.6,-67,3,-156,0.0
2026-06-27T16:48:20.009Z,20.6,-67,2,-164,0.0
2026-06-27T16:48:20.010Z,20.6,-67,2,-173,0.0
2026-06-27T16:48:20.011Z,20.7,-67,2,-182,0.0
2026-06-27T16:48:20.012Z,20.6,-67,2,-191,0.0
2026-06-27T16:48:20.014Z,20.6,-67,2,-199,0.0
2026-06-27T16:48:20.082Z,20.6,-67,2,-142,0.0
2026-06-27T16:48:20.084Z,20.6,-68,4,-149,0.0
2026-06-27T16:48:20.086Z,20.6,-68,2,-157,0.0
2026-06-27T16:48:20.088Z,20.6,-68,2,-164,0.0
2026-06-27T16:48:20.089Z,20.6,-68,2,-173,0.0
2026-06-27T16:48:20.090Z,20.6,-68,2,-182,0.0
2026-06-27T16:48:20.091Z,20.7,-68,2,-192,0.0
2026-06-27T16:48:20.093Z,20.6,-68,3,-200,0.0
2026-06-27T16:48:20.094Z,20.6,-68,2,-209,0.0
2026-06-27T16:48:20.095Z,20.6,-68,2,-218,0.0
2026-06-27T16:48:20.096Z,20.6,-68,2,-227,0.0
2026-06-27T16:48:20.140Z,20.6,-69,6,-194,0.0
2026-06-27T16:48:20.141Z,20.6,-69,2,-201,0.0
2026-06-27T16:48:20.143Z,20.6,-69,2,-209,0.0
2026-06-27T16:48:20.144Z,20.6,-69,2,-218,0.0
2026-06-27T16:48:20.146Z,20.7,-69,2,-226,0.0
2026-06-27T16:48:20.262Z,20.6,-69,2,-121,0.0
2026-06-27T16:48:20.264Z,20.6,-69,3,-129,0.0
2026-06-27T16:48:20.265Z,20.6,-69,2,-137,0.0
2026-06-27T16:48:20.266Z,20.6,-69,2,-146,0.0
2026-06-27T16:48:20.269Z,20.6,-69,2,-154,0.0
2026-06-27T16:48:20.271Z,20.6,-74,2,-162,0.0
2026-06-27T16:48:20.272Z,20.6,-74,3,-171,0.0
2026-06-27T16:48:20.273Z,20.6,-74,2,-180,0.0
2026-06-27T16:48:20.274Z,20.6,-74,2,-189,0.0
2026-06-27T16:48:20.275Z,20.7,-74,2,-198,0.0
2026-06-27T16:48:20.276Z,20.7,-74,2,-207,0.0
2026-06-27T16:48:20.277Z,20.6,-74,2,-216,0.0
2026-06-27T16:48:20.278Z,20.6,-74,2,-225,0.0
2026-06-27T16:48:20.395Z,20.6,-74,4,-118,0.0
2026-06-27T16:48:20.397Z,20.7,-74,2,-127,0.0
2026-06-27T16:48:20.399Z,20.6,-74,4,-134,0.0
2026-06-27T16:48:20.400Z,20.6,-63,2,-142,0.0
2026-06-27T16:48:20.402Z,20.7,-63,2,-150,0.0
2026-06-27T16:48:20.403Z,20.6,-63,2,-160,0.0
2026-06-27T16:48:20.404Z,20.6,-63,3,-169,0.0
2026-06-27T16:48:20.405Z,20.6,-63,2,-178,0.0
2026-06-27T16:48:20.406Z,20.6,-63,2,-187,0.0
2026-06-27T16:48:20.407Z,20.6,-63,3,-196,0.0
2026-06-27T16:48:20.408Z,20.6,-63,2,-205,0.0
2026-06-27T16:48:20.409Z,20.6,-63,2,-213,0.0
2026-06-27T16:48:20.510Z,20.6,-63,2,-129,0.0
2026-06-27T16:48:20.515Z,20.6,-67,3,-132,0.0
2026-06-27T16:48:20.518Z,20.7,-67,2,-139,0.0
2026-06-27T16:48:20.520Z,20.6,-67,2,-147,0.0
2026-06-27T16:48:20.521Z,20.6,-67,2,-155,0.0
2026-06-27T16:48:20.523Z,20.6,-67,2,-165,0.0
2026-06-27T16:48:20.525Z,20.6,-67,2,-173,0.0
2026-06-27T16:48:20.526Z,20.6,-67,3,-181,0.0
2026-06-27T16:48:20.527Z,20.6,-67,2,-190,0.0
2026-06-27T16:48:20.528Z,20.6,-67,2,-199,0.0
2026-06-27T16:48:20.529Z,20.6,-67,6,-208,0.0
2026-06-27T16:48:20.600Z,20.6,-65,2,-151,0.0
2026-06-27T16:48:20.609Z,20.6,-65,3,-151,0.0
2026-06-27T16:48:20.613Z,20.6,-65,2,-156,0.0
2026-06-27T16:48:20.616Z,20.6,-65,2,-162,0.0
2026-06-27T16:48:20.618Z,20.6,-65,2,-169,0.0
2026-06-27T16:48:20.620Z,20.6,-65,2,-177,0.0
2026-06-27T16:48:20.622Z,20.6,-65,2,-185,0.0
2026-06-27T16:48:20.624Z,20.6,-65,3,-194,0.0
2026-06-27T16:48:20.626Z,20.6,-65,2,-202,0.0
2026-06-27T16:48:20.627Z,20.6,-65,2,-210,0.0
2026-06-27T16:48:20.702Z,20.6,-69,6,-147,0.0
2026-06-27T16:48:20.705Z,20.6,-69,2,-152,0.0
2026-06-27T16:48:20.710Z,20.6,-69,2,-158,0.0
2026-06-27T16:48:20.712Z,20.6,-69,2,-164,0.0
2026-06-27T16:48:20.714Z,20.6,-69,2,-172,0.0
2026-06-27T16:48:20.716Z,20.6,-69,2,-181,0.0
2026-06-27T16:48:20.718Z,20.6,-69,3,-190,0.0
2026-06-27T16:48:20.719Z,20.6,-69,2,-198,0.0
2026-06-27T16:48:20.721Z,20.7,-69,2,-206,0.0
2026-06-27T16:48:20.722Z,20.6,-69,2,-215,0.0
2026-06-27T16:48:20.824Z,20.6,-70,7,-124,0.0
2026-06-27T16:48:20.825Z,20.6,-70,2,-132,0.0
2026-06-27T16:48:20.828Z,20.6,-70,2,-139,0.0
2026-06-27T16:48:20.829Z,20.6,-70,2,-148,0.0
2026-06-27T16:48:20.831Z,20.6,-70,2,-156,0.0
2026-06-27T16:48:20.832Z,20.6,-70,2,-166,0.0
2026-06-27T16:48:20.833Z,20.6,-70,2,-175,0.0
2026-06-27T16:48:20.834Z,20.6,-70,2,-184,0.0
2026-06-27T16:48:20.835Z,20.6,-70,2,-193,0.0
2026-06-27T16:48:20.836Z,20.6,-70,2,-202,0.0
2026-06-27T16:48:20.838Z,20.6,-70,3,-210,0.0
2026-06-27T16:48:20.840Z,20.6,-70,2,-218,0.0
2026-06-27T16:48:20.904Z,20.6,-70,2,-166,0.0
2026-06-27T16:48:20.914Z,20.7,-70,2,-165,0.0
2026-06-27T16:48:20.918Z,20.6,-70,2,-172,0.0
2026-06-27T16:48:20.920Z,20.7,-70,2,-178,0.0
2026-06-27T16:48:20.921Z,20.6,-70,2,-186,0.0
2026-06-27T16:48:20.922Z,20.6,-70,2,-196,0.0
2026-06-27T16:48:20.923Z,20.6,-70,2,-205,0.0
2026-06-27T16:48:20.924Z,20.6,-70,2,-214,0.0
2026-06-27T16:48:21.030Z,20.6,-70,6,-123,0.0
2026-06-27T16:48:21.031Z,20.6,-70,2,-129,0.0
2026-06-27T16:48:21.034Z,20.7,-70,2,-137,0.0
2026-06-27T16:48:21.036Z,20.6,-70,2,-145,0.0
2026-06-27T16:48:21.039Z,20.6,-70,2,-152,0.0
2026-06-27T16:48:21.040Z,20.7,-70,2,-161,0.0
2026-06-27T16:48:21.041Z,20.8,-70,2,-170,0.0
2026-06-27T16:48:21.042Z,20.6,-70,2,-179,0.0
2026-06-27T16:48:21.043Z,20.6,-70,2,-188,0.0
2026-06-27T16:48:21.044Z,20.6,-70,2,-197,0.0
2026-06-27T16:48:21.046Z,20.6,-70,2,-206,0.0
2026-06-27T16:48:21.047Z,20.6,-70,2,-214,0.0
2026-06-27T16:48:21.106Z,20.6,-70,2,-165,0.0
2026-06-27T16:48:21.108Z,20.6,-70,4,-173,0.0
2026-06-27T16:48:21.109Z,20.6,-70,3,-181,0.0
2026-06-27T16:48:21.111Z,20.8,-70,2,-189,0.0
2026-06-27T16:48:21.112Z,20.6,-70,2,-198,0.0
2026-06-27T16:48:21.113Z,20.6,-70,2,-207,0.0
2026-06-27T16:48:21.114Z,20.6,-70,2,-216,0.0
2026-06-27T16:48:21.115Z,20.6,-70,2,-226,0.0
2026-06-27T16:48:21.211Z,20.6,-70,3,-141,0.0
2026-06-27T16:48:21.213Z,20.6,-68,2,-148,0.0
2026-06-27T16:48:21.214Z,20.6,-68,2,-156,0.0
2026-06-27T16:48:21.217Z,20.6,-68,2,-163,0.0
2026-06-27T16:48:21.218Z,20.6,-68,2,-172,0.0
2026-06-27T16:48:21.219Z,20.6,-68,2,-181,0.0
2026-06-27T16:48:21.220Z,20.6,-68,3,-191,0.0
2026-06-27T16:48:21.221Z,20.6,-68,2,-200,0.0
2026-06-27T16:48:21.222Z,20.6,-68,2,-208,0.0
2026-06-27T16:48:21.223Z,20.6,-68,2,-217,0.0
2026-06-27T16:48:21.313Z,20.6,-68,2,-138,0.0
2026-06-27T16:48:21.315Z,20.6,-67,6,-146,0.0
2026-06-27T16:48:21.317Z,20.7,-67,2,-153,0.0
2026-06-27T16:48:21.319Z,20.6,-67,2,-161,0.0
2026-06-27T16:48:21.320Z,20.6,-67,2,-170,0.0
2026-06-27T16:48:21.321Z,20.6,-67,2,-179,0.0
2026-06-27T16:48:21.322Z,20.6,-67,2,-189,0.0
2026-06-27T16:48:21.323Z,20.6,-67,2,-197,0.0
2026-06-27T16:48:21.324Z,20.6,-67,2,-206,0.0
2026-06-27T16:48:21.326Z,20.7,-67,2,-215,0.0
2026-06-27T16:48:21.327Z,20.6,-67,2,-224,0.0
2026-06-27T16:48:21.440Z,20.6,-68,7,-122,0.0
2026-06-27T16:48:21.442Z,20.6,-68,2,-129,0.0
2026-06-27T16:48:21.443Z,20.6,-68,2,-138,0.0
2026-06-27T16:48:21.444Z,20.6,-68,2,-147,0.0
2026-06-27T16:48:21.445Z,20.6,-68,2,-156,0.0
2026-06-27T16:48:21.447Z,20.6,-68,2,-164,0.0
2026-06-27T16:48:21.448Z,20.6,-68,2,-174,0.0
2026-06-27T16:48:21.449Z,20.6,-68,2,-183,0.0
2026-06-27T16:48:21.450Z,20.6,-68,2,-192,0.0
2026-06-27T16:48:21.451Z,20.6,-68,2,-201,0.0
2026-06-27T16:48:21.452Z,20.6,-68,2,-210,0.0
2026-06-27T16:48:21.453Z,20.7,-68,2,-219,0.0
2026-06-27T16:48:21.493Z,20.6,-68,2,-189,0.0
2026-06-27T16:48:21.495Z,20.6,-68,4,-198,0.0
2026-06-27T16:48:21.496Z,20.6,-68,3,-206,0.0
2026-06-27T16:48:21.499Z,20.6,-68,2,-214,0.0
2026-06-27T16:48:21.500Z,20.6,-68,2,-222,0.0
2026-06-27T16:48:21.501Z,20.6,-68,2,-231,0.0
2026-06-27T16:48:21.623Z,20.6,-68,2,-120,0.0
2026-06-27T16:48:21.626Z,20.6,-68,3,-127,0.0
2026-06-27T16:48:21.627Z,20.7,-68,4,-136,0.0
2026-06-27T16:48:21.629Z,20.6,-70,2,-143,0.0
2026-06-27T16:48:21.630Z,20.6,-70,2,-152,0.0
2026-06-27T16:48:21.631Z,20.7,-70,2,-162,0.0
2026-06-27T16:48:21.632Z,20.6,-70,2,-171,0.0
2026-06-27T16:48:21.633Z,20.6,-70,2,-180,0.0
2026-06-27T16:48:21.634Z,20.6,-70,2,-189,0.0
2026-06-27T16:48:21.635Z,20.6,-70,2,-198,0.0
2026-06-27T16:48:21.636Z,20.6,-70,2,-207,0.0
2026-06-27T16:48:21.638Z,20.6,-70,2,-215,0.0
2026-06-27T16:48:21.639Z,20.6,-70,2,-224,0.0
2026-06-27T16:48:21.724Z,20.6,-70,4,-149,0.0
2026-06-27T16:48:21.725Z,20.6,-70,2,-157,0.0
2026-06-27T16:48:21.728Z,20.6,-70,2,-165,0.0
2026-06-27T16:48:21.729Z,20.6,-70,2,-173,0.0
2026-06-27T16:48:21.730Z,20.6,-70,2,-182,0.0
2026-06-27T16:48:21.731Z,20.6,-70,2,-191,0.0
2026-06-27T16:48:21.732Z,20.7,-70,2,-201,0.0
2026-06-27T16:48:21.734Z,20.6,-70,2,-209,0.0
2026-06-27T16:48:21.736Z,20.6,-70,2,-217,0.0
2026-06-27T16:48:21.737Z,20.6,-70,2,-226,0.0
2026-06-27T16:48:21.778Z,20.6,-71,6,-197,0.0
2026-06-27T16:48:21.779Z,20.6,-71,2,-204,0.0
2026-06-27T16:48:21.782Z,20.6,-71,2,-211,0.0
2026-06-27T16:48:21.783Z,20.6,-71,2,-220,0.0
2026-06-27T16:48:21.785Z,20.6,-71,2,-228,0.0
2026-06-27T16:48:21.918Z,20.6,-71,2,-107,0.0
2026-06-27T16:48:21.920Z,20.6,-71,3,-113,0.0
2026-06-27T16:48:21.921Z,20.7,-71,2,-122,0.0
2026-06-27T16:48:21.922Z,20.6,-71,2,-131,0.0
2026-06-27T16:48:21.925Z,20.6,-71,2,-139,0.0
2026-06-27T16:48:21.926Z,20.6,-77,3,-148,0.0
2026-06-27T16:48:21.927Z,20.6,-77,2,-158,0.0
2026-06-27T16:48:21.928Z,20.6,-77,2,-166,0.0
2026-06-27T16:48:21.929Z,20.6,-77,2,-175,0.0
2026-06-27T16:48:21.931Z,20.7,-77,2,-183,0.0
2026-06-27T16:48:21.932Z,20.6,-77,2,-192,0.0
2026-06-27T16:48:21.933Z,20.6,-77,2,-201,0.0
2026-06-27T16:48:21.934Z,20.7,-77,2,-210,0.0
2026-06-27T16:48:22.027Z,20.6,-77,4,-128,0.0
2026-06-27T16:48:22.028Z,20.6,-77,2,-136,0.0
2026-06-27T16:48:22.030Z,20.6,-77,2,-143,0.0
2026-06-27T16:48:22.031Z,20.6,-77,3,-153,0.0
2026-06-27T16:48:22.033Z,20.6,-77,2,-160,0.0
2026-06-27T16:48:22.035Z,20.6,-77,2,-168,0.0
2026-06-27T16:48:22.036Z,20.6,-77,2,-177,0.0
2026-06-27T16:48:22.038Z,20.7,-77,2,-185,0.0
2026-06-27T16:48:22.039Z,20.6,-77,4,-195,0.0
2026-06-27T16:48:22.040Z,20.7,-77,2,-204,0.0
2026-06-27T16:48:22.041Z,20.6,-77,2,-213,0.0
2026-06-27T16:48:22.042Z,20.6,-77,2,-222,0.0
2026-06-27T16:48:22.134Z,20.6,-77,2,-140,0.0
2026-06-27T16:48:22.135Z,20.6,-77,2,-148,0.0
2026-06-27T16:48:22.136Z,20.6,-77,2,-157,0.0
2026-06-27T16:48:22.139Z,20.6,-77,2,-165,0.0
2026-06-27T16:48:22.140Z,20.6,-77,2,-173,0.0
2026-06-27T16:48:22.142Z,20.6,-77,2,-181,0.0
2026-06-27T16:48:22.144Z,20.6,-77,3,-190,0.0
2026-06-27T16:48:22.145Z,20.6,-77,2,-199,0.0
2026-06-27T16:48:22.146Z,20.6,-77,2,-208,0.0
2026-06-27T16:48:22.147Z,20.7,-77,2,-217,0.0
2026-06-27T16:48:22.259Z,20.6,-77,2,-116,0.0
2026-06-27T16:48:22.262Z,20.6,-79,3,-122,0.0
2026-06-27T16:48:22.263Z,20.6,-79,2,-130,0.0
2026-06-27T16:48:22.266Z,20.6,-79,2,-138,0.0
2026-06-27T16:48:22.267Z,20.6,-79,2,-146,0.0
2026-06-27T16:48:22.268Z,20.6,-79,2,-155,0.0
2026-06-27T16:48:22.269Z,20.6,-79,2,-165,0.0
2026-06-27T16:48:22.270Z,20.8,-79,2,-173,0.0
2026-06-27T16:48:22.272Z,20.6,-79,2,-182,0.0
2026-06-27T16:48:22.273Z,20.6,-79,2,-191,0.0
2026-06-27T16:48:22.274Z,20.6,-79,2,-200,0.0
2026-06-27T16:48:22.275Z,20.7,-79,2,-209,0.0
2026-06-27T16:48:22.276Z,20.6,-79,2,-218,0.0
2026-06-27T16:48:22.408Z,20.6,-79,4,-97,0.0
2026-06-27T16:48:22.410Z,20.7,-79,2,-104,0.0
2026-06-27T16:48:22.414Z,20.7,-79,2,-110,0.0
2026-06-27T16:48:22.416Z,21.9,-79,2,-119,0.0
2026-06-27T16:48:22.417Z,20.6,-79,2,-126,0.0
2026-06-27T16:48:22.418Z,21.9,-79,2,-136,0.0
2026-06-27T16:48:22.420Z,20.6,-79,2,-144,0.0
2026-06-27T16:48:22.421Z,20.7,-79,3,-153,0.0
2026-06-27T16:48:22.422Z,20.6,-84,3,-161,0.0
2026-06-27T16:48:22.423Z,21.9,-84,2,-171,0.0
2026-06-27T16:48:22.424Z,21.9,-84,2,-180,0.0
2026-06-27T16:48:22.425Z,21.9,-84,2,-189,0.0
2026-06-27T16:48:22.539Z,20.6,-84,2,-88,0.0
2026-06-27T16:48:22.542Z,20.6,-84,33,-120,0.0
2026-06-27T16:48:22.543Z,20.6,-84,3,-128,0.0
2026-06-27T16:48:22.544Z,20.6,-84,2,-138,0.0
2026-06-27T16:48:22.546Z,20.6,-81,2,-145,0.0
2026-06-27T16:48:22.547Z,20.7,-81,2,-155,0.0
2026-06-27T16:48:22.548Z,20.6,-81,2,-163,0.0
2026-06-27T16:48:22.549Z,20.6,-81,2,-173,0.0
2026-06-27T16:48:22.550Z,20.6,-81,2,-182,0.0
2026-06-27T16:48:22.551Z,20.6,-81,2,-191,0.0
2026-06-27T16:48:22.552Z,20.6,-81,2,-200,0.0
2026-06-27T16:48:22.553Z,20.6,-81,2,-209,0.0
2026-06-27T16:48:22.554Z,20.6,-81,2,-218,0.0
2026-06-27T16:48:22.646Z,20.6,-81,10,-141,0.0
2026-06-27T16:48:22.648Z,20.6,-78,2,-148,0.0
2026-06-27T16:48:22.650Z,20.6,-78,2,-156,0.0
2026-06-27T16:48:22.651Z,20.6,-78,2,-165,0.0
2026-06-27T16:48:22.652Z,21.9,-78,2,-175,0.0
2026-06-27T16:48:22.655Z,20.6,-78,2,-182,0.0
2026-06-27T16:48:22.656Z,20.6,-78,3,-191,0.0
2026-06-27T16:48:22.657Z,20.6,-78,2,-200,0.0
2026-06-27T16:48:22.659Z,20.6,-78,3,-208,0.0
2026-06-27T16:48:22.660Z,20.6,-78,2,-217,0.0
2026-06-27T16:48:22.746Z,20.6,-78,5,-141,0.0
2026-06-27T16:48:22.749Z,20.6,-79,3,-149,0.0
2026-06-27T16:48:22.750Z,20.6,-79,2,-156,0.0
2026-06-27T16:48:22.752Z,20.6,-79,2,-165,0.0
2026-06-27T16:48:22.754Z,20.6,-79,2,-172,0.0
2026-06-27T16:48:22.755Z,20.6,-79,2,-181,0.0
2026-06-27T16:48:22.756Z,20.6,-79,2,-191,0.0
2026-06-27T16:48:22.758Z,20.7,-79,3,-199,0.0
2026-06-27T16:48:22.759Z,20.6,-79,2,-208,0.0
2026-06-27T16:48:22.760Z,20.7,-79,2,-217,0.0
2026-06-27T16:48:22.800Z,20.6,-79,2,-187,0.0
2026-06-27T16:48:22.802Z,20.6,-81,5,-195,0.0
2026-06-27T16:48:22.803Z,20.6,-81,2,-203,0.0
2026-06-27T16:48:22.805Z,20.6,-81,2,-211,0.0
2026-06-27T16:48:22.806Z,20.6,-81,2,-220,0.0
2026-06-27T16:48:22.807Z,20.6,-81,2,-229,0.0
2026-06-27T16:48:22.927Z,21.9,-81,2,-120,0.0
2026-06-27T16:48:22.929Z,20.6,-81,3,-128,0.0
2026-06-27T16:48:22.931Z,20.6,-81,2,-135,0.0
2026-06-27T16:48:22.933Z,20.6,-81,2,-143,0.0
2026-06-27T16:48:22.935Z,20.6,-81,2,-152,0.0
2026-06-27T16:48:22.936Z,20.6,-78,3,-160,0.0
2026-06-27T16:48:22.937Z,20.7,-78,4,-171,0.0
2026-06-27T16:48:22.938Z,20.6,-78,2,-179,0.0
2026-06-27T16:48:22.939Z,20.6,-78,2,-188,0.0
2026-06-27T16:48:22.940Z,20.6,-78,2,-196,0.0
2026-06-27T16:48:22.942Z,20.6,-78,2,-205,0.0
2026-06-27T16:48:22.943Z,20.6,-78,2,-214,0.0
2026-06-27T16:48:22.944Z,20.6,-78,2,-223,0.0
2026-06-27T16:48:23.048Z,20.6,-78,4,-130,0.0
2026-06-27T16:48:23.050Z,20.6,-78,2,-139,0.0
2026-06-27T16:48:23.054Z,20.6,-78,2,-144,0.0
2026-06-27T16:48:23.056Z,20.6,-78,2,-151,0.0
2026-06-27T16:48:23.057Z,20.6,-78,2,-159,0.0
2026-06-27T16:48:23.058Z,20.6,-78,2,-169,0.0
2026-06-27T16:48:23.060Z,20.6,-78,2,-178,0.0
2026-06-27T16:48:23.061Z,20.6,-78,2,-186,0.0
2026-06-27T16:48:23.062Z,20.7,-78,2,-195,0.0
2026-06-27T16:48:23.063Z,20.6,-78,2,-204,0.0
2026-06-27T16:48:23.065Z,20.7,-78,2,-213,0.0
2026-06-27T16:48:23.066Z,20.7,-78,2,-221,0.0
2026-06-27T16:48:23.154Z,20.6,-78,2,-144,0.0
2026-06-27T16:48:23.155Z,20.6,-78,2,-152,0.0
2026-06-27T16:48:23.157Z,20.6,-78,2,-159,0.0
2026-06-27T16:48:23.158Z,20.6,-78,2,-168,0.0
2026-06-27T16:48:23.160Z,20.6,-78,2,-176,0.0
2026-06-27T16:48:23.161Z,20.6,-78,2,-186,0.0
2026-06-27T16:48:23.163Z,20.6,-78,2,-194,0.0
2026-06-27T16:48:23.164Z,20.6,-78,2,-203,0.0
2026-06-27T16:48:23.166Z,20.6,-78,2,-211,0.0
2026-06-27T16:48:23.167Z,20.6,-78,2,-220,0.0
2026-06-27T16:48:23.275Z,20.6,-78,3,-123,0.0
2026-06-27T16:48:23.277Z,20.7,-70,5,-130,0.0
2026-06-27T16:48:23.279Z,20.6,-70,2,-137,0.0
2026-06-27T16:48:23.280Z,20.6,-70,2,-146,0.0
2026-06-27T16:48:23.281Z,20.6,-70,2,-155,0.0
2026-06-27T16:48:23.282Z,20.6,-70,2,-164,0.0
2026-06-27T16:48:23.284Z,20.6,-70,2,-174,0.0
2026-06-27T16:48:23.285Z,20.6,-70,3,-182,0.0
2026-06-27T16:48:23.286Z,20.6,-70,2,-191,0.0
2026-06-27T16:48:23.287Z,20.6,-70,2,-200,0.0
2026-06-27T16:48:23.288Z,20.6,-70,2,-209,0.0
2026-06-27T16:48:23.289Z,20.7,-70,2,-218,0.0
2026-06-27T16:48:23.290Z,20.6,-70,2,-227,0.0
2026-06-27T16:48:23.328Z,20.6,-70,5,-199,0.0
2026-06-27T16:48:23.329Z,20.6,-70,2,-207,0.0
2026-06-27T16:48:23.331Z,20.6,-70,2,-215,0.0
2026-06-27T16:48:23.332Z,20.6,-70,2,-224,0.0
2026-06-27T16:48:23.333Z,20.6,-70,2,-233,0.0
2026-06-27T16:48:23.456Z,20.6,-70,2,-122,0.0
2026-06-27T16:48:23.458Z,20.6,-70,3,-128,0.0
2026-06-27T16:48:23.459Z,20.6,-70,2,-139,0.0
2026-06-27T16:48:23.460Z,20.7,-78,3,-146,0.0
2026-06-27T16:48:23.463Z,20.6,-78,2,-154,0.0
2026-06-27T16:48:23.465Z,20.6,-78,2,-163,0.0
2026-06-27T16:48:23.466Z,20.6,-78,3,-171,0.0
2026-06-27T16:48:23.467Z,20.7,-78,2,-180,0.0
2026-06-27T16:48:23.468Z,20.6,-78,2,-189,0.0
2026-06-27T16:48:23.469Z,20.6,-78,2,-198,0.0
2026-06-27T16:48:23.470Z,20.6,-78,2,-207,0.0
2026-06-27T16:48:23.471Z,20.6,-78,2,-216,0.0
2026-06-27T16:48:23.472Z,20.6,-78,2,-225,0.0
2026-06-27T16:48:23.515Z,20.6,-78,4,-192,0.0
2026-06-27T16:48:23.517Z,20.6,-78,2,-199,0.0
2026-06-27T16:48:23.519Z,20.6,-78,2,-207,0.0
2026-06-27T16:48:23.520Z,20.6,-78,2,-216,0.0
2026-06-27T16:48:23.521Z,20.6,-78,2,-225,0.0
2026-06-27T16:48:23.641Z,20.6,-78,2,-117,0.0
2026-06-27T16:48:23.643Z,20.6,-78,5,-125,0.0
2026-06-27T16:48:23.645Z,20.6,-78,2,-132,0.0
2026-06-27T16:48:23.646Z,20.6,-78,2,-141,0.0
2026-06-27T16:48:23.648Z,20.6,-78,2,-150,0.0
2026-06-27T16:48:23.649Z,20.6,-78,2,-159,0.0
2026-06-27T16:48:23.650Z,20.6,-83,2,-168,0.0
2026-06-27T16:48:23.651Z,20.7,-83,2,-178,0.0
2026-06-27T16:48:23.652Z,20.6,-83,2,-186,0.0
2026-06-27T16:48:23.653Z,20.6,-83,2,-195,0.0
2026-06-27T16:48:23.654Z,20.6,-83,2,-204,0.0
2026-06-27T16:48:23.655Z,20.6,-83,2,-213,0.0
2026-06-27T16:48:23.656Z,20.6,-83,2,-222,0.0
2026-06-27T16:48:23.766Z,20.6,-83,4,-122,0.0
2026-06-27T16:48:23.769Z,20.6,-83,2,-128,0.0
2026-06-27T16:48:23.770Z,20.6,-83,2,-138,0.0
2026-06-27T16:48:23.772Z,20.6,-72,3,-145,0.0
2026-06-27T16:48:23.773Z,20.6,-72,2,-154,0.0
2026-06-27T16:48:23.774Z,20.6,-72,2,-164,0.0
2026-06-27T16:48:23.776Z,20.6,-72,3,-172,0.0
2026-06-27T16:48:23.777Z,20.6,-72,2,-181,0.0
2026-06-27T16:48:23.778Z,20.6,-72,2,-190,0.0
2026-06-27T16:48:23.779Z,20.6,-72,2,-199,0.0
2026-06-27T16:48:23.780Z,20.6,-72,2,-208,0.0
2026-06-27T16:48:23.781Z,20.6,-72,2,-217,0.0
2026-06-27T16:48:23.892Z,20.6,-72,2,-118,0.0
2026-06-27T16:48:23.893Z,20.6,-79,3,-125,0.0
2026-06-27T16:48:23.896Z,20.6,-79,2,-131,0.0
2026-06-27T16:48:23.897Z,20.6,-79,2,-140,0.0
2026-06-27T16:48:23.899Z,20.6,-79,2,-149,0.0
2026-06-27T16:48:23.900Z,20.6,-79,2,-157,0.0
2026-06-27T16:48:23.902Z,20.6,-79,3,-167,0.0
2026-06-27T16:48:23.903Z,20.6,-79,2,-175,0.0
2026-06-27T16:48:23.905Z,20.6,-79,2,-183,0.0
2026-06-27T16:48:23.906Z,20.6,-79,2,-192,0.0
2026-06-27T16:48:23.907Z,20.6,-79,3,-201,0.0
2026-06-27T16:48:23.908Z,20.6,-79,2,-210,0.0
2026-06-27T16:48:23.909Z,20.6,-79,2,-219,0.0
2026-06-27T16:48:23.978Z,20.6,-79,12,-167,0.0
2026-06-27T16:48:23.979Z,20.6,-79,2,-175,0.0
2026-06-27T16:48:23.981Z,20.6,-79,2,-184,0.0
2026-06-27T16:48:23.983Z,20.6,-79,2,-191,0.0
2026-06-27T16:48:23.984Z,20.6,-79,2,-200,0.0
2026-06-27T16:48:23.985Z,20.6,-79,2,-209,0.0
2026-06-27T16:48:23.986Z,20.6,-79,2,-219,0.0
2026-06-27T16:48:23.988Z,20.7,-79,3,-228,0.0
2026-06-27T16:48:24.094Z,20.6,-77,6,-131,0.0
2026-06-27T16:48:24.097Z,20.6,-77,2,-138,0.0
2026-06-27T16:48:24.100Z,20.6,-77,2,-145,0.0
2026-06-27T16:48:24.101Z,20.6,-77,2,-153,0.0
2026-06-27T16:48:24.102Z,20.7,-77,2,-162,0.0
2026-06-27T16:48:24.103Z,20.6,-77,2,-172,0.0
2026-06-27T16:48:24.104Z,20.6,-77,3,-181,0.0
2026-06-27T16:48:24.105Z,20.6,-77,2,-190,0.0
2026-06-27T16:48:24.107Z,20.6,-77,2,-198,0.0
2026-06-27T16:48:24.108Z,20.6,-77,2,-207,0.0
2026-06-27T16:48:24.109Z,20.6,-77,2,-216,0.0
2026-06-27T16:48:24.110Z,20.6,-77,2,-225,0.0
2026-06-27T16:48:24.185Z,20.6,-77,2,-166,0.0
2026-06-27T16:48:24.194Z,20.6,-77,2,-164,0.0
2026-06-27T16:48:24.201Z,20.7,-77,2,-165,0.0
2026-06-27T16:48:24.203Z,20.6,-77,2,-172,0.0
2026-06-27T16:48:24.205Z,20.6,-77,2,-180,0.0
2026-06-27T16:48:24.206Z,20.6,-77,2,-188,0.0
2026-06-27T16:48:24.208Z,20.6,-77,2,-197,0.0
2026-06-27T16:48:24.209Z,20.6,-77,2,-206,0.0
2026-06-27T16:48:24.231Z,20.6,-77,5,-194,0.0
2026-06-27T16:48:24.234Z,20.6,-78,3,-200,0.0
2026-06-27T16:48:24.235Z,20.8,-78,2,-209,0.0
2026-06-27T16:48:24.236Z,20.6,-78,2,-219,0.0
2026-06-27T16:48:24.237Z,20.6,-78,2,-227,0.0
2026-06-27T16:48:24.353Z,20.6,-78,2,-122,0.0
2026-06-27T16:48:24.356Z,20.6,-78,5,-130,0.0
2026-06-27T16:48:24.357Z,20.6,-78,2,-137,0.0
2026-06-27T16:48:24.359Z,20.6,-78,2,-145,0.0
2026-06-27T16:48:24.360Z,20.6,-78,2,-154,0.0
2026-06-27T16:48:24.363Z,20.6,-78,2,-163,0.0
2026-06-27T16:48:24.364Z,20.6,-75,2,-172,0.0
2026-06-27T16:48:24.365Z,20.6,-75,2,-180,0.0
2026-06-27T16:48:24.367Z,20.7,-75,2,-188,0.0
2026-06-27T16:48:24.368Z,20.6,-75,2,-197,0.0
2026-06-27T16:48:24.369Z,20.6,-75,2,-206,0.0
2026-06-27T16:48:24.370Z,20.6,-75,2,-215,0.0
2026-06-27T16:48:24.371Z,20.6,-75,2,-224,0.0
2026-06-27T16:48:24.481Z,20.6,-75,4,-124,0.0
2026-06-27T16:48:24.482Z,20.6,-75,2,-132,0.0
2026-06-27T16:48:24.484Z,20.6,-75,2,-140,0.0
2026-06-27T16:48:24.486Z,20.7,-75,3,-149,0.0
2026-06-27T16:48:24.487Z,20.6,-77,2,-157,0.0
2026-06-27T16:48:24.488Z,20.7,-77,2,-167,0.0
2026-06-27T16:48:24.489Z,20.7,-77,3,-176,0.0
2026-06-27T16:48:24.491Z,20.6,-77,2,-184,0.0
2026-06-27T16:48:24.493Z,20.6,-77,2,-192,0.0
2026-06-27T16:48:24.494Z,20.6,-77,2,-201,0.0
2026-06-27T16:48:24.495Z,20.6,-77,2,-210,0.0
2026-06-27T16:48:24.496Z,20.6,-77,2,-219,0.0
2026-06-27T16:48:24.590Z,20.6,-77,2,-135,0.0
2026-06-27T16:48:24.591Z,20.6,-78,6,-145,0.0
2026-06-27T16:48:24.594Z,20.6,-78,2,-152,0.0
2026-06-27T16:48:24.596Z,20.7,-78,2,-160,0.0
2026-06-27T16:48:24.597Z,20.7,-78,2,-168,0.0
2026-06-27T16:48:24.598Z,20.6,-78,2,-177,0.0
2026-06-27T16:48:24.599Z,20.6,-78,2,-188,0.0
2026-06-27T16:48:24.600Z,20.6,-78,2,-196,0.0
2026-06-27T16:48:24.601Z,20.7,-78,2,-205,0.0
2026-06-27T16:48:24.602Z,20.7,-78,2,-214,0.0
2026-06-27T16:48:24.603Z,20.6,-78,2,-224,0.0
2026-06-27T16:48:24.718Z,20.6,-78,3,-121,0.0
2026-06-27T16:48:24.721Z,20.6,-78,3,-128,0.0
2026-06-27T16:48:24.723Z,20.6,-78,2,-136,0.0
2026-06-27T16:48:24.726Z,20.6,-78,2,-144,0.0
2026-06-27T16:48:24.727Z,20.6,-78,2,-151,0.0
2026-06-27T16:48:24.728Z,20.6,-78,2,-161,0.0
2026-06-27T16:48:24.729Z,20.6,-78,2,-170,0.0
2026-06-27T16:48:24.730Z,20.6,-78,2,-179,0.0
2026-06-27T16:48:24.731Z,20.6,-78,2,-188,0.0
2026-06-27T16:48:24.732Z,20.7,-78,2,-197,0.0
2026-06-27T16:48:24.733Z,20.7,-78,2,-206,0.0
2026-06-27T16:48:24.735Z,20.6,-78,2,-214,0.0
2026-06-27T16:48:24.792Z,20.6,-78,2,-168,0.0
2026-06-27T16:48:24.794Z,20.6,-78,4,-176,0.0
2026-06-27T16:48:24.795Z,20.6,-78,3,-183,0.0
2026-06-27T16:48:24.797Z,20.6,-78,2,-191,0.0
2026-06-27T16:48:24.798Z,20.6,-78,2,-200,0.0
2026-06-27T16:48:24.799Z,20.6,-78,2,-209,0.0
2026-06-27T16:48:24.800Z,20.6,-78,2,-218,0.0
2026-06-27T16:48:24.801Z,20.6,-78,2,-228,0.0
2026-06-27T16:48:24.895Z,20.6,-78,6,-145,0.0
2026-06-27T16:48:24.897Z,20.6,-80,2,-152,0.0
2026-06-27T16:48:24.900Z,20.6,-80,2,-160,0.0
2026-06-27T16:48:24.901Z,20.6,-80,2,-168,0.0
2026-06-27T16:48:24.902Z,20.6,-80,2,-177,0.0
2026-06-27T16:48:24.903Z,20.7,-80,2,-187,0.0
2026-06-27T16:48:24.904Z,20.6,-80,3,-196,0.0
2026-06-27T16:48:24.905Z,20.6,-80,2,-205,0.0
2026-06-27T16:48:24.906Z,20.6,-80,2,-214,0.0
2026-06-27T16:48:24.908Z,20.6,-80,2,-222,0.0
2026-06-27T16:48:25.001Z,20.6,-80,5,-139,0.0
2026-06-27T16:48:25.003Z,20.6,-76,3,-147,0.0
2026-06-27T16:48:25.005Z,20.6,-76,2,-154,0.0
2026-06-27T16:48:25.007Z,20.6,-76,2,-163,0.0
2026-06-27T16:48:25.008Z,20.6,-76,2,-171,0.0
2026-06-27T16:48:25.009Z,20.6,-76,2,-180,0.0
2026-06-27T16:48:25.010Z,20.6,-76,3,-190,0.0
2026-06-27T16:48:25.011Z,20.6,-76,3,-199,0.0
2026-06-27T16:48:25.012Z,20.6,-76,2,-208,0.0
2026-06-27T16:48:25.013Z,20.6,-76,2,-217,0.0
2026-06-27T16:48:25.014Z,20.6,-76,2,-226,0.0
2026-06-27T16:48:25.129Z,20.6,-77,3,-122,0.0
2026-06-27T16:48:25.130Z,20.6,-77,2,-129,0.0
2026-06-27T16:48:25.133Z,20.6,-77,2,-137,0.0
2026-06-27T16:48:25.134Z,20.6,-77,2,-145,0.0
2026-06-27T16:48:25.135Z,20.6,-77,2,-154,0.0
2026-06-27T16:48:25.136Z,20.6,-77,2,-164,0.0
2026-06-27T16:48:25.137Z,20.6,-77,2,-173,0.0
2026-06-27T16:48:25.139Z,20.6,-77,2,-181,0.0
2026-06-27T16:48:25.140Z,20.6,-77,2,-190,0.0
2026-06-27T16:48:25.141Z,20.6,-77,2,-199,0.0
2026-06-27T16:48:25.142Z,20.7,-77,2,-208,0.0
2026-06-27T16:48:25.143Z,20.6,-77,2,-217,0.0
2026-06-27T16:48:25.181Z,20.6,-77,2,-189,0.0
2026-06-27T16:48:25.183Z,20.6,-77,4,-199,0.0
2026-06-27T16:48:25.184Z,20.6,-77,2,-206,0.0
2026-06-27T16:48:25.185Z,20.6,-77,2,-215,0.0
2026-06-27T16:48:25.186Z,20.6,-77,2,-224,0.0
2026-06-27T16:48:25.187Z,20.6,-77,2,-233,0.0
2026-06-27T16:48:25.310Z,20.6,-77,2,-122,0.0
2026-06-27T16:48:25.312Z,20.6,-77,3,-129,0.0
2026-06-27T16:48:25.314Z,20.6,-74,2,-137,0.0
2026-06-27T16:48:25.315Z,20.6,-74,2,-145,0.0
2026-06-27T16:48:25.316Z,20.6,-74,2,-154,0.0
2026-06-27T16:48:25.318Z,20.6,-74,2,-163,0.0
2026-06-27T16:48:25.319Z,20.6,-74,3,-172,0.0
2026-06-27T16:48:25.320Z,20.6,-74,2,-181,0.0
2026-06-27T16:48:25.321Z,20.6,-74,2,-190,0.0
2026-06-27T16:48:25.322Z,20.6,-74,2,-199,0.0
2026-06-27T16:48:25.323Z,20.6,-74,2,-208,0.0
2026-06-27T16:48:25.324Z,20.7,-74,2,-217,0.0
2026-06-27T16:48:25.325Z,20.6,-74,2,-226,0.0
2026-06-27T16:48:25.411Z,20.6,-74,4,-150,0.0
2026-06-27T16:48:25.413Z,20.6,-74,2,-158,0.0
2026-06-27T16:48:25.414Z,20.6,-74,2,-166,0.0
2026-06-27T16:48:25.415Z,20.6,-74,2,-175,0.0
2026-06-27T16:48:25.416Z,20.6,-74,2,-184,0.0
2026-06-27T16:48:25.417Z,20.6,-74,2,-193,0.0
2026-06-27T16:48:25.419Z,20.6,-74,2,-202,0.0
2026-06-27T16:48:25.421Z,20.6,-74,2,-210,0.0
2026-06-27T16:48:25.422Z,20.6,-74,2,-219,0.0
2026-06-27T16:48:25.534Z,20.6,-74,2,-120,0.0
2026-06-27T16:48:25.536Z,20.6,-75,5,-125,0.0
2026-06-27T16:48:25.538Z,20.7,-75,2,-132,0.0
2026-06-27T16:48:25.539Z,20.6,-75,2,-141,0.0
2026-06-27T16:48:25.540Z,20.6,-75,2,-150,0.0
2026-06-27T16:48:25.541Z,20.6,-75,2,-159,0.0
2026-06-27T16:48:25.542Z,20.6,-75,2,-169,0.0
2026-06-27T16:48:25.543Z,20.6,-75,2,-178,0.0
2026-06-27T16:48:25.544Z,20.6,-75,2,-187,0.0
2026-06-27T16:48:25.546Z,20.6,-75,2,-195,0.0
2026-06-27T16:48:25.547Z,20.6,-75,2,-204,0.0
2026-06-27T16:48:25.548Z,20.6,-75,3,-213,0.0
2026-06-27T16:48:25.549Z,20.6,-75,2,-222,0.0
2026-06-27T16:48:25.611Z,20.6,-75,4,-170,0.0
2026-06-27T16:48:25.612Z,20.6,-75,2,-178,0.0
2026-06-27T16:48:25.613Z,20.6,-75,2,-187,0.0
2026-06-27T16:48:25.616Z,20.6,-75,2,-195,0.0
2026-06-27T16:48:25.617Z,20.6,-75,2,-203,0.0
2026-06-27T16:48:25.618Z,20.6,-75,2,-212,0.0
2026-06-27T16:48:25.619Z,20.6,-75,2,-222,0.0
2026-06-27T16:48:25.620Z,20.6,-75,2,-231,0.0
2026-06-27T16:48:25.742Z,20.6,-75,6,-121,0.0
2026-06-27T16:48:25.743Z,20.6,-75,3,-129,0.0
2026-06-27T16:48:25.745Z,20.6,-75,2,-137,0.0
2026-06-27T16:48:25.746Z,20.6,-75,2,-146,0.0
2026-06-27T16:48:25.748Z,20.6,-75,2,-154,0.0
2026-06-27T16:48:25.749Z,20.6,-75,2,-163,0.0
2026-06-27T16:48:25.750Z,20.6,-75,2,-173,0.0
2026-06-27T16:48:25.751Z,20.6,-75,2,-182,0.0
2026-06-27T16:48:25.752Z,20.6,-75,2,-191,0.0
2026-06-27T16:48:25.753Z,20.6,-75,2,-200,0.0
2026-06-27T16:48:25.754Z,20.6,-75,2,-209,0.0
2026-06-27T16:48:25.755Z,20.6,-75,2,-218,0.0
2026-06-27T16:48:25.818Z,20.6,-75,2,-165,0.0
2026-06-27T16:48:25.820Z,20.6,-75,4,-174,0.0
2026-06-27T16:48:25.822Z,20.7,-75,2,-181,0.0
2026-06-27T16:48:25.823Z,20.6,-75,2,-190,0.0
2026-06-27T16:48:25.825Z,20.6,-75,2,-198,0.0
2026-06-27T16:48:25.826Z,20.6,-75,2,-207,0.0
2026-06-27T16:48:25.827Z,20.6,-75,2,-216,0.0
2026-06-27T16:48:25.828Z,20.6,-75,2,-226,0.0
2026-06-27T16:48:25.920Z,20.6,-75,5,-144,0.0
2026-06-27T16:48:25.922Z,20.6,-73,3,-151,0.0
2026-06-27T16:48:25.924Z,20.7,-73,2,-159,0.0
2026-06-27T16:48:25.926Z,20.7,-73,2,-167,0.0
2026-06-27T16:48:25.928Z,20.6,-73,2,-175,0.0
2026-06-27T16:48:25.929Z,20.6,-73,2,-185,0.0
2026-06-27T16:48:25.930Z,20.6,-73,2,-194,0.0
2026-06-27T16:48:25.931Z,20.6,-73,2,-203,0.0
2026-06-27T16:48:25.932Z,20.6,-73,2,-212,0.0
2026-06-27T16:48:25.933Z,20.6,-73,2,-221,0.0
2026-06-27T16:48:25.973Z,20.6,-73,2,-192,0.0
2026-06-27T16:48:25.975Z,20.6,-74,3,-198,0.0
2026-06-27T16:48:25.977Z,20.6,-74,2,-206,0.0
2026-06-27T16:48:25.978Z,20.6,-74,2,-215,0.0
2026-06-27T16:48:25.979Z,20.6,-74,2,-224,0.0
2026-06-27T16:48:25.981Z,20.6,-74,2,-232,0.0
2026-06-27T16:48:26.102Z,20.6,-74,2,-122,0.0
2026-06-27T16:48:26.106Z,20.6,-74,3,-128,0.0
2026-06-27T16:48:26.108Z,20.6,-74,2,-135,0.0
2026-06-27T16:48:26.109Z,20.7,-74,2,-145,0.0
2026-06-27T16:48:26.111Z,20.6,-74,2,-153,0.0
2026-06-27T16:48:26.112Z,20.6,-75,3,-162,0.0
2026-06-27T16:48:26.113Z,20.7,-75,2,-171,0.0
2026-06-27T16:48:26.114Z,20.7,-75,2,-180,0.0
2026-06-27T16:48:26.115Z,20.6,-75,2,-189,0.0
2026-06-27T16:48:26.116Z,20.6,-75,2,-198,0.0
2026-06-27T16:48:26.117Z,20.6,-75,2,-206,0.0
2026-06-27T16:48:26.119Z,20.6,-75,2,-215,0.0
2026-06-27T16:48:26.120Z,20.6,-75,2,-224,0.0
2026-06-27T16:48:26.229Z,20.6,-75,5,-126,0.0
2026-06-27T16:48:26.231Z,20.6,-75,2,-133,0.0
2026-06-27T16:48:26.235Z,20.6,-82,2,-140,0.0
2026-06-27T16:48:26.236Z,20.6,-82,2,-147,0.0
2026-06-27T16:48:26.237Z,20.6,-82,2,-156,0.0
2026-06-27T16:48:26.239Z,20.6,-82,2,-165,0.0
2026-06-27T16:48:26.240Z,20.6,-82,3,-174,0.0
2026-06-27T16:48:26.241Z,20.6,-82,2,-183,0.0
2026-06-27T16:48:26.242Z,20.6,-82,2,-192,0.0
2026-06-27T16:48:26.243Z,20.6,-82,2,-201,0.0
2026-06-27T16:48:26.244Z,20.7,-82,2,-210,0.0
2026-06-27T16:48:26.245Z,20.6,-82,2,-219,0.0
2026-06-27T16:48:26.362Z,20.6,-82,6,-119,0.0
2026-06-27T16:48:26.370Z,20.6,-75,2,-120,0.0
2026-06-27T16:48:26.376Z,20.6,-75,2,-121,0.0
2026-06-27T16:48:26.379Z,20.6,-75,2,-128,0.0
2026-06-27T16:48:26.381Z,20.6,-75,2,-136,0.0
2026-06-27T16:48:26.383Z,20.6,-75,2,-145,0.0
2026-06-27T16:48:26.385Z,20.6,-75,2,-153,0.0
2026-06-27T16:48:26.386Z,20.6,-75,2,-161,0.0
2026-06-27T16:48:26.388Z,20.6,-75,2,-169,0.0
2026-06-27T16:48:26.389Z,20.6,-75,3,-178,0.0
2026-06-27T16:48:26.390Z,20.6,-75,2,-187,0.0
2026-06-27T16:48:26.391Z,20.6,-75,2,-196,0.0
2026-06-27T16:48:26.430Z,20.6,-75,3,-167,0.0
2026-06-27T16:48:26.432Z,20.6,-75,8,-179,0.0
2026-06-27T16:48:26.434Z,20.6,-75,3,-186,0.0
2026-06-27T16:48:26.435Z,20.6,-75,2,-195,0.0
2026-06-27T16:48:26.436Z,20.6,-75,2,-204,0.0
2026-06-27T16:48:26.437Z,20.6,-75,2,-213,0.0
2026-06-27T16:48:26.438Z,20.6,-75,2,-222,0.0
2026-06-27T16:48:26.440Z,20.7,-75,2,-231,0.0
2026-06-27T16:48:26.560Z,20.6,-73,3,-123,0.0
2026-06-27T16:48:26.562Z,20.6,-73,2,-130,0.0
2026-06-27T16:48:26.564Z,20.6,-73,2,-138,0.0
2026-06-27T16:48:26.565Z,20.6,-73,2,-146,0.0
2026-06-27T16:48:26.566Z,20.6,-73,2,-155,0.0
2026-06-27T16:48:26.567Z,20.6,-73,2,-164,0.0
2026-06-27T16:48:26.568Z,20.6,-73,2,-174,0.0
2026-06-27T16:48:26.570Z,20.6,-73,2,-182,0.0
2026-06-27T16:48:26.571Z,20.6,-73,2,-191,0.0
2026-06-27T16:48:26.572Z,20.6,-73,2,-200,0.0
2026-06-27T16:48:26.573Z,20.6,-73,2,-209,0.0
2026-06-27T16:48:26.574Z,20.6,-73,2,-218,0.0
2026-06-27T16:48:26.641Z,20.6,-73,2,-161,0.0
2026-06-27T16:48:26.644Z,20.6,-73,4,-170,0.0
2026-06-27T16:48:26.645Z,20.6,-73,2,-177,0.0
2026-06-27T16:48:26.646Z,20.6,-73,2,-186,0.0
2026-06-27T16:48:26.648Z,20.6,-73,2,-195,0.0
2026-06-27T16:48:26.649Z,20.6,-73,2,-203,0.0
2026-06-27T16:48:26.650Z,20.6,-73,2,-213,0.0
2026-06-27T16:48:26.651Z,20.6,-73,3,-222,0.0
2026-06-27T16:48:26.769Z,20.6,-73,5,-114,0.0
2026-06-27T16:48:26.772Z,20.6,-78,5,-121,0.0
2026-06-27T16:48:26.774Z,20.6,-78,2,-129,0.0
2026-06-27T16:48:26.775Z,20.6,-78,2,-137,0.0
2026-06-27T16:48:26.776Z,20.6,-78,2,-146,0.0
2026-06-27T16:48:26.777Z,20.6,-78,2,-155,0.0
2026-06-27T16:48:26.778Z,20.6,-78,2,-165,0.0
2026-06-27T16:48:26.779Z,20.6,-78,3,-174,0.0
2026-06-27T16:48:26.780Z,20.6,-78,2,-183,0.0
2026-06-27T16:48:26.781Z,20.6,-78,2,-192,0.0
2026-06-27T16:48:26.783Z,20.6,-78,2,-200,0.0
2026-06-27T16:48:26.784Z,20.6,-82,3,-208,0.0
2026-06-27T16:48:26.785Z,20.6,-82,2,-217,0.0
2026-06-27T16:48:26.887Z,20.7,-82,5,-127,0.0
2026-06-27T16:48:26.888Z,20.6,-82,3,-134,0.0
2026-06-27T16:48:26.891Z,20.6,-82,2,-141,0.0
2026-06-27T16:48:26.892Z,20.6,-82,2,-150,0.0
2026-06-27T16:48:26.894Z,20.6,-82,2,-159,0.0
2026-06-27T16:48:26.895Z,20.6,-82,2,-167,0.0
2026-06-27T16:48:26.896Z,20.6,-82,2,-177,0.0
2026-06-27T16:48:26.897Z,20.6,-82,3,-186,0.0
2026-06-27T16:48:26.898Z,20.6,-80,2,-195,0.0
2026-06-27T16:48:26.899Z,20.6,-80,2,-204,0.0
2026-06-27T16:48:26.900Z,20.6,-80,2,-213,0.0
2026-06-27T16:48:26.901Z,20.6,-80,2,-222,0.0
2026-06-27T16:48:27.014Z,20.6,-80,2,-121,0.0
2026-06-27T16:48:27.015Z,20.6,-80,3,-127,0.0
2026-06-27T16:48:27.016Z,20.6,-80,2,-136,0.0
2026-06-27T16:48:27.019Z,20.7,-80,2,-143,0.0
2026-06-27T16:48:27.020Z,20.6,-80,2,-152,0.0
2026-06-27T16:48:27.021Z,20.7,-80,2,-162,0.0
2026-06-27T16:48:27.023Z,20.6,-83,2,-172,0.0
2026-06-27T16:48:27.024Z,20.6,-83,2,-179,0.0
2026-06-27T16:48:27.025Z,20.6,-83,2,-188,0.0
2026-06-27T16:48:27.026Z,20.6,-83,2,-197,0.0
2026-06-27T16:48:27.027Z,20.6,-83,2,-206,0.0
2026-06-27T16:48:27.028Z,20.6,-83,2,-215,0.0
2026-06-27T16:48:27.029Z,20.6,-83,2,-224,0.0
2026-06-27T16:48:27.071Z,20.6,-83,8,-197,0.0
2026-06-27T16:48:27.072Z,20.6,-83,2,-203,0.0
2026-06-27T16:48:27.074Z,20.6,-83,3,-212,0.0
2026-06-27T16:48:27.076Z,20.6,-82,2,-219,0.0
2026-06-27T16:48:27.077Z,20.6,-82,2,-228,0.0
2026-06-27T16:48:27.196Z,20.7,-82,2,-120,0.0
2026-06-27T16:48:27.200Z,20.6,-82,3,-126,0.0
2026-06-27T16:48:27.201Z,20.6,-82,2,-134,0.0
2026-06-27T16:48:27.202Z,20.6,-82,2,-143,0.0
2026-06-27T16:48:27.204Z,20.6,-82,2,-151,0.0
2026-06-27T16:48:27.205Z,20.6,-82,2,-161,0.0
2026-06-27T16:48:27.206Z,20.6,-82,2,-170,0.0
2026-06-27T16:48:27.207Z,20.7,-82,2,-179,0.0
2026-06-27T16:48:27.209Z,20.6,-82,2,-188,0.0
2026-06-27T16:48:27.210Z,20.6,-82,2,-196,0.0
2026-06-27T16:48:27.211Z,20.7,-82,2,-205,0.0
2026-06-27T16:48:27.212Z,20.6,-82,2,-214,0.0
2026-06-27T16:48:27.213Z,20.6,-82,3,-223,0.0
2026-06-27T16:48:27.261Z,20.6,-82,4,-188,0.0
2026-06-27T16:48:27.265Z,20.6,-82,3,-193,0.0
2026-06-27T16:48:27.270Z,20.7,-82,2,-197,0.0
2026-06-27T16:48:27.273Z,20.6,-82,2,-204,0.0
2026-06-27T16:48:27.276Z,20.6,-82,2,-211,0.0
2026-06-27T16:48:27.278Z,20.6,-82,4,-218,0.0
2026-06-27T16:48:27.280Z,20.6,-77,5,-227,0.0
2026-06-27T16:48:27.360Z,20.6,-77,3,-161,0.0
2026-06-27T16:48:27.367Z,20.6,-77,2,-163,0.0
2026-06-27T16:48:27.375Z,20.6,-77,2,-164,0.0
2026-06-27T16:48:27.377Z,20.6,-77,2,-170,0.0
2026-06-27T16:48:27.380Z,20.6,-77,2,-177,0.0
2026-06-27T16:48:27.382Z,20.6,-77,2,-186,0.0
2026-06-27T16:48:27.383Z,20.6,-77,2,-195,0.0
2026-06-27T16:48:27.385Z,20.6,-77,2,-202,0.0
2026-06-27T16:48:27.456Z,20.6,-77,2,-141,0.0
2026-06-27T16:48:27.460Z,20.6,-79,4,-147,0.0
2026-06-27T16:48:27.461Z,20.6,-79,2,-155,0.0
2026-06-27T16:48:27.462Z,20.6,-79,2,-164,0.0
2026-06-27T16:48:27.463Z,20.6,-79,2,-173,0.0
2026-06-27T16:48:27.464Z,20.6,-79,2,-182,0.0
2026-06-27T16:48:27.465Z,20.6,-79,2,-191,0.0
2026-06-27T16:48:27.466Z,20.8,-79,2,-201,0.0
2026-06-27T16:48:27.467Z,20.6,-79,2,-210,0.0
2026-06-27T16:48:27.468Z,20.6,-79,2,-219,0.0
2026-06-27T16:48:27.582Z,20.6,-79,3,-119,0.0
2026-06-27T16:48:27.589Z,20.6,-82,7,-121,0.0
2026-06-27T16:48:27.591Z,20.6,-82,2,-127,0.0
2026-06-27T16:48:27.593Z,20.6,-82,2,-134,0.0
2026-06-27T16:48:27.594Z,20.6,-82,2,-143,0.0
2026-06-27T16:48:27.595Z,20.6,-82,2,-152,0.0
2026-06-27T16:48:27.597Z,20.6,-82,2,-162,0.0
2026-06-27T16:48:27.598Z,20.6,-82,3,-170,0.0
2026-06-27T16:48:27.599Z,20.6,-82,2,-179,0.0
2026-06-27T16:48:27.600Z,20.7,-82,2,-188,0.0
2026-06-27T16:48:27.601Z,20.7,-82,2,-197,0.0
2026-06-27T16:48:27.602Z,20.6,-82,2,-206,0.0
2026-06-27T16:48:27.603Z,20.7,-82,2,-215,0.0
2026-06-27T16:48:27.661Z,20.6,-82,4,-167,0.0
2026-06-27T16:48:27.663Z,20.6,-82,3,-174,0.0
2026-06-27T16:48:27.664Z,20.6,-82,2,-183,0.0
2026-06-27T16:48:27.666Z,20.6,-82,2,-191,0.0
2026-06-27T16:48:27.667Z,20.6,-82,2,-200,0.0
2026-06-27T16:48:27.668Z,20.6,-82,2,-209,0.0
2026-06-27T16:48:27.669Z,20.6,-82,2,-219,0.0
2026-06-27T16:48:27.670Z,20.6,-82,2,-229,0.0
2026-06-27T16:48:27.793Z,20.6,-73,3,-121,0.0
2026-06-27T16:48:27.802Z,20.6,-73,2,-120,0.0
2026-06-27T16:48:27.806Z,20.6,-73,2,-126,0.0
2026-06-27T16:48:27.808Z,20.6,-73,2,-133,0.0
2026-06-27T16:48:27.810Z,20.6,-73,2,-141,0.0
2026-06-27T16:48:27.811Z,20.6,-73,2,-150,0.0
2026-06-27T16:48:27.813Z,20.6,-73,2,-159,0.0
2026-06-27T16:48:27.815Z,20.6,-73,2,-166,0.0
2026-06-27T16:48:27.816Z,20.6,-73,2,-175,0.0
2026-06-27T16:48:27.817Z,20.6,-73,2,-184,0.0
2026-06-27T16:48:27.818Z,20.6,-73,2,-193,0.0
2026-06-27T16:48:27.819Z,20.6,-73,2,-202,0.0
2026-06-27T16:48:27.840Z,20.6,-73,2,-192,0.0
2026-06-27T16:48:27.842Z,20.6,-73,4,-200,0.0
2026-06-27T16:48:27.844Z,20.6,-73,2,-207,0.0
2026-06-27T16:48:27.845Z,20.6,-73,2,-216,0.0
2026-06-27T16:48:27.846Z,20.6,-73,2,-225,0.0
2026-06-27T16:48:27.847Z,20.6,-73,2,-234,0.0
2026-06-27T16:48:27.968Z,20.6,-73,2,-125,0.0
2026-06-27T16:48:27.969Z,20.6,-73,2,-132,0.0
2026-06-27T16:48:27.971Z,20.6,-73,4,-141,0.0
2026-06-27T16:48:27.973Z,20.6,-72,2,-149,0.0
2026-06-27T16:48:27.974Z,20.6,-72,2,-157,0.0
2026-06-27T16:48:27.975Z,20.6,-72,2,-167,0.0
2026-06-27T16:48:27.976Z,20.6,-72,3,-176,0.0
2026-06-27T16:48:27.979Z,20.6,-72,2,-184,0.0
2026-06-27T16:48:27.980Z,20.6,-72,2,-192,0.0
2026-06-27T16:48:27.981Z,20.7,-72,2,-201,0.0
2026-06-27T16:48:27.982Z,20.6,-72,2,-210,0.0
2026-06-27T16:48:27.983Z,20.6,-72,2,-219,0.0
2026-06-27T16:48:28.077Z,20.6,-72,2,-136,0.0
2026-06-27T16:48:28.079Z,20.6,-80,3,-143,0.0
2026-06-27T16:48:28.080Z,20.6,-80,2,-151,0.0
2026-06-27T16:48:28.081Z,20.6,-80,2,-160,0.0
2026-06-27T16:48:28.083Z,20.6,-80,2,-168,0.0
2026-06-27T16:48:28.084Z,20.6,-80,2,-177,0.0
2026-06-27T16:48:28.085Z,20.6,-80,2,-187,0.0
2026-06-27T16:48:28.086Z,20.6,-80,3,-196,0.0
2026-06-27T16:48:28.087Z,20.6,-80,2,-205,0.0
2026-06-27T16:48:28.088Z,20.6,-80,2,-214,0.0
2026-06-27T16:48:28.089Z,20.6,-80,2,-223,0.0
2026-06-27T16:48:28.207Z,20.6,-79,3,-118,0.0
2026-06-27T16:48:28.210Z,20.6,-79,3,-122,0.0
2026-06-27T16:48:28.212Z,20.6,-79,2,-129,0.0
2026-06-27T16:48:28.213Z,20.6,-79,2,-138,0.0
2026-06-27T16:48:28.215Z,20.6,-79,2,-146,0.0
2026-06-27T16:48:28.216Z,20.6,-79,2,-155,0.0
2026-06-27T16:48:28.218Z,20.6,-79,3,-164,0.0
2026-06-27T16:48:28.219Z,20.6,-79,2,-173,0.0
2026-06-27T16:48:28.220Z,20.6,-79,2,-182,0.0
2026-06-27T16:48:28.221Z,20.6,-79,2,-191,0.0
2026-06-27T16:48:28.222Z,20.6,-79,2,-200,0.0
2026-06-27T16:48:28.223Z,20.6,-79,2,-209,0.0
2026-06-27T16:48:28.224Z,20.6,-79,2,-218,0.0
2026-06-27T16:48:28.278Z,20.6,-79,4,-174,0.0
2026-06-27T16:48:28.279Z,20.6,-79,3,-182,0.0
2026-06-27T16:48:28.280Z,20.6,-79,2,-191,0.0
2026-06-27T16:48:28.283Z,20.6,-79,2,-199,0.0
2026-06-27T16:48:28.284Z,20.7,-79,2,-207,0.0
2026-06-27T16:48:28.285Z,20.6,-79,2,-216,0.0
2026-06-27T16:48:28.286Z,20.6,-79,2,-226,0.0
2026-06-27T16:48:28.401Z,20.7,-79,5,-121,0.0
2026-06-27T16:48:28.403Z,20.6,-78,3,-128,0.0
2026-06-27T16:48:28.405Z,20.6,-78,2,-136,0.0
2026-06-27T16:48:28.406Z,20.6,-78,2,-145,0.0
2026-06-27T16:48:28.407Z,20.6,-78,2,-154,0.0
2026-06-27T16:48:28.408Z,20.6,-78,2,-163,0.0
2026-06-27T16:48:28.410Z,20.7,-78,3,-173,0.0
2026-06-27T16:48:28.411Z,20.6,-78,2,-181,0.0
2026-06-27T16:48:28.412Z,20.6,-78,2,-190,0.0
2026-06-27T16:48:28.413Z,20.6,-78,2,-199,0.0
2026-06-27T16:48:28.414Z,20.7,-78,2,-208,0.0
2026-06-27T16:48:28.415Z,20.6,-78,2,-217,0.0
2026-06-27T16:48:28.416Z,20.6,-78,2,-226,0.0
2026-06-27T16:48:28.480Z,20.6,-78,5,-173,0.0
2026-06-27T16:48:28.483Z,20.7,-78,3,-179,0.0
2026-06-27T16:48:28.484Z,20.6,-78,2,-187,0.0
2026-06-27T16:48:28.485Z,20.6,-78,2,-196,0.0
2026-06-27T16:48:28.486Z,20.6,-78,2,-205,0.0
2026-06-27T16:48:28.487Z,20.6,-78,2,-214,0.0
2026-06-27T16:48:28.489Z,20.7,-78,2,-223,0.0
2026-06-27T16:48:28.601Z,20.7,-78,2,-122,0.0
2026-06-27T16:48:28.604Z,20.6,-74,6,-129,0.0
2026-06-27T16:48:28.606Z,20.6,-74,2,-136,0.0
2026-06-27T16:48:28.607Z,20.7,-74,2,-144,0.0
2026-06-27T16:48:28.608Z,20.6,-74,2,-153,0.0
2026-06-27T16:48:28.609Z,20.6,-74,2,-162,0.0
2026-06-27T16:48:28.610Z,20.6,-74,2,-171,0.0
2026-06-27T16:48:28.611Z,20.6,-74,2,-181,0.0
2026-06-27T16:48:28.612Z,20.6,-74,2,-190,0.0
2026-06-27T16:48:28.613Z,20.6,-74,2,-199,0.0
2026-06-27T16:48:28.614Z,20.6,-74,3,-208,0.0
2026-06-27T16:48:28.615Z,20.6,-74,2,-217,0.0
2026-06-27T16:48:28.616Z,20.6,-74,2,-226,0.0
2026-06-27T16:48:28.684Z,20.6,-74,5,-168,0.0
2026-06-27T16:48:28.686Z,20.7,-74,2,-175,0.0
2026-06-27T16:48:28.688Z,20.7,-74,2,-183,0.0
2026-06-27T16:48:28.689Z,20.6,-74,2,-192,0.0
2026-06-27T16:48:28.690Z,20.6,-74,2,-201,0.0
2026-06-27T16:48:28.692Z,20.6,-74,2,-209,0.0
2026-06-27T16:48:28.694Z,20.6,-74,2,-218,0.0
2026-06-27T16:48:28.695Z,20.6,-74,2,-228,0.0
2026-06-27T16:48:28.815Z,20.6,-82,3,-120,0.0
2026-06-27T16:48:28.817Z,20.6,-82,2,-127,0.0
2026-06-27T16:48:28.819Z,20.6,-82,2,-136,0.0
2026-06-27T16:48:28.820Z,20.6,-82,2,-144,0.0
2026-06-27T16:48:28.822Z,20.6,-82,2,-153,0.0
2026-06-27T16:48:28.823Z,20.6,-82,2,-162,0.0
2026-06-27T16:48:28.824Z,20.6,-82,3,-171,0.0
2026-06-27T16:48:28.825Z,20.6,-82,2,-180,0.0
2026-06-27T16:48:28.826Z,20.6,-82,2,-189,0.0
2026-06-27T16:48:28.827Z,20.6,-82,2,-198,0.0
2026-06-27T16:48:28.828Z,20.6,-82,2,-207,0.0
2026-06-27T16:48:28.829Z,20.6,-82,2,-216,0.0
2026-06-27T16:48:28.864Z,17.1,-82,2,-191,0.0
2026-06-27T16:48:28.866Z,15.9,-82,5,-198,0.0
2026-06-27T16:48:28.867Z,15.9,-82,2,-207,0.0
2026-06-27T16:48:28.869Z,15.9,-82,2,-215,0.0
2026-06-27T16:48:28.870Z,15.9,-82,2,-224,0.0
2026-06-27T16:48:28.871Z,21.0,-82,2,-233,0.0
2026-06-27T16:48:28.992Z,20.9,-82,2,-124,0.0
2026-06-27T16:48:28.994Z,20.9,-82,3,-131,0.0
2026-06-27T16:48:28.996Z,18.7,-82,4,-139,0.0
2026-06-27T16:48:28.997Z,20.9,-75,2,-148,0.0
2026-06-27T16:48:28.998Z,18.7,-75,2,-156,0.0
2026-06-27T16:48:28.999Z,18.7,-75,2,-165,0.0
2026-06-27T16:48:29.001Z,20.9,-75,2,-174,0.0
2026-06-27T16:48:29.002Z,20.9,-75,2,-183,0.0
2026-06-27T16:48:29.004Z,20.9,-75,2,-192,0.0
2026-06-27T16:48:29.005Z,20.9,-75,2,-200,0.0
2026-06-27T16:48:29.006Z,20.9,-75,2,-209,0.0
2026-06-27T16:48:29.007Z,18.7,-75,2,-218,0.0
2026-06-27T16:48:29.093Z,20.9,-75,3,-143,0.0
2026-06-27T16:48:29.097Z,20.9,-75,3,-148,0.0
2026-06-27T16:48:29.099Z,18.7,-75,2,-156,0.0
2026-06-27T16:48:29.100Z,18.7,-75,2,-164,0.0
2026-06-27T16:48:29.101Z,18.7,-75,2,-173,0.0
2026-06-27T16:48:29.103Z,18.7,-75,2,-181,0.0
2026-06-27T16:48:29.104Z,18.7,-75,2,-191,0.0
2026-06-27T16:48:29.105Z,18.7,-75,2,-200,0.0
2026-06-27T16:48:29.107Z,18.7,-75,3,-208,0.0
2026-06-27T16:48:29.108Z,18.7,-75,3,-217,0.0
2026-06-27T16:48:29.109Z,18.7,-75,3,-225,0.0
2026-06-27T16:48:29.216Z,18.7,-75,6,-129,0.0
2026-06-27T16:48:29.217Z,18.7,-75,2,-137,0.0
2026-06-27T16:48:29.220Z,18.7,-75,2,-144,0.0
2026-06-27T16:48:29.221Z,18.7,-75,2,-153,0.0
2026-06-27T16:48:29.223Z,18.7,-75,2,-162,0.0
2026-06-27T16:48:29.224Z,17.4,-75,2,-170,0.0
2026-06-27T16:48:29.225Z,17.4,-75,2,-180,0.0
2026-06-27T16:48:29.226Z,17.4,-75,2,-189,0.0
2026-06-27T16:48:29.227Z,17.4,-75,3,-198,0.0
2026-06-27T16:48:29.228Z,17.4,-75,3,-207,0.0
2026-06-27T16:48:29.229Z,16.2,-75,3,-216,0.0
2026-06-27T16:48:29.230Z,16.2,-75,2,-225,0.0
2026-06-27T16:48:29.300Z,17.4,-75,3,-165,0.0
2026-06-27T16:48:29.301Z,20.0,-75,2,-173,0.0
2026-06-27T16:48:29.302Z,22.2,-75,2,-183,0.0
2026-06-27T16:48:29.304Z,22.2,-75,2,-192,0.0
2026-06-27T16:48:29.305Z,22.2,-75,2,-200,0.0
2026-06-27T16:48:29.307Z,20.9,-75,2,-208,0.0
2026-06-27T16:48:29.308Z,20.9,-75,3,-217,0.0
2026-06-27T16:48:29.310Z,20.9,-75,2,-225,0.0
2026-06-27T16:48:29.352Z,20.9,-75,6,-194,0.0
2026-06-27T16:48:29.354Z,23.1,-77,2,-202,0.0
2026-06-27T16:48:29.356Z,21.9,-77,2,-211,0.0
2026-06-27T16:48:29.357Z,21.9,-77,2,-219,0.0
2026-06-27T16:48:29.358Z,20.6,-77,2,-227,0.0
2026-06-27T16:48:29.474Z,20.6,-77,2,-122,0.0
2026-06-27T16:48:29.477Z,20.6,-77,3,-129,0.0
2026-06-27T16:48:29.479Z,20.6,-77,2,-136,0.0
2026-06-27T16:48:29.480Z,20.6,-77,2,-145,0.0
2026-06-27T16:48:29.481Z,21.6,-77,2,-154,0.0
2026-06-27T16:48:29.482Z,21.6,-77,2,-164,0.0
2026-06-27T16:48:29.483Z,21.6,-81,4,-174,0.0
2026-06-27T16:48:29.484Z,22.5,-81,2,-182,0.0
2026-06-27T16:48:29.485Z,22.5,-81,2,-190,0.0
2026-06-27T16:48:29.487Z,21.3,-81,2,-199,0.0
2026-06-27T16:48:29.488Z,21.3,-81,2,-208,0.0
2026-06-27T16:48:29.489Z,21.3,-81,2,-217,0.0
2026-06-27T16:48:29.490Z,22.2,-81,2,-226,0.0
2026-06-27T16:48:29.615Z,20.9,-81,4,-114,0.0
2026-06-27T16:48:29.618Z,20.9,-81,2,-118,0.0
2026-06-27T16:48:29.619Z,21.0,-81,3,-127,0.0
2026-06-27T16:48:29.621Z,20.9,-85,2,-135,0.0
2026-06-27T16:48:29.622Z,20.9,-85,2,-143,0.0
2026-06-27T16:48:29.623Z,20.9,-85,2,-153,0.0
2026-06-27T16:48:29.624Z,20.9,-85,2,-162,0.0
2026-06-27T16:48:29.625Z,20.9,-85,2,-171,0.0
2026-06-27T16:48:29.628Z,20.9,-85,2,-178,0.0
2026-06-27T16:48:29.629Z,20.9,-85,2,-187,0.0
2026-06-27T16:48:29.630Z,22.2,-85,2,-196,0.0
2026-06-27T16:48:29.631Z,22.2,-85,2,-205,0.0
2026-06-27T16:48:29.710Z,21.1,-85,2,-136,0.0
2026-06-27T16:48:29.712Z,21.3,-88,3,-144,0.0
2026-06-27T16:48:29.713Z,21.3,-88,2,-152,0.0
2026-06-27T16:48:29.715Z,21.3,-88,2,-162,0.0
2026-06-27T16:48:29.716Z,22.5,-88,2,-170,0.0
2026-06-27T16:48:29.718Z,21.6,-88,2,-177,0.0
2026-06-27T16:48:29.719Z,21.6,-88,2,-188,0.0
2026-06-27T16:48:29.721Z,21.6,-88,3,-195,0.0
2026-06-27T16:48:29.722Z,21.6,-88,2,-204,0.0
2026-06-27T16:48:29.723Z,21.6,-88,2,-213,0.0
2026-06-27T16:48:29.724Z,21.6,-88,2,-223,0.0
2026-06-27T16:48:29.835Z,20.8,-84,3,-122,0.0
2026-06-27T16:48:29.838Z,20.6,-84,3,-128,0.0
2026-06-27T16:48:29.842Z,20.7,-84,2,-134,0.0
2026-06-27T16:48:29.844Z,21.0,-84,2,-142,0.0
2026-06-27T16:48:29.845Z,20.9,-84,2,-150,0.0
2026-06-27T16:48:29.846Z,20.9,-84,2,-159,0.0
2026-06-27T16:48:29.847Z,20.9,-84,3,-169,0.0
2026-06-27T16:48:29.848Z,20.0,-84,2,-178,0.0
2026-06-27T16:48:29.849Z,20.0,-84,2,-187,0.0
2026-06-27T16:48:29.850Z,20.0,-84,2,-196,0.0
2026-06-27T16:48:29.851Z,20.0,-84,2,-205,0.0
2026-06-27T16:48:29.852Z,21.3,-84,2,-214,0.0
2026-06-27T16:48:29.853Z,20.3,-84,2,-223,0.0
2026-06-27T16:48:29.915Z,20.3,-84,4,-172,0.0
2026-06-27T16:48:29.916Z,20.3,-84,3,-179,0.0
2026-06-27T16:48:29.918Z,20.3,-84,2,-187,0.0
2026-06-27T16:48:29.920Z,20.6,-84,2,-195,0.0
2026-06-27T16:48:29.921Z,20.6,-84,2,-204,0.0
2026-06-27T16:48:29.922Z,20.6,-84,2,-213,0.0
2026-06-27T16:48:29.924Z,20.6,-84,2,-222,0.0
2026-06-27T16:48:30.034Z,20.6,-84,2,-122,0.0
2026-06-27T16:48:30.036Z,19.7,-76,5,-129,0.0
2026-06-27T16:48:30.038Z,19.7,-76,2,-138,0.0
2026-06-27T16:48:30.039Z,19.7,-76,2,-146,0.0
2026-06-27T16:48:30.042Z,21.0,-76,2,-154,0.0
2026-06-27T16:48:30.043Z,20.0,-76,2,-162,0.0
2026-06-27T16:48:30.044Z,20.0,-76,2,-171,0.0
2026-06-27T16:48:30.045Z,20.0,-76,2,-181,0.0
2026-06-27T16:48:30.046Z,20.0,-76,2,-190,0.0
2026-06-27T16:48:30.047Z,20.0,-76,3,-199,0.0
2026-06-27T16:48:30.048Z,21.4,-76,2,-208,0.0
2026-06-27T16:48:30.050Z,20.3,-76,2,-216,0.0
2026-06-27T16:48:30.051Z,20.3,-76,2,-225,0.0
2026-06-27T16:48:30.119Z,20.3,-76,4,-168,0.0
2026-06-27T16:48:30.120Z,20.3,-76,3,-175,0.0
2026-06-27T16:48:30.121Z,20.3,-76,2,-184,0.0
2026-06-27T16:48:30.124Z,19.3,-76,2,-191,0.0
2026-06-27T16:48:30.125Z,19.3,-76,2,-200,0.0
2026-06-27T16:48:30.126Z,19.3,-76,2,-208,0.0
2026-06-27T16:48:30.127Z,19.3,-76,2,-218,0.0
2026-06-27T16:48:30.128Z,19.3,-76,2,-228,0.0
2026-06-27T16:48:30.253Z,20.6,-72,3,-119,0.0
2026-06-27T16:48:30.262Z,20.6,-72,2,-118,0.0
2026-06-27T16:48:30.266Z,19.7,-72,2,-124,0.0
2026-06-27T16:48:30.268Z,19.7,-72,2,-131,0.0
2026-06-27T16:48:30.270Z,19.7,-72,2,-139,0.0
2026-06-27T16:48:30.272Z,19.7,-72,2,-147,0.0
2026-06-27T16:48:30.274Z,19.7,-72,2,-156,0.0
2026-06-27T16:48:30.276Z,19.7,-72,2,-164,0.0
2026-06-27T16:48:30.277Z,19.7,-72,3,-172,0.0
2026-06-27T16:48:30.278Z,19.7,-72,3,-181,0.0
2026-06-27T16:48:30.279Z,19.7,-72,2,-190,0.0
2026-06-27T16:48:30.280Z,20.0,-72,2,-199,0.0
2026-06-27T16:48:30.325Z,20.0,-72,3,-167,0.0
2026-06-27T16:48:30.330Z,20.0,-72,4,-171,0.0
2026-06-27T16:48:30.333Z,20.0,-72,3,-177,0.0
2026-06-27T16:48:30.335Z,20.0,-72,2,-184,0.0
2026-06-27T16:48:30.336Z,19.0,-72,2,-192,0.0
2026-06-27T16:48:30.337Z,19.0,-72,2,-201,0.0
2026-06-27T16:48:30.338Z,19.0,-72,2,-210,0.0
2026-06-27T16:48:30.339Z,19.0,-72,2,-219,0.0
2026-06-27T16:48:30.378Z,19.0,-72,6,-194,0.0
2026-06-27T16:48:30.384Z,19.0,-71,3,-196,0.0
2026-06-27T16:48:30.386Z,20.3,-71,2,-204,0.0
2026-06-27T16:48:30.387Z,19.4,-71,2,-212,0.0
2026-06-27T16:48:30.388Z,19.3,-71,2,-221,0.0
2026-06-27T16:48:30.502Z,19.3,-71,2,-122,0.0
2026-06-27T16:48:30.511Z,19.3,-71,3,-121,0.0
2026-06-27T16:48:30.515Z,19.3,-71,2,-127,0.0
2026-06-27T16:48:30.518Z,19.3,-71,2,-133,0.0
2026-06-27T16:48:30.520Z,19.4,-71,2,-140,0.0
2026-06-27T16:48:30.522Z,19.3,-71,2,-147,0.0
2026-06-27T16:48:30.524Z,19.3,-71,3,-157,0.0
2026-06-27T16:48:30.525Z,18.4,-71,2,-165,0.0
2026-06-27T16:48:30.526Z,18.4,-71,3,-174,0.0
2026-06-27T16:48:30.528Z,18.4,-71,3,-183,0.0
2026-06-27T16:48:30.529Z,18.4,-71,3,-191,0.0
2026-06-27T16:48:30.530Z,18.4,-71,3,-200,0.0
2026-06-27T16:48:30.531Z,18.4,-71,3,-209,0.0
2026-06-27T16:48:30.630Z,18.4,-71,5,-124,0.0
2026-06-27T16:48:30.635Z,18.4,-71,3,-126,0.0
2026-06-27T16:48:30.639Z,18.4,-71,2,-131,0.0
2026-06-27T16:48:30.641Z,18.4,-69,2,-139,0.0
2026-06-27T16:48:30.643Z,18.4,-69,2,-147,0.0
2026-06-27T16:48:30.644Z,19.7,-69,2,-155,0.0
2026-06-27T16:48:30.645Z,19.7,-69,2,-165,0.0
2026-06-27T16:48:30.646Z,19.7,-69,2,-173,0.0
2026-06-27T16:48:30.648Z,19.7,-69,3,-182,0.0
2026-06-27T16:48:30.649Z,18.7,-69,3,-191,0.0
2026-06-27T16:48:30.650Z,18.7,-69,3,-200,0.0
2026-06-27T16:48:30.651Z,18.7,-69,3,-209,0.0
2026-06-27T16:48:30.736Z,18.7,-69,3,-137,0.0
2026-06-27T16:48:30.746Z,18.7,-69,4,-135,0.0
2026-06-27T16:48:30.749Z,18.7,-69,2,-142,0.0
2026-06-27T16:48:30.751Z,20.0,-69,2,-149,0.0
2026-06-27T16:48:30.754Z,19.0,-69,2,-156,0.0
2026-06-27T16:48:30.756Z,19.0,-69,2,-164,0.0
2026-06-27T16:48:30.757Z,19.0,-69,3,-173,0.0
2026-06-27T16:48:30.758Z,19.0,-69,2,-182,0.0
2026-06-27T16:48:30.760Z,19.0,-69,3,-191,0.0
2026-06-27T16:48:30.761Z,19.0,-69,3,-199,0.0
2026-06-27T16:48:30.763Z,19.0,-69,2,-207,0.0
2026-06-27T16:48:30.860Z,19.0,-69,5,-120,0.0
2026-06-27T16:48:30.864Z,19.0,-67,2,-126,0.0
2026-06-27T16:48:30.867Z,19.0,-67,2,-133,0.0
2026-06-27T16:48:30.868Z,19.0,-67,2,-141,0.0
2026-06-27T16:48:30.869Z,19.0,-67,2,-150,0.0
2026-06-27T16:48:30.870Z,19.0,-67,2,-160,0.0
2026-06-27T16:48:30.871Z,19.0,-67,2,-169,0.0
2026-06-27T16:48:30.872Z,19.0,-67,2,-178,0.0
2026-06-27T16:48:30.873Z,19.0,-67,3,-186,0.0
2026-06-27T16:48:30.875Z,19.0,-67,3,-195,0.0
2026-06-27T16:48:30.876Z,19.0,-67,3,-204,0.0
2026-06-27T16:48:30.877Z,19.0,-67,3,-213,0.0
2026-06-27T16:48:30.878Z,19.0,-67,3,-222,0.0
2026-06-27T16:48:30.943Z,19.0,-67,5,-171,0.0
2026-06-27T16:48:30.952Z,18.1,-67,2,-171,0.0
2026-06-27T16:48:30.955Z,18.1,-67,2,-175,0.0
2026-06-27T16:48:30.957Z,18.1,-67,2,-183,0.0
2026-06-27T16:48:30.958Z,18.1,-67,2,-191,0.0
2026-06-27T16:48:30.959Z,18.1,-67,2,-200,0.0
2026-06-27T16:48:30.960Z,18.1,-67,2,-210,0.0
2026-06-27T16:48:31.057Z,18.1,-67,2,-122,0.0
2026-06-27T16:48:31.059Z,18.1,-67,5,-130,0.0
2026-06-27T16:48:31.061Z,18.1,-67,2,-138,0.0
2026-06-27T16:48:31.063Z,19.3,-67,2,-146,0.0
2026-06-27T16:48:31.064Z,18.4,-67,2,-155,0.0
2026-06-27T16:48:31.065Z,18.4,-67,2,-164,0.0
2026-06-27T16:48:31.066Z,18.4,-67,2,-175,0.0
2026-06-27T16:48:31.067Z,18.4,-67,2,-183,0.0
2026-06-27T16:48:31.068Z,18.4,-67,3,-192,0.0
2026-06-27T16:48:31.069Z,18.4,-67,3,-200,0.0
2026-06-27T16:48:31.070Z,18.4,-67,3,-209,0.0
2026-06-27T16:48:31.072Z,18.4,-67,3,-218,0.0
2026-06-27T16:48:31.073Z,18.4,-67,3,-227,0.0
2026-06-27T16:48:31.145Z,18.4,-67,5,-166,0.0
2026-06-27T16:48:31.147Z,18.4,-67,3,-172,0.0
2026-06-27T16:48:31.148Z,19.3,-67,2,-181,0.0
2026-06-27T16:48:31.150Z,19.3,-67,2,-190,0.0
2026-06-27T16:48:31.151Z,19.3,-67,2,-198,0.0
2026-06-27T16:48:31.152Z,19.3,-67,2,-207,0.0
2026-06-27T16:48:31.153Z,19.3,-67,2,-217,0.0
2026-06-27T16:48:31.154Z,19.3,-67,2,-227,0.0
2026-06-27T16:48:31.272Z,19.4,-66,3,-122,0.0
2026-06-27T16:48:31.273Z,19.0,-66,2,-129,0.0
2026-06-27T16:48:31.275Z,19.0,-66,2,-137,0.0
2026-06-27T16:48:31.276Z,19.0,-66,2,-146,0.0
2026-06-27T16:48:31.277Z,19.0,-66,2,-155,0.0
2026-06-27T16:48:31.278Z,19.0,-66,2,-164,0.0
2026-06-27T16:48:31.280Z,19.0,-66,2,-173,0.0
2026-06-27T16:48:31.281Z,19.0,-66,2,-182,0.0
2026-06-27T16:48:31.282Z,19.0,-66,3,-191,0.0
2026-06-27T16:48:31.283Z,19.0,-66,3,-200,0.0
2026-06-27T16:48:31.284Z,19.0,-66,3,-209,0.0
2026-06-27T16:48:31.285Z,20.0,-66,3,-218,0.0
2026-06-27T16:48:31.349Z,18.7,-66,3,-164,0.0
2026-06-27T16:48:31.351Z,18.8,-66,5,-173,0.0
2026-06-27T16:48:31.353Z,18.7,-66,2,-180,0.0
2026-06-27T16:48:31.354Z,18.7,-66,2,-189,0.0
2026-06-27T16:48:31.355Z,18.7,-66,2,-198,0.0
2026-06-27T16:48:31.356Z,18.7,-66,2,-207,0.0
2026-06-27T16:48:31.357Z,18.7,-66,2,-216,0.0
2026-06-27T16:48:31.358Z,18.7,-66,2,-225,0.0
2026-06-27T16:48:31.449Z,18.7,-66,2,-146,0.0
2026-06-27T16:48:31.451Z,18.7,-66,3,-152,0.0
2026-06-27T16:48:31.453Z,18.7,-66,2,-160,0.0
2026-06-27T16:48:31.454Z,18.7,-66,2,-169,0.0
2026-06-27T16:48:31.455Z,18.7,-66,2,-178,0.0
2026-06-27T16:48:31.456Z,18.7,-66,2,-187,0.0
2026-06-27T16:48:31.457Z,18.7,-66,2,-197,0.0
2026-06-27T16:48:31.458Z,18.7,-66,2,-206,0.0
2026-06-27T16:48:31.459Z,18.7,-66,3,-215,0.0
2026-06-27T16:48:31.460Z,19.7,-66,3,-224,0.0
2026-06-27T16:48:31.552Z,19.7,-66,3,-143,0.0
2026-06-27T16:48:31.555Z,19.7,-65,3,-149,0.0
2026-06-27T16:48:31.558Z,19.7,-65,2,-155,0.0
2026-06-27T16:48:31.559Z,18.4,-65,2,-164,0.0
2026-06-27T16:48:31.560Z,18.4,-65,2,-173,0.0
2026-06-27T16:48:31.562Z,18.4,-65,2,-181,0.0
2026-06-27T16:48:31.563Z,18.4,-65,3,-191,0.0
2026-06-27T16:48:31.564Z,18.4,-65,2,-200,0.0
2026-06-27T16:48:31.565Z,18.4,-65,3,-209,0.0
2026-06-27T16:48:31.566Z,18.4,-65,3,-218,0.0
2026-06-27T16:48:31.674Z,19.3,-65,3,-121,0.0
2026-06-27T16:48:31.676Z,19.3,-65,5,-128,0.0
2026-06-27T16:48:31.678Z,19.3,-65,2,-135,0.0
2026-06-27T16:48:31.679Z,19.3,-65,2,-144,0.0
2026-06-27T16:48:31.681Z,19.3,-65,2,-153,0.0
2026-06-27T16:48:31.682Z,19.3,-65,2,-161,0.0
2026-06-27T16:48:31.683Z,20.3,-65,2,-170,0.0
2026-06-27T16:48:31.684Z,19.0,-65,2,-180,0.0
2026-06-27T16:48:31.685Z,19.0,-65,2,-189,0.0
2026-06-27T16:48:31.686Z,19.0,-65,3,-198,0.0
2026-06-27T16:48:31.687Z,19.0,-65,3,-207,0.0
2026-06-27T16:48:31.688Z,20.0,-65,3,-216,0.0
2026-06-27T16:48:31.689Z,20.0,-65,3,-225,0.0
2026-06-27T16:48:31.756Z,18.7,-65,5,-169,0.0
2026-06-27T16:48:31.757Z,18.7,-65,2,-176,0.0
2026-06-27T16:48:31.759Z,18.7,-65,2,-184,0.0
2026-06-27T16:48:31.760Z,19.7,-65,2,-193,0.0
2026-06-27T16:48:31.761Z,19.7,-65,2,-202,0.0
2026-06-27T16:48:31.762Z,19.7,-65,2,-211,0.0
2026-06-27T16:48:31.766Z,20.6,-65,2,-219,0.0
2026-06-27T16:48:31.767Z,20.6,-65,2,-227,0.0
2026-06-27T16:48:31.882Z,19.3,-65,5,-123,0.0
2026-06-27T16:48:31.884Z,19.3,-64,2,-129,0.0
2026-06-27T16:48:31.886Z,19.3,-64,2,-137,0.0
2026-06-27T16:48:31.887Z,19.3,-64,2,-146,0.0
2026-06-27T16:48:31.889Z,20.3,-64,2,-155,0.0
2026-06-27T16:48:31.890Z,20.3,-64,2,-164,0.0
2026-06-27T16:48:31.891Z,20.3,-64,2,-173,0.0
2026-06-27T16:48:31.892Z,20.3,-64,2,-182,0.0
2026-06-27T16:48:31.893Z,21.3,-64,2,-191,0.0
2026-06-27T16:48:31.894Z,20.0,-64,2,-200,0.0
2026-06-27T16:48:31.895Z,20.0,-64,2,-209,0.0
2026-06-27T16:48:31.896Z,20.0,-64,2,-218,0.0
2026-06-27T16:48:31.897Z,20.0,-64,2,-227,0.0
2026-06-27T16:48:31.962Z,20.0,-64,4,-172,0.0
2026-06-27T16:48:31.964Z,20.0,-64,3,-179,0.0
2026-06-27T16:48:31.965Z,20.0,-64,2,-188,0.0
2026-06-27T16:48:31.967Z,20.9,-64,2,-196,0.0
2026-06-27T16:48:31.968Z,19.7,-64,2,-205,0.0
2026-06-27T16:48:31.970Z,19.7,-64,2,-213,0.0
2026-06-27T16:48:31.971Z,19.7,-64,2,-223,0.0
2026-06-27T16:48:32.084Z,20.6,-64,2,-121,0.0
2026-06-27T16:48:32.087Z,20.6,-63,5,-128,0.0
2026-06-27T16:48:32.089Z,20.6,-63,2,-134,0.0
2026-06-27T16:48:32.090Z,21.6,-63,2,-144,0.0
2026-06-27T16:48:32.091Z,20.3,-63,2,-152,0.0
2026-06-27T16:48:32.093Z,20.3,-63,2,-161,0.0
2026-06-27T16:48:32.094Z,20.0,-63,2,-169,0.0
2026-06-27T16:48:32.095Z,21.0,-63,2,-179,0.0
2026-06-27T16:48:32.096Z,20.9,-63,2,-188,0.0
2026-06-27T16:48:32.097Z,20.7,-63,2,-197,0.0
2026-06-27T16:48:32.098Z,20.6,-63,2,-206,0.0
2026-06-27T16:48:32.099Z,16.2,-63,2,-215,0.0
2026-06-27T16:48:32.100Z,15.9,-63,2,-224,0.0
2026-06-27T16:48:32.169Z,15.9,-63,5,-165,0.0
2026-06-27T16:48:32.170Z,21.0,-63,2,-173,0.0
2026-06-27T16:48:32.172Z,16.8,-63,2,-181,0.0
2026-06-27T16:48:32.174Z,16.5,-63,2,-189,0.0
2026-06-27T16:48:32.175Z,16.5,-63,2,-198,0.0
2026-06-27T16:48:32.176Z,16.2,-63,2,-207,0.0
2026-06-27T16:48:32.177Z,16.2,-63,2,-217,0.0
2026-06-27T16:48:32.179Z,15.9,-63,2,-224,0.0
2026-06-27T16:48:32.292Z,14.5,-63,4,-122,0.0
2026-06-27T16:48:32.294Z,15.9,-63,2,-130,0.0
2026-06-27T16:48:32.296Z,14.2,-63,2,-138,0.0
2026-06-27T16:48:32.297Z,14.2,-63,2,-146,0.0
2026-06-27T16:48:32.298Z,15.5,-63,2,-155,0.0
2026-06-27T16:48:32.299Z,13.8,-63,2,-164,0.0
2026-06-27T16:48:32.300Z,15.2,-63,2,-174,0.0
2026-06-27T16:48:32.301Z,13.5,-63,2,-182,0.0
2026-06-27T16:48:32.302Z,16.2,-63,2,-192,0.0
2026-06-27T16:48:32.304Z,13.2,-63,2,-199,0.0
2026-06-27T16:48:32.305Z,13.2,-63,2,-208,0.0
2026-06-27T16:48:32.306Z,14.5,-63,2,-217,0.0
2026-06-27T16:48:32.307Z,14.5,-63,2,-226,0.0
2026-06-27T16:48:32.347Z,15.9,-63,5,-196,0.0
2026-06-27T16:48:32.349Z,14.2,-63,2,-204,0.0
2026-06-27T16:48:32.351Z,14.2,-63,2,-212,0.0
2026-06-27T16:48:32.352Z,13.8,-63,2,-221,0.0
2026-06-27T16:48:32.353Z,13.8,-63,2,-230,0.0
2026-06-27T16:48:32.472Z,16.5,-63,2,-123,0.0
2026-06-27T16:48:32.474Z,13.5,-63,3,-129,0.0
2026-06-27T16:48:32.475Z,13.5,-63,2,-138,0.0
2026-06-27T16:48:32.477Z,13.5,-62,2,-147,0.0
2026-06-27T16:48:32.478Z,14.9,-62,2,-155,0.0
2026-06-27T16:48:32.479Z,13.2,-62,2,-164,0.0
2026-06-27T16:48:32.480Z,13.2,-62,2,-174,0.0
2026-06-27T16:48:32.481Z,14.5,-62,2,-182,0.0
2026-06-27T16:48:32.482Z,14.5,-62,2,-191,0.0
2026-06-27T16:48:32.483Z,14.5,-62,2,-200,0.0
2026-06-27T16:48:32.485Z,14.2,-62,2,-208,0.0
2026-06-27T16:48:32.486Z,14.2,-62,2,-218,0.0
2026-06-27T16:48:32.487Z,15.5,-62,2,-226,0.0
2026-06-27T16:48:32.578Z,15.5,-62,5,-145,0.0
2026-06-27T16:48:32.579Z,15.5,-62,2,-154,0.0
2026-06-27T16:48:32.581Z,15.2,-62,2,-162,0.0
2026-06-27T16:48:32.583Z,15.2,-62,2,-171,0.0
2026-06-27T16:48:32.584Z,16.2,-62,2,-179,0.0
2026-06-27T16:48:32.585Z,14.9,-62,2,-188,0.0
2026-06-27T16:48:32.586Z,14.9,-62,2,-198,0.0
2026-06-27T16:48:32.587Z,15.9,-62,2,-207,0.0
2026-06-27T16:48:32.590Z,14.5,-62,2,-214,0.0
2026-06-27T16:48:32.591Z,15.9,-62,2,-224,0.0
2026-06-27T16:48:32.704Z,15.9,-63,2,-120,0.0
2026-06-27T16:48:32.706Z,16.8,-63,2,-128,0.0
2026-06-27T16:48:32.708Z,16.8,-63,2,-135,0.0
2026-06-27T16:48:32.710Z,16.8,-63,2,-144,0.0
2026-06-27T16:48:32.711Z,16.5,-63,2,-152,0.0
2026-06-27T16:48:32.712Z,16.5,-63,2,-162,0.0
2026-06-27T16:48:32.713Z,16.5,-63,3,-171,0.0
2026-06-27T16:48:32.714Z,16.5,-63,2,-180,0.0
2026-06-27T16:48:32.715Z,22.5,-63,2,-189,0.0
2026-06-27T16:48:32.716Z,16.2,-63,2,-198,0.0
2026-06-27T16:48:32.717Z,16.2,-63,2,-207,0.0
2026-06-27T16:48:32.718Z,16.2,-63,2,-215,0.0
2026-06-27T16:48:32.719Z,15.9,-63,2,-224,0.0
2026-06-27T16:48:32.827Z,15.9,-63,5,-126,0.0
2026-06-27T16:48:32.828Z,15.9,-63,2,-135,0.0
2026-06-27T16:48:32.830Z,15.9,-63,2,-143,0.0
2026-06-27T16:48:32.831Z,16.8,-63,2,-152,0.0
2026-06-27T16:48:32.832Z,16.8,-63,2,-161,0.0
2026-06-27T16:48:32.834Z,22.8,-63,2,-170,0.0
2026-06-27T16:48:32.835Z,16.5,-63,3,-179,0.0
2026-06-27T16:48:32.836Z,16.5,-63,3,-188,0.0
2026-06-27T16:48:32.837Z,22.5,-65,2,-197,0.0
2026-06-27T16:48:32.838Z,17.5,-65,2,-206,0.0
2026-06-27T16:48:32.839Z,16.2,-65,3,-215,0.0
2026-06-27T16:48:32.840Z,22.2,-65,2,-224,0.0
2026-06-27T16:48:32.962Z,15.9,-65,2,-117,0.0
2026-06-27T16:48:32.970Z,15.9,-65,4,-117,0.0
2026-06-27T16:48:32.976Z,22.8,-65,2,-121,0.0
2026-06-27T16:48:32.979Z,22.8,-65,2,-128,0.0
2026-06-27T16:48:32.981Z,24.2,-65,2,-135,0.0
2026-06-27T16:48:32.983Z,23.4,-65,2,-143,0.0
2026-06-27T16:48:32.984Z,23.4,-66,4,-152,0.0
2026-06-27T16:48:32.986Z,24.2,-66,3,-159,0.0
2026-06-27T16:48:32.987Z,23.9,-66,2,-168,0.0
2026-06-27T16:48:32.988Z,23.1,-66,2,-177,0.0
2026-06-27T16:48:32.989Z,23.9,-66,2,-186,0.0
2026-06-27T16:48:32.990Z,24.5,-66,2,-195,0.0
2026-06-27T16:48:32.991Z,23.6,-66,2,-204,0.0
2026-06-27T16:48:33.081Z,23.6,-66,10,-129,0.0
2026-06-27T16:48:33.084Z,24.2,-66,2,-137,0.0
2026-06-27T16:48:33.087Z,24.2,-66,3,-144,0.0
2026-06-27T16:48:33.088Z,24.2,-66,3,-152,0.0
2026-06-27T16:48:33.089Z,24.2,-66,3,-161,0.0
2026-06-27T16:48:33.090Z,24.8,-66,2,-170,0.0
2026-06-27T16:48:33.091Z,23.9,-66,2,-180,0.0
2026-06-27T16:48:33.092Z,23.9,-66,3,-188,0.0
2026-06-27T16:48:33.093Z,23.9,-66,2,-197,0.0
2026-06-27T16:48:33.094Z,25.4,-66,2,-206,0.0
2026-06-27T16:48:33.095Z,24.5,-66,2,-215,0.0
2026-06-27T16:48:33.096Z,24.5,-66,2,-223,0.0
2026-06-27T16:48:33.189Z,24.5,-66,2,-144,0.0
2026-06-27T16:48:33.191Z,24.5,-68,3,-151,0.0
2026-06-27T16:48:33.193Z,24.5,-68,3,-160,0.0
2026-06-27T16:48:33.194Z,25.1,-68,3,-168,0.0
2026-06-27T16:48:33.195Z,24.2,-68,3,-177,0.0
2026-06-27T16:48:33.196Z,24.2,-68,3,-186,0.0
2026-06-27T16:48:33.198Z,24.2,-68,3,-195,0.0
2026-06-27T16:48:33.199Z,24.2,-68,3,-203,0.0
2026-06-27T16:48:33.200Z,25.7,-68,2,-212,0.0
2026-06-27T16:48:33.201Z,24.8,-68,2,-221,0.0
2026-06-27T16:48:33.310Z,24.8,-68,2,-122,0.0
2026-06-27T16:48:33.313Z,24.8,-68,5,-130,0.0
2026-06-27T16:48:33.316Z,24.8,-68,2,-136,0.0
2026-06-27T16:48:33.318Z,24.8,-68,3,-144,0.0
2026-06-27T16:48:33.319Z,24.8,-68,3,-153,0.0
2026-06-27T16:48:33.320Z,25.4,-68,3,-162,0.0
2026-06-27T16:48:33.321Z,25.4,-68,3,-171,0.0
2026-06-27T16:48:33.322Z,24.5,-68,3,-181,0.0
2026-06-27T16:48:33.323Z,24.5,-68,3,-189,0.0
2026-06-27T16:48:33.324Z,24.5,-68,2,-198,0.0
2026-06-27T16:48:33.325Z,24.5,-68,2,-207,0.0
2026-06-27T16:48:33.326Z,24.5,-68,2,-215,0.0
2026-06-27T16:48:33.328Z,25.9,-68,2,-224,0.0
2026-06-27T16:48:33.397Z,26.0,-68,5,-166,0.0
2026-06-27T16:48:33.399Z,25.1,-68,3,-174,0.0
2026-06-27T16:48:33.400Z,25.1,-68,3,-182,0.0
2026-06-27T16:48:33.401Z,25.1,-68,3,-191,0.0
2026-06-27T16:48:33.404Z,25.1,-68,3,-199,0.0
2026-06-27T16:48:33.405Z,25.1,-68,3,-207,0.0
2026-06-27T16:48:33.406Z,25.1,-68,2,-217,0.0
2026-06-27T16:48:33.408Z,25.7,-68,3,-224,0.0
2026-06-27T16:48:33.526Z,25.7,-68,5,-117,0.0
2026-06-27T16:48:33.528Z,17.4,-70,3,-123,0.0
2026-06-27T16:48:33.530Z,17.4,-70,2,-131,0.0
2026-06-27T16:48:33.532Z,24.8,-70,2,-140,0.0
2026-06-27T16:48:33.533Z,24.8,-70,3,-149,0.0
2026-06-27T16:48:33.534Z,17.1,-70,3,-157,0.0
2026-06-27T16:48:33.535Z,15.9,-70,3,-167,0.0
2026-06-27T16:48:33.537Z,15.9,-70,2,-175,0.0
2026-06-27T16:48:33.538Z,25.4,-70,2,-184,0.0
2026-06-27T16:48:33.539Z,25.4,-70,2,-193,0.0
2026-06-27T16:48:33.540Z,16.8,-70,2,-202,0.0
2026-06-27T16:48:33.541Z,16.8,-70,2,-211,0.0
2026-06-27T16:48:33.542Z,16.8,-70,2,-220,0.0
2026-06-27T16:48:33.578Z,16.8,-70,5,-194,0.0
2026-06-27T16:48:33.580Z,25.9,-70,2,-203,0.0
2026-06-27T16:48:33.581Z,25.9,-70,2,-211,0.0
2026-06-27T16:48:33.583Z,17.8,-70,2,-218,0.0
2026-06-27T16:48:33.585Z,16.5,-70,2,-226,0.0
2026-06-27T16:48:33.699Z,17.8,-70,2,-123,0.0
2026-06-27T16:48:33.702Z,17.8,-70,4,-130,0.0
2026-06-27T16:48:33.704Z,25.1,-70,2,-139,0.0
2026-06-27T16:48:33.705Z,25.1,-71,2,-147,0.0
2026-06-27T16:48:33.706Z,17.4,-71,3,-155,0.0
2026-06-27T16:48:33.708Z,17.4,-71,2,-163,0.0
2026-06-27T16:48:33.709Z,16.2,-71,2,-174,0.0
2026-06-27T16:48:33.710Z,17.4,-71,3,-182,0.0
2026-06-27T16:48:33.711Z,17.4,-71,3,-191,0.0
2026-06-27T16:48:33.712Z,25.7,-71,3,-200,0.0
2026-06-27T16:48:33.713Z,25.7,-71,2,-209,0.0
2026-06-27T16:48:33.714Z,17.1,-71,2,-218,0.0
2026-06-27T16:48:33.716Z,17.1,-71,3,-226,0.0
2026-06-27T16:48:33.805Z,15.9,-71,5,-147,0.0
2026-06-27T16:48:33.806Z,15.9,-71,3,-155,0.0
2026-06-27T16:48:33.809Z,15.9,-71,2,-163,0.0
2026-06-27T16:48:33.810Z,15.9,-71,2,-171,0.0
2026-06-27T16:48:33.811Z,17.1,-71,2,-180,0.0
2026-06-27T16:48:33.812Z,17.1,-71,2,-189,0.0
2026-06-27T16:48:33.815Z,17.1,-71,2,-197,0.0
2026-06-27T16:48:33.816Z,17.1,-71,2,-206,0.0
2026-06-27T16:48:33.817Z,17.1,-71,2,-215,0.0
2026-06-27T16:48:33.818Z,18.4,-71,3,-223,0.0
2026-06-27T16:48:33.858Z,18.4,-71,5,-194,0.0
2026-06-27T16:48:33.860Z,18.4,-70,2,-201,0.0
2026-06-27T16:48:33.861Z,18.4,-70,2,-210,0.0
2026-06-27T16:48:33.863Z,18.4,-70,2,-219,0.0
2026-06-27T16:48:33.864Z,24.8,-70,2,-228,0.0
2026-06-27T16:48:33.980Z,24.8,-70,3,-123,0.0
2026-06-27T16:48:33.982Z,24.8,-70,3,-130,0.0
2026-06-27T16:48:33.985Z,24.8,-70,3,-138,0.0
2026-06-27T16:48:33.986Z,26.2,-70,3,-146,0.0
2026-06-27T16:48:33.987Z,24.8,-70,3,-155,0.0
2026-06-27T16:48:33.988Z,24.8,-70,3,-164,0.0
2026-06-27T16:48:33.990Z,24.8,-70,2,-174,0.0
2026-06-27T16:48:33.991Z,24.8,-70,2,-181,0.0
2026-06-27T16:48:33.992Z,26.2,-70,2,-190,0.0
2026-06-27T16:48:33.993Z,26.2,-70,2,-199,0.0
2026-06-27T16:48:33.994Z,24.8,-70,2,-208,0.0
2026-06-27T16:48:33.995Z,27.1,-70,2,-217,0.0
2026-06-27T16:48:33.996Z,24.8,-70,2,-226,0.0
2026-06-27T16:48:34.108Z,25.7,-70,5,-124,0.0
2026-06-27T16:48:34.109Z,24.8,-70,2,-133,0.0
2026-06-27T16:48:34.111Z,24.8,-70,3,-141,0.0
2026-06-27T16:48:34.112Z,24.8,-70,3,-150,0.0
2026-06-27T16:48:34.114Z,24.8,-70,3,-159,0.0
2026-06-27T16:48:34.115Z,24.8,-70,2,-167,0.0
2026-06-27T16:48:34.116Z,24.8,-70,3,-177,0.0
2026-06-27T16:48:34.117Z,19.7,-70,3,-185,0.0
2026-06-27T16:48:34.118Z,18.4,-70,3,-194,0.0
2026-06-27T16:48:34.119Z,18.4,-70,3,-203,0.0
2026-06-27T16:48:34.120Z,18.4,-70,3,-212,0.0
2026-06-27T16:48:34.121Z,26.5,-70,3,-221,0.0
2026-06-27T16:48:34.213Z,25.1,-70,2,-139,0.0
2026-06-27T16:48:34.216Z,25.1,-71,3,-147,0.0
2026-06-27T16:48:34.217Z,25.1,-71,2,-155,0.0
2026-06-27T16:48:34.219Z,25.1,-71,3,-163,0.0
2026-06-27T16:48:34.221Z,25.9,-71,3,-171,0.0
2026-06-27T16:48:34.222Z,25.4,-71,3,-180,0.0
2026-06-27T16:48:34.223Z,24.5,-71,3,-190,0.0
2026-06-27T16:48:34.224Z,24.5,-71,3,-198,0.0
2026-06-27T16:48:34.225Z,24.5,-71,2,-207,0.0
2026-06-27T16:48:34.226Z,25.4,-71,2,-216,0.0
2026-06-27T16:48:34.227Z,25.4,-71,2,-226,0.0
2026-06-27T16:48:34.344Z,25.7,-71,3,-122,0.0
2026-06-27T16:48:34.347Z,24.8,-71,2,-129,0.0
2026-06-27T16:48:34.350Z,24.8,-71,3,-136,0.0
2026-06-27T16:48:34.351Z,24.8,-71,3,-144,0.0
2026-06-27T16:48:34.352Z,24.8,-71,3,-153,0.0
2026-06-27T16:48:34.353Z,25.7,-71,3,-162,0.0
2026-06-27T16:48:34.354Z,25.1,-71,2,-172,0.0
2026-06-27T16:48:34.356Z,25.1,-71,3,-180,0.0
2026-06-27T16:48:34.357Z,25.1,-71,2,-188,0.0
2026-06-27T16:48:34.358Z,25.1,-71,2,-197,0.0
2026-06-27T16:48:34.359Z,25.1,-71,2,-206,0.0
2026-06-27T16:48:34.360Z,24.5,-71,2,-215,0.0
2026-06-27T16:48:34.418Z,24.5,-71,2,-168,0.0
2026-06-27T16:48:34.420Z,24.5,-71,4,-177,0.0
2026-06-27T16:48:34.422Z,25.4,-71,2,-185,0.0
2026-06-27T16:48:34.423Z,24.8,-71,2,-193,0.0
2026-06-27T16:48:34.424Z,24.8,-71,2,-202,0.0
2026-06-27T16:48:34.426Z,24.8,-71,3,-210,0.0
2026-06-27T16:48:34.427Z,25.7,-71,2,-219,0.0
2026-06-27T16:48:34.429Z,24.2,-71,2,-227,0.0
2026-06-27T16:48:34.526Z,24.2,-71,5,-143,0.0
2026-06-27T16:48:34.531Z,24.2,-72,2,-146,0.0
2026-06-27T16:48:34.534Z,25.4,-72,2,-153,0.0
2026-06-27T16:48:34.535Z,24.5,-72,3,-161,0.0
2026-06-27T16:48:34.536Z,24.5,-72,3,-169,0.0
2026-06-27T16:48:34.538Z,25.4,-72,3,-178,0.0
2026-06-27T16:48:34.539Z,23.9,-72,2,-188,0.0
2026-06-27T16:48:34.540Z,23.9,-72,3,-196,0.0
2026-06-27T16:48:34.541Z,25.7,-72,2,-205,0.0
2026-06-27T16:48:34.542Z,24.2,-72,2,-214,0.0
2026-06-27T16:48:34.629Z,24.2,-72,2,-142,0.0
2026-06-27T16:48:34.640Z,25.1,-73,3,-138,0.0
2026-06-27T16:48:34.643Z,23.6,-73,2,-145,0.0
2026-06-27T16:48:34.646Z,23.6,-73,2,-151,0.0
2026-06-27T16:48:34.648Z,25.4,-73,2,-159,0.0
2026-06-27T16:48:34.649Z,23.9,-73,3,-167,0.0
2026-06-27T16:48:34.650Z,23.9,-73,3,-177,0.0
2026-06-27T16:48:34.651Z,24.8,-73,3,-185,0.0
2026-06-27T16:48:34.652Z,23.4,-73,2,-194,0.0
2026-06-27T16:48:34.653Z,23.4,-73,2,-203,0.0
2026-06-27T16:48:34.752Z,26.2,-73,2,-117,0.0
2026-06-27T16:48:34.759Z,23.6,-74,5,-120,0.0
2026-06-27T16:48:34.762Z,23.6,-74,2,-126,0.0
2026-06-27T16:48:34.764Z,24.8,-74,2,-133,0.0
2026-06-27T16:48:34.766Z,23.9,-74,3,-140,0.0
2026-06-27T16:48:34.767Z,23.9,-74,2,-149,0.0
2026-06-27T16:48:34.768Z,24.2,-74,2,-158,0.0
2026-06-27T16:48:34.769Z,23.4,-74,3,-168,0.0
2026-06-27T16:48:34.770Z,24.2,-74,3,-176,0.0
2026-06-27T16:48:34.771Z,23.6,-74,2,-185,0.0
2026-06-27T16:48:34.772Z,23.6,-74,2,-194,0.0
2026-06-27T16:48:34.774Z,26.5,-74,2,-202,0.0
2026-06-27T16:48:34.775Z,23.1,-74,2,-211,0.0
2026-06-27T16:48:34.832Z,23.1,-74,5,-169,0.0
2026-06-27T16:48:34.838Z,25.1,-74,3,-171,0.0
2026-06-27T16:48:34.843Z,23.4,-74,3,-175,0.0
2026-06-27T16:48:34.845Z,23.4,-74,2,-182,0.0
2026-06-27T16:48:34.846Z,22.8,-74,2,-190,0.0
2026-06-27T16:48:34.848Z,22.8,-74,2,-198,0.0
2026-06-27T16:48:34.849Z,25.7,-74,3,-208,0.0
2026-06-27T16:48:34.850Z,23.1,-74,3,-216,0.0
2026-06-27T16:48:34.959Z,25.9,-74,5,-122,0.0
2026-06-27T16:48:34.960Z,22.5,-77,3,-129,0.0
2026-06-27T16:48:34.962Z,23.4,-77,2,-137,0.0
2026-06-27T16:48:34.963Z,22.8,-77,2,-146,0.0
2026-06-27T16:48:34.965Z,23.6,-77,2,-154,0.0
2026-06-27T16:48:34.966Z,23.1,-77,2,-163,0.0
2026-06-27T16:48:34.967Z,23.1,-77,3,-173,0.0
2026-06-27T16:48:34.968Z,24.2,-77,3,-181,0.0
2026-06-27T16:48:34.969Z,22.5,-77,2,-190,0.0
2026-06-27T16:48:34.970Z,25.4,-77,2,-198,0.0
2026-06-27T16:48:34.972Z,22.8,-77,2,-207,0.0
2026-06-27T16:48:34.973Z,25.7,-77,2,-216,0.0
2026-06-27T16:48:35.040Z,22.2,-77,2,-159,0.0
2026-06-27T16:48:35.042Z,25.9,-77,4,-167,0.0
2026-06-27T16:48:35.043Z,22.5,-77,3,-176,0.0
2026-06-27T16:48:35.045Z,23.4,-77,3,-184,0.0
2026-06-27T16:48:35.047Z,22.8,-77,2,-193,0.0
2026-06-27T16:48:35.048Z,21.9,-77,2,-201,0.0
2026-06-27T16:48:35.049Z,23.9,-77,2,-210,0.0
2026-06-27T16:48:35.050Z,22.2,-77,2,-219,0.0
2026-06-27T16:48:35.051Z,25.1,-77,5,-228,0.0
2026-06-27T16:48:35.142Z,22.5,-77,2,-147,0.0
2026-06-27T16:48:35.145Z,25.4,-77,3,-154,0.0
2026-06-27T16:48:35.147Z,22.8,-77,3,-163,0.0
2026-06-27T16:48:35.148Z,23.9,-77,2,-171,0.0
2026-06-27T16:48:35.149Z,22.2,-77,2,-180,0.0
2026-06-27T16:48:35.150Z,24.2,-77,2,-189,0.0
2026-06-27T16:48:35.151Z,22.5,-77,3,-199,0.0
2026-06-27T16:48:35.152Z,23.6,-77,3,-207,0.0
2026-06-27T16:48:35.153Z,21.9,-77,2,-216,0.0
2026-06-27T16:48:35.237Z,22.2,-77,2,-143,0.0
2026-06-27T16:48:35.240Z,22.2,-78,5,-149,0.0
2026-06-27T16:48:35.243Z,22.5,-78,2,-156,0.0
2026-06-27T16:48:35.244Z,21.6,-78,2,-165,0.0
2026-06-27T16:48:35.246Z,21.9,-78,2,-173,0.0
2026-06-27T16:48:35.247Z,23.1,-78,2,-182,0.0
2026-06-27T16:48:35.248Z,22.2,-78,2,-192,0.0
2026-06-27T16:48:35.249Z,21.3,-78,3,-200,0.0
2026-06-27T16:48:35.251Z,21.6,-78,2,-208,0.0
2026-06-27T16:48:35.252Z,22.8,-78,2,-217,0.0
2026-06-27T16:48:35.253Z,21.9,-78,2,-226,0.0
2026-06-27T16:48:35.361Z,20.9,-76,6,-129,0.0
2026-06-27T16:48:35.363Z,21.3,-76,3,-136,0.0
2026-06-27T16:48:35.364Z,22.5,-76,2,-146,0.0
2026-06-27T16:48:35.366Z,22.8,-76,2,-155,0.0
2026-06-27T16:48:35.367Z,23.9,-76,2,-163,0.0
2026-06-27T16:48:35.368Z,20.9,-76,3,-172,0.0
2026-06-27T16:48:35.369Z,21.3,-76,3,-181,0.0
2026-06-27T16:48:35.370Z,21.6,-76,2,-190,0.0
2026-06-27T16:48:35.371Z,22.8,-76,2,-199,0.0
2026-06-27T16:48:35.372Z,38.3,-76,2,-209,0.0
2026-06-27T16:48:35.373Z,20.9,-76,2,-217,0.0
2026-06-27T16:48:35.375Z,21.3,-76,2,-225,0.0
2026-06-27T16:48:35.442Z,22.5,-76,2,-168,0.0
2026-06-27T16:48:35.445Z,37.1,-76,2,-176,0.0
2026-06-27T16:48:35.446Z,21.9,-76,2,-184,0.0
2026-06-27T16:48:35.448Z,22.2,-76,2,-193,0.0
2026-06-27T16:48:35.450Z,36.4,-76,2,-200,0.0
2026-06-27T16:48:35.451Z,37.1,-76,2,-209,0.0
2026-06-27T16:48:35.452Z,36.7,-76,2,-219,0.0
2026-06-27T16:48:35.453Z,36.2,-76,2,-229,0.0
2026-06-27T16:48:35.571Z,37.4,-72,3,-121,0.0
2026-06-27T16:48:35.573Z,36.9,-72,2,-128,0.0
2026-06-27T16:48:35.575Z,20.9,-72,2,-137,0.0
2026-06-27T16:48:35.578Z,36.0,-72,2,-144,0.0
2026-06-27T16:48:35.579Z,36.7,-72,2,-152,0.0
2026-06-27T16:48:35.580Z,35.8,-72,2,-161,0.0
2026-06-27T16:48:35.582Z,35.8,-72,2,-171,0.0
2026-06-27T16:48:35.583Z,36.4,-72,2,-179,0.0
2026-06-27T16:48:35.584Z,35.5,-72,3,-188,0.0
2026-06-27T16:48:35.585Z,35.5,-72,3,-197,0.0
2026-06-27T16:48:35.586Z,36.7,-72,3,-206,0.0
2026-06-27T16:48:35.587Z,35.8,-72,3,-215,0.0
2026-06-27T16:48:35.588Z,35.8,-72,3,-224,0.0
2026-06-27T16:48:35.653Z,36.4,-72,5,-169,0.0
2026-06-27T16:48:35.654Z,35.5,-72,2,-177,0.0
2026-06-27T16:48:35.657Z,35.5,-72,2,-185,0.0
2026-06-27T16:48:35.658Z,36.2,-72,2,-193,0.0
2026-06-27T16:48:35.659Z,35.8,-72,2,-202,0.0
2026-06-27T16:48:35.660Z,35.8,-72,2,-211,0.0
2026-06-27T16:48:35.661Z,36.4,-72,3,-220,0.0
2026-06-27T16:48:35.662Z,35.5,-72,3,-228,0.0
2026-06-27T16:48:35.786Z,35.5,-70,3,-115,0.0
2026-06-27T16:48:35.789Z,36.7,-70,3,-123,0.0
2026-06-27T16:48:35.790Z,35.8,-70,2,-131,0.0
2026-06-27T16:48:35.791Z,35.3,-70,2,-140,0.0
2026-06-27T16:48:35.792Z,35.3,-70,2,-149,0.0
2026-06-27T16:48:35.793Z,36.0,-70,2,-159,0.0
2026-06-27T16:48:35.795Z,35.5,-70,2,-167,0.0
2026-06-27T16:48:35.796Z,35.5,-70,2,-176,0.0
2026-06-27T16:48:35.797Z,35.0,-70,3,-185,0.0
2026-06-27T16:48:35.798Z,35.0,-70,3,-194,0.0
2026-06-27T16:48:35.799Z,35.8,-70,3,-203,0.0
2026-06-27T16:48:35.800Z,35.3,-70,3,-212,0.0
2026-06-27T16:48:35.801Z,35.3,-70,3,-221,0.0
2026-06-27T16:48:35.852Z,35.3,-70,5,-184,0.0
2026-06-27T16:48:35.856Z,34.8,-70,4,-188,0.0
2026-06-27T16:48:35.858Z,35.5,-70,2,-195,0.0
2026-06-27T16:48:35.861Z,35.5,-70,2,-202,0.0
2026-06-27T16:48:35.864Z,35.0,-70,2,-209,0.0
2026-06-27T16:48:35.866Z,35.0,-70,2,-216,0.0
2026-06-27T16:48:35.973Z,35.0,-70,4,-122,0.0
2026-06-27T16:48:35.975Z,34.5,-72,2,-129,0.0
2026-06-27T16:48:35.977Z,35.8,-72,2,-137,0.0
2026-06-27T16:48:35.978Z,35.3,-72,2,-146,0.0
2026-06-27T16:48:35.979Z,34.8,-72,2,-155,0.0
2026-06-27T16:48:35.981Z,34.8,-72,2,-163,0.0
2026-06-27T16:48:35.982Z,34.8,-72,2,-173,0.0
2026-06-27T16:48:35.983Z,34.3,-72,2,-182,0.0
2026-06-27T16:48:35.984Z,35.0,-72,3,-191,0.0
2026-06-27T16:48:35.985Z,35.0,-72,3,-200,0.0
2026-06-27T16:48:35.986Z,35.0,-72,3,-209,0.0
2026-06-27T16:48:35.987Z,34.5,-72,3,-218,0.0
2026-06-27T16:48:36.033Z,34.5,-72,3,-184,0.0
2026-06-27T16:48:36.035Z,34.0,-72,5,-191,0.0
2026-06-27T16:48:36.037Z,35.3,-72,3,-199,0.0
2026-06-27T16:48:36.038Z,34.8,-72,2,-207,0.0
2026-06-27T16:48:36.039Z,34.8,-72,2,-216,0.0
2026-06-27T16:48:36.040Z,34.2,-72,2,-225,0.0
2026-06-27T16:48:36.163Z,24.8,-72,2,-112,0.0
2026-06-27T16:48:36.165Z,24.8,-72,3,-120,0.0
2026-06-27T16:48:36.167Z,33.7,-72,3,-129,0.0
2026-06-27T16:48:36.168Z,33.7,-73,2,-137,0.0
2026-06-27T16:48:36.169Z,33.7,-73,2,-146,0.0
2026-06-27T16:48:36.170Z,33.2,-73,2,-155,0.0
2026-06-27T16:48:36.172Z,33.2,-73,3,-164,0.0
2026-06-27T16:48:36.173Z,34.0,-73,2,-173,0.0
2026-06-27T16:48:36.174Z,34.0,-73,2,-182,0.0
2026-06-27T16:48:36.175Z,34.0,-73,3,-191,0.0
2026-06-27T16:48:36.176Z,34.0,-73,2,-200,0.0
2026-06-27T16:48:36.177Z,34.0,-73,3,-209,0.0
2026-06-27T16:48:36.178Z,34.0,-73,3,-217,0.0
2026-06-27T16:48:36.215Z,33.5,-73,5,-195,0.0
2026-06-27T16:48:36.217Z,33.5,-74,2,-202,0.0
2026-06-27T16:48:36.219Z,33.5,-74,2,-209,0.0
2026-06-27T16:48:36.220Z,33.5,-74,2,-218,0.0
2026-06-27T16:48:36.221Z,33.5,-74,2,-226,0.0
2026-06-27T16:48:36.342Z,33.5,-74,2,-119,0.0
2026-06-27T16:48:36.345Z,33.5,-74,5,-125,0.0
2026-06-27T16:48:36.346Z,33.5,-74,3,-132,0.0
2026-06-27T16:48:36.347Z,33.5,-74,2,-141,0.0
2026-06-27T16:48:36.348Z,33.5,-74,2,-150,0.0
2026-06-27T16:48:36.350Z,24.5,-74,4,-159,0.0
2026-06-27T16:48:36.351Z,24.5,-75,3,-167,0.0
2026-06-27T16:48:36.352Z,23.6,-75,3,-177,0.0
2026-06-27T16:48:36.353Z,23.6,-75,3,-185,0.0
2026-06-27T16:48:36.354Z,23.6,-75,2,-194,0.0
2026-06-27T16:48:36.355Z,33.7,-75,2,-204,0.0
2026-06-27T16:48:36.356Z,33.7,-75,3,-213,0.0
2026-06-27T16:48:36.357Z,33.7,-75,3,-222,0.0
2026-06-27T16:48:36.473Z,33.7,-75,5,-119,0.0
2026-06-27T16:48:36.481Z,33.7,-75,2,-120,0.0
2026-06-27T16:48:36.484Z,33.7,-75,2,-127,0.0
2026-06-27T16:48:36.485Z,33.7,-75,2,-134,0.0
2026-06-27T16:48:36.486Z,33.7,-75,2,-143,0.0
2026-06-27T16:48:36.487Z,33.2,-75,2,-152,0.0
2026-06-27T16:48:36.488Z,33.2,-75,2,-162,0.0
2026-06-27T16:48:36.490Z,33.2,-75,2,-170,0.0
2026-06-27T16:48:36.491Z,33.2,-75,2,-179,0.0
2026-06-27T16:48:36.492Z,33.2,-75,2,-188,0.0
2026-06-27T16:48:36.493Z,33.2,-75,2,-197,0.0
2026-06-27T16:48:36.494Z,33.2,-75,2,-206,0.0
2026-06-27T16:48:36.568Z,33.2,-75,3,-147,0.0
2026-06-27T16:48:36.569Z,33.2,-76,2,-155,0.0
2026-06-27T16:48:36.570Z,24.8,-76,2,-164,0.0
2026-06-27T16:48:36.572Z,24.8,-76,2,-172,0.0
2026-06-27T16:48:36.573Z,24.8,-76,3,-181,0.0
2026-06-27T16:48:36.575Z,23.9,-76,2,-189,0.0
2026-06-27T16:48:36.577Z,23.9,-76,3,-198,0.0
2026-06-27T16:48:36.578Z,23.9,-76,3,-206,0.0
2026-06-27T16:48:36.579Z,23.9,-76,2,-215,0.0
2026-06-27T16:48:36.580Z,23.9,-76,2,-224,0.0
2026-06-27T16:48:36.623Z,33.5,-76,2,-195,0.0
2026-06-27T16:48:36.631Z,33.5,-76,2,-196,0.0
2026-06-27T16:48:36.638Z,33.5,-76,2,-198,0.0
2026-06-27T16:48:36.640Z,33.5,-76,2,-205,0.0
2026-06-27T16:48:36.642Z,32.9,-76,2,-213,0.0
2026-06-27T16:48:36.748Z,33.0,-76,2,-119,0.0
2026-06-27T16:48:36.759Z,33.0,-76,5,-119,0.0
2026-06-27T16:48:36.762Z,32.9,-76,2,-124,0.0
2026-06-27T16:48:36.763Z,33.0,-76,2,-131,0.0
2026-06-27T16:48:36.765Z,33.0,-76,2,-139,0.0
2026-06-27T16:48:36.766Z,32.9,-76,2,-148,0.0
2026-06-27T16:48:36.767Z,32.9,-77,2,-159,0.0
2026-06-27T16:48:36.768Z,33.0,-77,3,-167,0.0
2026-06-27T16:48:36.769Z,33.0,-77,2,-176,0.0
2026-06-27T16:48:36.770Z,33.0,-77,2,-185,0.0
2026-06-27T16:48:36.771Z,32.9,-77,2,-194,0.0
2026-06-27T16:48:36.772Z,33.0,-77,3,-203,0.0
2026-06-27T16:48:36.773Z,32.9,-77,2,-212,0.0
2026-06-27T16:48:36.868Z,33.0,-77,5,-127,0.0
2026-06-27T16:48:36.871Z,33.5,-77,2,-135,0.0
2026-06-27T16:48:36.872Z,23.9,-77,2,-143,0.0
2026-06-27T16:48:36.875Z,33.5,-77,3,-150,0.0
2026-06-27T16:48:36.877Z,33.5,-77,2,-159,0.0
2026-06-27T16:48:36.878Z,33.5,-77,2,-167,0.0
2026-06-27T16:48:36.879Z,34.0,-77,2,-177,0.0
2026-06-27T16:48:36.880Z,34.0,-77,2,-186,0.0
2026-06-27T16:48:36.881Z,33.2,-77,3,-195,0.0
2026-06-27T16:48:36.882Z,33.2,-77,2,-203,0.0
2026-06-27T16:48:36.883Z,33.2,-77,2,-212,0.0
2026-06-27T16:48:36.885Z,33.2,-77,2,-221,0.0
2026-06-27T16:48:37.002Z,33.7,-77,2,-118,0.0
2026-06-27T16:48:37.012Z,33.7,-77,2,-116,0.0
2026-06-27T16:48:37.015Z,33.7,-77,2,-123,0.0
2026-06-27T16:48:37.018Z,34.2,-77,2,-130,0.0
2026-06-27T16:48:37.019Z,34.2,-77,2,-137,0.0
2026-06-27T16:48:37.021Z,33.5,-77,2,-145,0.0
2026-06-27T16:48:37.022Z,33.5,-77,3,-155,0.0
2026-06-27T16:48:37.023Z,33.5,-77,2,-164,0.0
2026-06-27T16:48:37.024Z,34.0,-77,2,-173,0.0
2026-06-27T16:48:37.025Z,34.0,-77,3,-182,0.0
2026-06-27T16:48:37.026Z,34.0,-77,3,-191,0.0
2026-06-27T16:48:37.027Z,34.5,-77,3,-200,0.0
2026-06-27T16:48:37.028Z,34.5,-77,3,-209,0.0
2026-06-27T16:48:37.081Z,33.7,-77,11,-172,0.0
2026-06-27T16:48:37.082Z,33.7,-77,2,-180,0.0
2026-06-27T16:48:37.084Z,34.2,-77,2,-188,0.0
2026-06-27T16:48:37.085Z,34.3,-77,2,-197,0.0
2026-06-27T16:48:37.086Z,34.2,-77,2,-206,0.0
2026-06-27T16:48:37.087Z,34.8,-77,2,-216,0.0
2026-06-27T16:48:37.088Z,34.8,-77,3,-224,0.0
2026-06-27T16:48:37.090Z,34.0,-77,3,-232,0.0
2026-06-27T16:48:37.135Z,34.0,-75,6,-199,0.0
2026-06-27T16:48:37.136Z,34.5,-75,2,-207,0.0
2026-06-27T16:48:37.139Z,34.5,-75,2,-214,0.0
2026-06-27T16:48:37.140Z,34.5,-75,2,-223,0.0
2026-06-27T16:48:37.141Z,35.0,-75,2,-232,0.0
2026-06-27T16:48:37.266Z,35.0,-75,2,-118,0.0
2026-06-27T16:48:37.268Z,35.0,-75,3,-125,0.0
2026-06-27T16:48:37.269Z,34.3,-75,2,-134,0.0
2026-06-27T16:48:37.271Z,35.5,-75,2,-143,0.0
2026-06-27T16:48:37.272Z,34.8,-75,2,-151,0.0
2026-06-27T16:48:37.273Z,34.8,-74,2,-161,0.0
2026-06-27T16:48:37.274Z,35.3,-74,3,-169,0.0
2026-06-27T16:48:37.275Z,35.3,-74,2,-178,0.0
2026-06-27T16:48:37.276Z,34.5,-74,3,-187,0.0
2026-06-27T16:48:37.277Z,34.5,-74,3,-196,0.0
2026-06-27T16:48:37.279Z,35.0,-74,3,-205,0.0
2026-06-27T16:48:37.280Z,35.0,-74,3,-214,0.0
2026-06-27T16:48:37.281Z,35.5,-74,3,-223,0.0
2026-06-27T16:48:37.320Z,34.7,-74,5,-195,0.0
2026-06-27T16:48:37.322Z,34.8,-74,3,-203,0.0
2026-06-27T16:48:37.324Z,35.3,-72,2,-210,0.0
2026-06-27T16:48:37.325Z,35.8,-72,2,-219,0.0
2026-06-27T16:48:37.326Z,35.8,-72,2,-228,0.0
2026-06-27T16:48:37.446Z,35.0,-72,2,-122,0.0
2026-06-27T16:48:37.449Z,35.5,-72,6,-128,0.0
2026-06-27T16:48:37.451Z,35.5,-72,2,-134,0.0
2026-06-27T16:48:37.453Z,36.4,-72,2,-143,0.0
2026-06-27T16:48:37.454Z,35.3,-72,2,-151,0.0
2026-06-27T16:48:37.455Z,35.8,-72,2,-160,0.0
2026-06-27T16:48:37.456Z,35.8,-72,2,-170,0.0
2026-06-27T16:48:37.458Z,36.7,-72,2,-179,0.0
2026-06-27T16:48:37.459Z,35.5,-72,3,-187,0.0
2026-06-27T16:48:37.460Z,35.5,-72,3,-196,0.0
2026-06-27T16:48:37.461Z,36.0,-72,3,-205,0.0
2026-06-27T16:48:37.462Z,36.4,-72,3,-214,0.0
2026-06-27T16:48:37.463Z,37.4,-72,3,-223,0.0
2026-06-27T16:48:37.572Z,35.8,-72,4,-128,0.0
2026-06-27T16:48:37.579Z,35.8,-72,3,-129,0.0
2026-06-27T16:48:37.581Z,36.7,-72,2,-136,0.0
2026-06-27T16:48:37.584Z,37.6,-72,2,-144,0.0
2026-06-27T16:48:37.586Z,36.0,-72,4,-151,0.0
2026-06-27T16:48:37.587Z,36.0,-73,2,-159,0.0
2026-06-27T16:48:37.588Z,36.4,-73,2,-169,0.0
2026-06-27T16:48:37.589Z,37.4,-73,2,-178,0.0
2026-06-27T16:48:37.591Z,35.8,-73,2,-187,0.0
2026-06-27T16:48:37.593Z,35.8,-73,2,-194,0.0
2026-06-27T16:48:37.594Z,36.2,-73,3,-203,0.0
2026-06-27T16:48:37.595Z,36.7,-73,3,-212,0.0
2026-06-27T16:48:37.695Z,37.1,-73,3,-123,0.0
2026-06-27T16:48:37.698Z,38.0,-73,2,-130,0.0
2026-06-27T16:48:37.699Z,36.0,-73,2,-138,0.0
2026-06-27T16:48:37.701Z,36.4,-77,2,-147,0.0
2026-06-27T16:48:37.703Z,36.4,-77,2,-154,0.0
2026-06-27T16:48:37.704Z,36.9,-77,2,-164,0.0
2026-06-27T16:48:37.706Z,37.8,-77,2,-173,0.0
2026-06-27T16:48:37.707Z,35.8,-77,2,-181,0.0
2026-06-27T16:48:37.708Z,35.8,-77,3,-190,0.0
2026-06-27T16:48:37.709Z,36.2,-77,3,-199,0.0
2026-06-27T16:48:37.710Z,36.7,-77,3,-208,0.0
2026-06-27T16:48:37.712Z,37.1,-77,2,-217,0.0
2026-06-27T16:48:37.817Z,38.0,-77,2,-122,0.0
2026-06-27T16:48:37.820Z,36.4,-76,5,-130,0.0
2026-06-27T16:48:37.822Z,36.9,-76,2,-136,0.0
2026-06-27T16:48:37.823Z,36.9,-76,2,-145,0.0
2026-06-27T16:48:37.825Z,37.8,-76,2,-153,0.0
2026-06-27T16:48:37.826Z,36.2,-76,2,-162,0.0
2026-06-27T16:48:37.827Z,36.2,-76,2,-173,0.0
2026-06-27T16:48:37.828Z,36.7,-76,2,-181,0.0
2026-06-27T16:48:37.829Z,37.1,-76,3,-190,0.0
2026-06-27T16:48:37.830Z,37.6,-76,2,-199,0.0
2026-06-27T16:48:37.831Z,36.0,-76,2,-208,0.0
2026-06-27T16:48:37.832Z,36.0,-76,3,-217,0.0
2026-06-27T16:48:37.833Z,36.4,-76,3,-226,0.0
2026-06-27T16:48:37.907Z,36.9,-76,5,-168,0.0
2026-06-27T16:48:37.915Z,37.8,-76,4,-168,0.0
2026-06-27T16:48:37.920Z,38.7,-76,2,-171,0.0
2026-06-27T16:48:37.921Z,37.1,-76,2,-178,0.0
2026-06-27T16:48:37.922Z,37.7,-76,2,-187,0.0
2026-06-27T16:48:37.923Z,38.0,-76,2,-196,0.0
2026-06-27T16:48:37.924Z,36.9,-76,3,-206,0.0
2026-06-27T16:48:37.925Z,36.9,-76,2,-215,0.0
2026-06-27T16:48:38.030Z,37.8,-72,6,-123,0.0
2026-06-27T16:48:38.031Z,38.4,-72,2,-131,0.0
2026-06-27T16:48:38.034Z,37.1,-72,2,-138,0.0
2026-06-27T16:48:38.035Z,37.1,-72,2,-147,0.0
2026-06-27T16:48:38.039Z,37.7,-72,2,-156,0.0
2026-06-27T16:48:38.040Z,38.5,-72,2,-164,0.0
2026-06-27T16:48:38.041Z,36.9,-72,2,-172,0.0
2026-06-27T16:48:38.042Z,37.4,-72,2,-181,0.0
2026-06-27T16:48:38.043Z,37.8,-72,2,-190,0.0
2026-06-27T16:48:38.044Z,38.7,-72,2,-199,0.0
2026-06-27T16:48:38.045Z,37.6,-72,2,-208,0.0
2026-06-27T16:48:38.046Z,37.6,-72,2,-217,0.0
2026-06-27T16:48:38.156Z,38.0,-72,2,-118,0.0
2026-06-27T16:48:38.158Z,38.5,-72,4,-127,0.0
2026-06-27T16:48:38.160Z,39.4,-72,2,-135,0.0
2026-06-27T16:48:38.161Z,37.8,-72,2,-143,0.0
2026-06-27T16:48:38.162Z,37.8,-72,2,-152,0.0
2026-06-27T16:48:38.163Z,38.3,-72,2,-161,0.0
2026-06-27T16:48:38.165Z,38.7,-72,2,-172,0.0
2026-06-27T16:48:38.166Z,39.6,-72,2,-179,0.0
2026-06-27T16:48:38.167Z,37.6,-68,2,-188,0.0
2026-06-27T16:48:38.168Z,37.6,-68,2,-197,0.0
2026-06-27T16:48:38.169Z,38.1,-68,2,-206,0.0
2026-06-27T16:48:38.170Z,38.9,-68,2,-215,0.0
2026-06-27T16:48:38.171Z,39.4,-68,2,-224,0.0
2026-06-27T16:48:38.287Z,38.3,-68,5,-122,0.0
2026-06-27T16:48:38.289Z,38.3,-68,2,-129,0.0
2026-06-27T16:48:38.291Z,38.7,-68,2,-137,0.0
2026-06-27T16:48:38.294Z,39.2,-68,2,-144,0.0
2026-06-27T16:48:38.296Z,39.6,-68,2,-152,0.0
2026-06-27T16:48:38.298Z,38.0,-69,3,-160,0.0
2026-06-27T16:48:38.299Z,38.0,-69,3,-170,0.0
2026-06-27T16:48:38.300Z,38.5,-69,3,-178,0.0
2026-06-27T16:48:38.301Z,39.0,-69,2,-187,0.0
2026-06-27T16:48:38.302Z,39.4,-69,2,-196,0.0
2026-06-27T16:48:38.303Z,39.9,-69,2,-205,0.0
2026-06-27T16:48:38.304Z,39.9,-69,2,-214,0.0
2026-06-27T16:48:38.415Z,40.8,-69,2,-116,0.0
2026-06-27T16:48:38.418Z,39.2,-69,8,-124,0.0
2026-06-27T16:48:38.419Z,39.2,-69,2,-133,0.0
2026-06-27T16:48:38.420Z,39.6,-68,3,-142,0.0
2026-06-27T16:48:38.422Z,39.6,-68,2,-150,0.0
2026-06-27T16:48:38.423Z,40.1,-68,2,-159,0.0
2026-06-27T16:48:38.424Z,40.1,-68,4,-169,0.0
2026-06-27T16:48:38.425Z,40.6,-68,3,-177,0.0
2026-06-27T16:48:38.426Z,41.0,-68,2,-186,0.0
2026-06-27T16:48:38.427Z,41.5,-68,2,-195,0.0
2026-06-27T16:48:38.428Z,42.4,-68,2,-204,0.0
2026-06-27T16:48:38.429Z,40.3,-68,2,-213,0.0
2026-06-27T16:48:38.430Z,42.6,-68,2,-222,0.0
2026-06-27T16:48:38.514Z,42.2,-68,5,-152,0.0
2026-06-27T16:48:38.515Z,42.6,-68,2,-160,0.0
2026-06-27T16:48:38.516Z,43.2,-68,3,-169,0.0
2026-06-27T16:48:38.518Z,43.2,-68,2,-177,0.0
2026-06-27T16:48:38.520Z,43.2,-68,2,-185,0.0
2026-06-27T16:48:38.521Z,44.2,-68,2,-195,0.0
2026-06-27T16:48:38.522Z,42.6,-68,2,-203,0.0
2026-06-27T16:48:38.523Z,41.7,-68,2,-212,0.0
2026-06-27T16:48:38.524Z,41.7,-68,2,-221,0.0
2026-06-27T16:48:38.525Z,41.7,-68,2,-230,0.0
2026-06-27T16:48:38.646Z,42.2,-70,6,-123,0.0
2026-06-27T16:48:38.648Z,43.6,-70,3,-130,0.0
2026-06-27T16:48:38.649Z,43.2,-70,2,-138,0.0
2026-06-27T16:48:38.650Z,42.8,-70,2,-147,0.0
2026-06-27T16:48:38.653Z,42.8,-70,3,-155,0.0
2026-06-27T16:48:38.654Z,42.8,-70,2,-163,0.0
2026-06-27T16:48:38.655Z,43.2,-70,2,-173,0.0
2026-06-27T16:48:38.656Z,46.8,-70,2,-181,0.0
2026-06-27T16:48:38.657Z,45.6,-70,2,-190,0.0
2026-06-27T16:48:38.658Z,43.6,-70,2,-199,0.0
2026-06-27T16:48:38.659Z,43.2,-70,2,-208,0.0
2026-06-27T16:48:38.661Z,43.2,-70,2,-216,0.0
2026-06-27T16:48:38.717Z,41.5,-70,2,-170,0.0
2026-06-27T16:48:38.720Z,41.5,-70,4,-179,0.0
2026-06-27T16:48:38.721Z,41.9,-70,2,-187,0.0
2026-06-27T16:48:38.724Z,41.9,-70,3,-195,0.0
2026-06-27T16:48:38.726Z,42.4,-70,3,-202,0.0
2026-06-27T16:48:38.727Z,42.8,-70,3,-211,0.0
2026-06-27T16:48:38.728Z,67.6,-70,3,-221,0.0
2026-06-27T16:48:38.729Z,48.9,-70,2,-230,0.0
2026-06-27T16:48:38.851Z,43.2,-71,6,-122,0.0
2026-06-27T16:48:38.852Z,42.8,-71,3,-129,0.0
2026-06-27T16:48:38.853Z,42.8,-71,3,-138,0.0
2026-06-27T16:48:38.855Z,41.9,-71,3,-146,0.0
2026-06-27T16:48:38.856Z,41.9,-71,3,-155,0.0
2026-06-27T16:48:38.857Z,41.9,-71,3,-164,0.0
2026-06-27T16:48:38.859Z,41.9,-71,2,-173,0.0
2026-06-27T16:48:38.860Z,41.9,-71,3,-181,0.0
2026-06-27T16:48:38.861Z,42.4,-71,2,-190,0.0
2026-06-27T16:48:38.862Z,42.4,-71,2,-199,0.0
2026-06-27T16:48:38.863Z,42.4,-71,2,-208,0.0
2026-06-27T16:48:38.864Z,42.4,-71,2,-217,0.0
2026-06-27T16:48:38.925Z,42.4,-71,2,-166,0.0
2026-06-27T16:48:38.928Z,42.4,-71,4,-175,0.0
2026-06-27T16:48:38.929Z,42.4,-71,2,-183,0.0
2026-06-27T16:48:38.930Z,42.4,-71,3,-192,0.0
2026-06-27T16:48:38.931Z,42.4,-71,3,-201,0.0
2026-06-27T16:48:38.932Z,42.4,-71,3,-209,0.0
2026-06-27T16:48:38.934Z,42.4,-71,3,-218,0.0
2026-06-27T16:48:38.935Z,42.4,-71,3,-227,0.0
2026-06-27T16:48:39.052Z,42.4,-71,4,-122,0.0
2026-06-27T16:48:39.054Z,43.0,-72,3,-129,0.0
2026-06-27T16:48:39.056Z,43.0,-72,3,-137,0.0
2026-06-27T16:48:39.058Z,43.0,-72,3,-145,0.0
2026-06-27T16:48:39.059Z,43.0,-72,2,-154,0.0
2026-06-27T16:48:39.060Z,42.6,-72,2,-163,0.0
2026-06-27T16:48:39.061Z,42.6,-72,3,-173,0.0
2026-06-27T16:48:39.062Z,41.2,-72,2,-181,0.0
2026-06-27T16:48:39.063Z,41.3,-72,2,-190,0.0
2026-06-27T16:48:39.064Z,41.7,-72,2,-199,0.0
2026-06-27T16:48:39.065Z,41.7,-72,2,-208,0.0
2026-06-27T16:48:39.066Z,41.7,-72,2,-217,0.0
2026-06-27T16:48:39.067Z,41.7,-72,2,-226,0.0
2026-06-27T16:48:39.131Z,42.2,-72,4,-174,0.0
2026-06-27T16:48:39.133Z,42.2,-72,3,-181,0.0
2026-06-27T16:48:39.134Z,42.2,-72,3,-190,0.0
2026-06-27T16:48:39.135Z,42.2,-72,3,-199,0.0
2026-06-27T16:48:39.136Z,42.6,-72,3,-208,0.0
2026-06-27T16:48:39.137Z,42.6,-72,3,-217,0.0
2026-06-27T16:48:39.138Z,43.2,-72,3,-226,0.0
2026-06-27T16:48:39.239Z,43.2,-72,2,-142,0.0
2026-06-27T16:48:39.248Z,43.2,-77,4,-140,0.0
2026-06-27T16:48:39.251Z,43.2,-77,2,-146,0.0
2026-06-27T16:48:39.253Z,42.8,-77,3,-153,0.0
2026-06-27T16:48:39.256Z,42.8,-77,2,-160,0.0
2026-06-27T16:48:39.258Z,42.8,-77,3,-168,0.0
2026-06-27T16:48:39.260Z,41.0,-77,3,-177,0.0
2026-06-27T16:48:39.262Z,35.5,-77,2,-184,0.0
2026-06-27T16:48:39.263Z,36.0,-77,3,-192,0.0
2026-06-27T16:48:39.264Z,41.5,-77,3,-201,0.0
2026-06-27T16:48:39.335Z,42.8,-77,2,-143,0.0
2026-06-27T16:48:39.341Z,42.8,-82,5,-147,0.0
2026-06-27T16:48:39.346Z,42.8,-82,2,-151,0.0
2026-06-27T16:48:39.347Z,42.8,-82,3,-159,0.0
2026-06-27T16:48:39.348Z,45.2,-82,2,-168,0.0
2026-06-27T16:48:39.350Z,44.8,-82,2,-177,0.0
2026-06-27T16:48:39.351Z,43.6,-82,2,-186,0.0
2026-06-27T16:48:39.352Z,36.2,-82,2,-194,0.0
2026-06-27T16:48:39.353Z,36.2,-82,3,-203,0.0
2026-06-27T16:48:39.354Z,36.7,-82,3,-212,0.0
2026-06-27T16:48:39.386Z,43.2,-82,3,-190,0.0
2026-06-27T16:48:39.388Z,43.2,-83,5,-200,0.0
2026-06-27T16:48:39.391Z,43.2,-83,2,-208,0.0
2026-06-27T16:48:39.392Z,43.2,-83,3,-216,0.0
2026-06-27T16:48:39.393Z,43.2,-83,2,-225,0.0
2026-06-27T16:48:39.394Z,43.2,-83,2,-234,0.0
2026-06-27T16:48:39.520Z,43.2,-83,2,-122,0.0
2026-06-27T16:48:39.528Z,36.4,-83,2,-121,0.0
2026-06-27T16:48:39.530Z,36.4,-83,2,-128,0.0
2026-06-27T16:48:39.533Z,36.9,-83,2,-136,0.0
2026-06-27T16:48:39.534Z,37.4,-83,2,-144,0.0
2026-06-27T16:48:39.536Z,42.8,-79,2,-152,0.0
2026-06-27T16:48:39.538Z,42.8,-79,2,-161,0.0
2026-06-27T16:48:39.539Z,35.8,-79,3,-169,0.0
2026-06-27T16:48:39.540Z,42.8,-79,3,-178,0.0
2026-06-27T16:48:39.541Z,36.2,-79,2,-187,0.0
2026-06-27T16:48:39.542Z,36.7,-79,3,-196,0.0
2026-06-27T16:48:39.543Z,36.7,-79,2,-205,0.0
2026-06-27T16:48:39.544Z,36.7,-79,2,-214,0.0
2026-06-27T16:48:39.641Z,37.1,-79,5,-129,0.0
2026-06-27T16:48:39.646Z,37.1,-79,2,-133,0.0
2026-06-27T16:48:39.648Z,37.6,-78,2,-141,0.0
2026-06-27T16:48:39.649Z,35.5,-78,2,-149,0.0
2026-06-27T16:48:39.651Z,35.5,-78,2,-158,0.0
2026-06-27T16:48:39.652Z,35.5,-78,2,-166,0.0
2026-06-27T16:48:39.653Z,35.5,-78,2,-176,0.0
2026-06-27T16:48:39.655Z,36.0,-78,2,-184,0.0
2026-06-27T16:48:39.657Z,36.0,-78,3,-193,0.0
2026-06-27T16:48:39.658Z,36.0,-78,3,-201,0.0
2026-06-27T16:48:39.659Z,35.5,-78,3,-210,0.0
2026-06-27T16:48:39.660Z,36.0,-78,3,-219,0.0
2026-06-27T16:48:39.742Z,36.0,-78,3,-148,0.0
2026-06-27T16:48:39.743Z,36.0,-78,2,-156,0.0
2026-06-27T16:48:39.746Z,36.0,-78,2,-163,0.0
2026-06-27T16:48:39.748Z,36.0,-78,2,-171,0.0
2026-06-27T16:48:39.749Z,36.4,-78,2,-180,0.0
2026-06-27T16:48:39.750Z,42.2,-78,2,-190,0.0
2026-06-27T16:48:39.751Z,36.4,-78,2,-199,0.0
2026-06-27T16:48:39.752Z,41.7,-78,2,-207,0.0
2026-06-27T16:48:39.753Z,41.7,-78,2,-216,0.0
2026-06-27T16:48:39.754Z,41.7,-78,2,-225,0.0
2026-06-27T16:48:39.869Z,41.7,-78,6,-123,0.0
2026-06-27T16:48:39.872Z,41.2,-78,3,-130,0.0
2026-06-27T16:48:39.873Z,41.2,-78,3,-139,0.0
2026-06-27T16:48:39.874Z,41.2,-78,3,-148,0.0
2026-06-27T16:48:39.875Z,43.0,-78,2,-157,0.0
2026-06-27T16:48:39.877Z,43.0,-78,3,-165,0.0
2026-06-27T16:48:39.878Z,43.0,-78,2,-175,0.0
2026-06-27T16:48:39.879Z,43.0,-78,2,-183,0.0
2026-06-27T16:48:39.880Z,43.0,-78,2,-192,0.0
2026-06-27T16:48:39.881Z,43.0,-78,2,-201,0.0
2026-06-27T16:48:39.882Z,43.4,-78,2,-210,0.0
2026-06-27T16:48:39.883Z,42.4,-78,2,-219,0.0
2026-06-27T16:48:39.884Z,42.4,-78,2,-228,0.0
2026-06-27T16:48:39.948Z,42.4,-78,4,-176,0.0
2026-06-27T16:48:39.949Z,42.4,-78,2,-184,0.0
2026-06-27T16:48:39.950Z,42.4,-78,3,-193,0.0
2026-06-27T16:48:39.953Z,42.4,-78,3,-201,0.0
2026-06-27T16:48:39.954Z,42.4,-78,3,-209,0.0
2026-06-27T16:48:39.955Z,42.4,-78,3,-218,0.0
2026-06-27T16:48:39.956Z,42.4,-78,2,-227,0.0
2026-06-27T16:48:40.074Z,42.4,-78,2,-119,0.0
2026-06-27T16:48:40.076Z,42.4,-76,3,-127,0.0
2026-06-27T16:48:40.080Z,42.4,-76,3,-134,0.0
2026-06-27T16:48:40.081Z,42.4,-76,3,-142,0.0
2026-06-27T16:48:40.082Z,42.4,-76,3,-151,0.0
2026-06-27T16:48:40.084Z,42.4,-76,3,-160,0.0
2026-06-27T16:48:40.085Z,42.4,-76,3,-169,0.0
2026-06-27T16:48:40.086Z,42.4,-76,3,-177,0.0
2026-06-27T16:48:40.087Z,42.4,-76,2,-186,0.0
2026-06-27T16:48:40.088Z,42.4,-76,2,-195,0.0
2026-06-27T16:48:40.089Z,42.4,-76,2,-204,0.0
2026-06-27T16:48:40.090Z,42.4,-76,2,-213,0.0
2026-06-27T16:48:40.091Z,43.4,-76,2,-222,0.0
2026-06-27T16:48:40.154Z,43.0,-76,4,-170,0.0
2026-06-27T16:48:40.155Z,43.0,-76,3,-179,0.0
2026-06-27T16:48:40.158Z,43.0,-76,2,-186,0.0
2026-06-27T16:48:40.159Z,42.6,-76,3,-195,0.0
2026-06-27T16:48:40.160Z,42.6,-76,3,-204,0.0
2026-06-27T16:48:40.161Z,42.6,-76,3,-213,0.0
2026-06-27T16:48:40.162Z,42.6,-76,3,-223,0.0
2026-06-27T16:48:40.163Z,42.6,-76,2,-232,0.0
2026-06-27T16:48:40.286Z,42.6,-80,6,-123,0.0
2026-06-27T16:48:40.287Z,43.6,-80,2,-131,0.0
2026-06-27T16:48:40.289Z,43.2,-80,2,-139,0.0
2026-06-27T16:48:40.290Z,35.8,-80,2,-147,0.0
2026-06-27T16:48:40.291Z,35.8,-80,2,-156,0.0
2026-06-27T16:48:40.292Z,36.2,-80,2,-167,0.0
2026-06-27T16:48:40.293Z,36.2,-80,3,-175,0.0
2026-06-27T16:48:40.295Z,36.7,-80,3,-184,0.0
2026-06-27T16:48:40.296Z,36.7,-80,2,-192,0.0
2026-06-27T16:48:40.297Z,37.1,-80,3,-201,0.0
2026-06-27T16:48:40.298Z,37.6,-80,2,-210,0.0
2026-06-27T16:48:40.299Z,35.5,-80,2,-219,0.0
2026-06-27T16:48:40.338Z,35.5,-80,3,-193,0.0
2026-06-27T16:48:40.348Z,35.5,-80,5,-196,0.0
2026-06-27T16:48:40.351Z,35.5,-80,3,-200,0.0
2026-06-27T16:48:40.353Z,36.0,-80,2,-207,0.0
2026-06-27T16:48:40.355Z,36.0,-80,2,-215,0.0
2026-06-27T16:48:40.459Z,36.4,-80,2,-122,0.0
2026-06-27T16:48:40.462Z,36.9,-80,5,-128,0.0
2026-06-27T16:48:40.464Z,36.9,-80,3,-136,0.0
2026-06-27T16:48:40.465Z,37.4,-73,2,-144,0.0
2026-06-27T16:48:40.466Z,37.8,-73,2,-153,0.0
2026-06-27T16:48:40.467Z,44.8,-73,2,-163,0.0
2026-06-27T16:48:40.468Z,35.8,-73,2,-171,0.0
2026-06-27T16:48:40.469Z,35.8,-73,2,-181,0.0
2026-06-27T16:48:40.470Z,35.8,-73,2,-189,0.0
2026-06-27T16:48:40.471Z,35.8,-73,3,-198,0.0
2026-06-27T16:48:40.473Z,36.2,-73,3,-207,0.0
2026-06-27T16:48:40.474Z,36.2,-73,3,-216,0.0
2026-06-27T16:48:40.475Z,36.2,-73,3,-225,0.0
2026-06-27T16:48:40.564Z,36.2,-73,5,-147,0.0
2026-06-27T16:48:40.565Z,36.7,-73,2,-155,0.0
2026-06-27T16:48:40.567Z,36.7,-73,2,-163,0.0
2026-06-27T16:48:40.568Z,36.7,-73,2,-172,0.0
2026-06-27T16:48:40.569Z,37.1,-73,2,-181,0.0
2026-06-27T16:48:40.571Z,37.1,-73,2,-189,0.0
2026-06-27T16:48:40.572Z,37.6,-73,2,-199,0.0
2026-06-27T16:48:40.573Z,37.6,-73,2,-208,0.0
2026-06-27T16:48:40.575Z,36.0,-73,2,-216,0.0
2026-06-27T16:48:40.576Z,36.0,-73,3,-224,0.0
2026-06-27T16:48:40.615Z,36.4,-73,5,-197,0.0
2026-06-27T16:48:40.618Z,36.4,-68,2,-204,0.0
2026-06-27T16:48:40.619Z,36.4,-68,2,-212,0.0
2026-06-27T16:48:40.620Z,43.6,-68,2,-222,0.0
2026-06-27T16:48:40.622Z,43.6,-68,2,-230,0.0
2026-06-27T16:48:40.743Z,44.0,-68,3,-119,0.0
2026-06-27T16:48:40.745Z,42.6,-68,2,-127,0.0
2026-06-27T16:48:40.747Z,42.6,-68,2,-135,0.0
2026-06-27T16:48:40.749Z,42.2,-68,3,-143,0.0
2026-06-27T16:48:40.750Z,41.2,-68,3,-152,0.0
2026-06-27T16:48:40.751Z,40.8,-68,3,-161,0.0
2026-06-27T16:48:40.752Z,40.8,-68,5,-172,0.0
2026-06-27T16:48:40.753Z,40.8,-69,2,-180,0.0
2026-06-27T16:48:40.755Z,40.8,-69,2,-188,0.0
2026-06-27T16:48:40.756Z,40.8,-69,2,-197,0.0
2026-06-27T16:48:40.757Z,40.8,-69,2,-206,0.0
2026-06-27T16:48:40.758Z,40.8,-69,2,-215,0.0
2026-06-27T16:48:40.759Z,41.2,-69,2,-224,0.0
2026-06-27T16:48:40.864Z,41.2,-69,5,-131,0.0
2026-06-27T16:48:40.865Z,41.2,-69,3,-139,0.0
2026-06-27T16:48:40.867Z,41.2,-69,3,-147,0.0
2026-06-27T16:48:40.868Z,41.2,-69,3,-156,0.0
2026-06-27T16:48:40.870Z,41.2,-69,3,-164,0.0
2026-06-27T16:48:40.872Z,41.2,-69,2,-173,0.0
2026-06-27T16:48:40.873Z,41.2,-69,3,-182,0.0
2026-06-27T16:48:40.874Z,41.7,-69,3,-190,0.0
2026-06-27T16:48:40.875Z,41.7,-69,2,-199,0.0
2026-06-27T16:48:40.876Z,41.7,-69,2,-208,0.0
2026-06-27T16:48:40.878Z,41.7,-69,2,-216,0.0
2026-06-27T16:48:40.879Z,42.6,-69,2,-225,0.0
2026-06-27T16:48:40.971Z,42.6,-69,2,-147,0.0
2026-06-27T16:48:40.972Z,43.0,-68,2,-156,0.0
2026-06-27T16:48:40.974Z,43.0,-68,2,-164,0.0
2026-06-27T16:48:40.975Z,43.0,-68,2,-173,0.0
2026-06-27T16:48:40.976Z,43.0,-68,3,-182,0.0
2026-06-27T16:48:40.978Z,43.0,-68,2,-190,0.0
2026-06-27T16:48:40.980Z,43.0,-68,2,-199,0.0
2026-06-27T16:48:40.981Z,43.0,-68,3,-207,0.0
2026-06-27T16:48:40.982Z,43.0,-68,2,-216,0.0
2026-06-27T16:48:40.983Z,43.0,-68,2,-225,0.0
2026-06-27T16:48:41.074Z,43.0,-68,5,-146,0.0
2026-06-27T16:48:41.077Z,39.9,-68,2,-154,0.0
2026-06-27T16:48:41.078Z,39.4,-68,2,-162,0.0
2026-06-27T16:48:41.080Z,39.4,-68,2,-170,0.0
2026-06-27T16:48:41.081Z,39.4,-68,2,-179,0.0
2026-06-27T16:48:41.082Z,39.4,-68,2,-188,0.0
2026-06-27T16:48:41.083Z,39.4,-68,3,-198,0.0
2026-06-27T16:48:41.084Z,39.4,-68,3,-206,0.0
2026-06-27T16:48:41.085Z,39.4,-68,2,-215,0.0
2026-06-27T16:48:41.086Z,39.9,-68,2,-224,0.0
2026-06-27T16:48:41.183Z,39.9,-68,2,-141,0.0
2026-06-27T16:48:41.193Z,39.9,-69,3,-141,0.0
2026-06-27T16:48:41.196Z,39.9,-69,2,-147,0.0
2026-06-27T16:48:41.199Z,39.9,-69,2,-154,0.0
2026-06-27T16:48:41.200Z,40.3,-69,2,-161,0.0
2026-06-27T16:48:41.201Z,40.3,-69,2,-169,0.0
2026-06-27T16:48:41.202Z,40.3,-69,3,-179,0.0
2026-06-27T16:48:41.203Z,40.3,-69,3,-187,0.0
2026-06-27T16:48:41.204Z,42.4,-69,2,-196,0.0
2026-06-27T16:48:41.205Z,42.4,-69,2,-205,0.0
2026-06-27T16:48:41.311Z,42.4,-69,2,-110,0.0
2026-06-27T16:48:41.314Z,42.4,-68,4,-119,0.0
2026-06-27T16:48:41.315Z,41.9,-68,2,-127,0.0
2026-06-27T16:48:41.318Z,41.9,-68,3,-157,0.0
2026-06-27T16:48:41.319Z,41.9,-68,2,-165,0.0
2026-06-27T16:48:41.321Z,41.9,-68,2,-173,0.0
2026-06-27T16:48:41.322Z,41.9,-68,2,-180,0.0
2026-06-27T16:48:41.323Z,41.9,-68,3,-187,0.0
2026-06-27T16:48:41.324Z,41.9,-68,2,-195,0.0
2026-06-27T16:48:41.325Z,41.5,-68,2,-203,0.0
2026-06-27T16:48:41.326Z,41.5,-68,2,-211,0.0
2026-06-27T16:48:41.327Z,41.5,-68,3,-218,0.0
2026-06-27T16:48:41.328Z,41.0,-68,2,-226,0.0
2026-06-27T16:48:41.470Z,41.0,-68,4,-97,0.0
2026-06-27T16:48:41.472Z,41.0,-68,2,-103,0.0
2026-06-27T16:48:41.473Z,40.6,-68,2,-132,0.0
2026-06-27T16:48:41.474Z,40.1,-68,2,-164,0.0
2026-06-27T16:48:41.476Z,40.1,-69,2,-172,0.0
2026-06-27T16:48:41.477Z,40.1,-69,3,-178,0.0
2026-06-27T16:48:41.479Z,40.1,-69,2,-185,0.0
2026-06-27T16:48:41.481Z,40.1,-69,2,-191,0.0
2026-06-27T16:48:41.482Z,40.1,-69,2,-199,0.0
2026-06-27T16:48:41.483Z,40.1,-69,2,-207,0.0
2026-06-27T16:48:41.484Z,40.1,-69,3,-214,0.0
2026-06-27T16:48:41.485Z,39.6,-69,2,-222,0.0
2026-06-27T16:48:41.597Z,39.6,-69,2,-123,0.0
2026-06-27T16:48:41.599Z,39.6,-69,3,-128,0.0
2026-06-27T16:48:41.600Z,39.6,-68,2,-136,0.0
2026-06-27T16:48:41.602Z,39.6,-68,3,-165,0.0
2026-06-27T16:48:41.603Z,39.6,-68,2,-174,0.0
2026-06-27T16:48:41.605Z,39.6,-68,3,-180,0.0
2026-06-27T16:48:41.606Z,39.6,-68,2,-188,0.0
2026-06-27T16:48:41.607Z,39.6,-68,2,-196,0.0
2026-06-27T16:48:41.608Z,39.6,-68,3,-203,0.0
2026-06-27T16:48:41.610Z,39.6,-68,2,-210,0.0
2026-06-27T16:48:41.718Z,40.1,-68,2,-111,0.0
2026-06-27T16:48:41.720Z,40.1,-67,6,-121,0.0
2026-06-27T16:48:41.722Z,40.1,-67,2,-127,0.0
2026-06-27T16:48:41.723Z,41.2,-67,3,-157,0.0
2026-06-27T16:48:41.725Z,41.2,-67,2,-166,0.0
2026-06-27T16:48:41.726Z,41.2,-67,2,-174,0.0
2026-06-27T16:48:41.727Z,41.2,-67,3,-181,0.0
2026-06-27T16:48:41.728Z,41.2,-67,2,-189,0.0
2026-06-27T16:48:41.729Z,41.2,-67,2,-197,0.0
2026-06-27T16:48:41.731Z,40.8,-67,2,-205,0.0
2026-06-27T16:48:41.732Z,40.8,-67,3,-211,0.0
2026-06-27T16:48:41.733Z,40.8,-67,2,-219,0.0
2026-06-27T16:48:41.734Z,40.8,-67,2,-227,0.0
2026-06-27T16:48:41.790Z,40.3,-67,6,-183,0.0
2026-06-27T16:48:41.791Z,40.3,-67,2,-190,0.0
2026-06-27T16:48:41.793Z,39.4,-67,2,-220,0.0
2026-06-27T16:48:41.841Z,39.0,-67,2,-204,0.0
2026-06-27T16:48:41.843Z,39.0,-68,3,-210,0.0
2026-06-27T16:48:41.974Z,39.0,-68,2,-111,0.0
2026-06-27T16:48:41.977Z,39.0,-68,5,-119,0.0
2026-06-27T16:48:41.979Z,39.0,-68,2,-126,0.0
2026-06-27T16:48:41.980Z,39.0,-68,2,-156,0.0
2026-06-27T16:48:41.981Z,39.4,-67,2,-166,0.0
2026-06-27T16:48:41.983Z,39.4,-67,3,-172,0.0
2026-06-27T16:48:41.984Z,40.6,-67,2,-180,0.0
2026-06-27T16:48:41.985Z,40.6,-67,2,-188,0.0
2026-06-27T16:48:41.987Z,40.6,-67,2,-195,0.0
2026-06-27T16:48:41.988Z,40.6,-67,2,-202,0.0
2026-06-27T16:48:41.989Z,40.6,-67,2,-210,0.0
2026-06-27T16:48:41.990Z,40.6,-67,3,-217,0.0
2026-06-27T16:48:41.991Z,40.5,-67,2,-225,0.0
2026-06-27T16:48:42.025Z,40.6,-67,5,-202,0.0
2026-06-27T16:48:42.026Z,40.6,-67,2,-210,0.0
2026-06-27T16:48:42.029Z,40.6,-68,2,-215,0.0
2026-06-27T16:48:42.203Z,40.1,-68,2,-73,0.0
2026-06-27T16:48:42.206Z,40.1,-68,2,-80,0.0
2026-06-27T16:48:42.207Z,39.7,-68,2,-109,0.0
2026-06-27T16:48:42.210Z,39.6,-68,2,-140,0.0
2026-06-27T16:48:42.211Z,39.6,-68,2,-147,0.0
2026-06-27T16:48:42.212Z,39.6,-68,2,-155,0.0
2026-06-27T16:48:42.213Z,39.7,-68,3,-162,0.0
2026-06-27T16:48:42.214Z,39.7,-68,2,-170,0.0
2026-06-27T16:48:42.215Z,39.6,-68,2,-177,0.0
2026-06-27T16:48:42.216Z,39.6,-68,2,-184,0.0
2026-06-27T16:48:42.218Z,39.6,-68,2,-192,0.0
2026-06-27T16:48:42.219Z,39.6,-68,3,-199,0.0
2026-06-27T16:48:42.220Z,39.6,-68,2,-207,0.0
2026-06-27T16:48:42.342Z,40.1,-68,4,-97,0.0
2026-06-27T16:48:42.344Z,40.1,-68,4,-106,0.0
2026-06-27T16:48:42.345Z,40.1,-68,2,-136,0.0
2026-06-27T16:48:42.346Z,40.1,-68,2,-168,0.0
2026-06-27T16:48:42.348Z,40.1,-68,3,-175,0.0
2026-06-27T16:48:42.349Z,40.1,-68,2,-183,0.0
2026-06-27T16:48:42.350Z,40.1,-68,3,-190,0.0
2026-06-27T16:48:42.351Z,40.1,-68,2,-198,0.0
2026-06-27T16:48:42.352Z,40.1,-68,2,-206,0.0
2026-06-27T16:48:42.353Z,40.1,-68,3,-213,0.0
2026-06-27T16:48:42.354Z,40.1,-68,2,-221,0.0
2026-06-27T16:48:42.355Z,40.1,-68,2,-229,0.0
2026-06-27T16:48:42.490Z,40.6,-68,3,-108,0.0
2026-06-27T16:48:42.493Z,40.1,-68,4,-113,0.0
2026-06-27T16:48:42.494Z,40.1,-68,2,-121,0.0
2026-06-27T16:48:42.496Z,40.1,-68,2,-151,0.0
2026-06-27T16:48:42.497Z,40.1,-67,3,-160,0.0
2026-06-27T16:48:42.498Z,40.1,-67,2,-168,0.0
2026-06-27T16:48:42.499Z,40.1,-67,2,-175,0.0
2026-06-27T16:48:42.500Z,40.1,-67,2,-183,0.0
2026-06-27T16:48:42.501Z,39.7,-67,3,-190,0.0
2026-06-27T16:48:42.502Z,39.6,-67,2,-197,0.0
2026-06-27T16:48:42.503Z,39.6,-67,2,-205,0.0
2026-06-27T16:48:42.505Z,39.7,-67,2,-212,0.0
2026-06-27T16:48:42.506Z,39.6,-67,2,-220,0.0
2026-06-27T16:48:42.609Z,39.6,-67,4,-128,0.0
2026-06-27T16:48:42.610Z,39.6,-67,2,-136,0.0
2026-06-27T16:48:42.612Z,39.6,-67,2,-165,0.0
2026-06-27T16:48:42.613Z,39.6,-67,2,-173,0.0
2026-06-27T16:48:42.614Z,39.6,-67,2,-181,0.0
2026-06-27T16:48:42.616Z,39.6,-67,2,-188,0.0
2026-06-27T16:48:42.617Z,39.6,-67,2,-196,0.0
2026-06-27T16:48:42.618Z,39.6,-67,3,-203,0.0
2026-06-27T16:48:42.619Z,39.6,-67,2,-211,0.0
2026-06-27T16:48:42.620Z,39.6,-67,2,-218,0.0
2026-06-27T16:48:42.621Z,39.6,-67,2,-226,0.0
2026-06-27T16:48:42.658Z,39.6,-67,4,-200,0.0
2026-06-27T16:48:42.660Z,39.6,-66,2,-206,0.0
2026-06-27T16:48:42.661Z,39.6,-66,2,-237,0.0
2026-06-27T16:48:42.815Z,39.6,-66,2,-115,0.0
2026-06-27T16:48:42.817Z,39.6,-66,2,-122,0.0
2026-06-27T16:48:42.819Z,41.3,-66,2,-152,0.0
2026-06-27T16:48:42.820Z,40.8,-65,3,-160,0.0
2026-06-27T16:48:42.821Z,40.8,-65,2,-168,0.0
2026-06-27T16:48:42.823Z,40.8,-65,2,-176,0.0
2026-06-27T16:48:42.824Z,40.8,-65,3,-182,0.0
2026-06-27T16:48:42.825Z,40.8,-65,2,-190,0.0
2026-06-27T16:48:42.826Z,40.8,-65,2,-198,0.0
2026-06-27T16:48:42.827Z,40.8,-65,3,-205,0.0
2026-06-27T16:48:42.828Z,41.2,-65,2,-213,0.0
2026-06-27T16:48:42.829Z,41.2,-65,2,-221,0.0
2026-06-27T16:48:42.951Z,40.8,-65,2,-110,0.0
2026-06-27T16:48:42.960Z,41.2,-66,5,-112,0.0
2026-06-27T16:48:42.962Z,41.2,-66,2,-117,0.0
2026-06-27T16:48:42.963Z,40.8,-66,2,-147,0.0
2026-06-27T16:48:42.965Z,40.7,-66,2,-155,0.0
2026-06-27T16:48:42.966Z,40.8,-66,2,-163,0.0
2026-06-27T16:48:42.968Z,40.8,-66,2,-171,0.0
2026-06-27T16:48:42.969Z,40.8,-66,2,-177,0.0
2026-06-27T16:48:42.970Z,40.8,-66,2,-185,0.0
2026-06-27T16:48:42.971Z,40.3,-66,2,-193,0.0
2026-06-27T16:48:42.972Z,40.3,-66,3,-200,0.0
2026-06-27T16:48:42.973Z,40.3,-66,2,-208,0.0
2026-06-27T16:48:42.974Z,40.3,-66,2,-216,0.0
2026-06-27T16:48:43.018Z,40.3,-66,5,-183,0.0
2026-06-27T16:48:43.019Z,40.3,-66,2,-189,0.0
2026-06-27T16:48:43.021Z,39.9,-66,2,-220,0.0
2026-06-27T16:48:43.122Z,41.5,-66,2,-151,0.0
2026-06-27T16:48:43.124Z,41.5,-66,3,-158,0.0
2026-06-27T16:48:43.126Z,41.0,-66,2,-187,0.0
2026-06-27T16:48:43.127Z,41.0,-66,2,-195,0.0
2026-06-27T16:48:43.128Z,41.0,-66,2,-202,0.0
2026-06-27T16:48:43.130Z,41.0,-66,2,-210,0.0
2026-06-27T16:48:43.131Z,41.0,-66,2,-218,0.0
2026-06-27T16:48:43.132Z,41.0,-66,3,-225,0.0
2026-06-27T16:48:43.175Z,41.5,-66,2,-192,0.0
2026-06-27T16:48:43.177Z,39.4,-66,5,-201,0.0
2026-06-27T16:48:43.178Z,39.9,-66,2,-208,0.0
2026-06-27T16:48:43.179Z,39.9,-66,3,-238,0.0
2026-06-27T16:48:43.320Z,39.9,-66,3,-108,0.0
2026-06-27T16:48:43.321Z,40.3,-66,2,-116,0.0
2026-06-27T16:48:43.322Z,43.8,-66,3,-148,0.0
2026-06-27T16:48:43.325Z,42.4,-65,3,-156,0.0
2026-06-27T16:48:43.326Z,42.4,-65,3,-164,0.0
2026-06-27T16:48:43.328Z,43.8,-65,3,-170,0.0
2026-06-27T16:48:43.329Z,42.4,-65,2,-178,0.0
2026-06-27T16:48:43.330Z,42.4,-65,2,-186,0.0
2026-06-27T16:48:43.331Z,42.4,-65,2,-194,0.0
2026-06-27T16:48:43.332Z,42.4,-65,2,-202,0.0
2026-06-27T16:48:43.333Z,42.4,-65,3,-209,0.0
2026-06-27T16:48:43.334Z,43.4,-65,2,-217,0.0
2026-06-27T16:48:43.377Z,43.4,-65,2,-186,0.0
2026-06-27T16:48:43.382Z,41.2,-65,5,-191,0.0
2026-06-27T16:48:43.386Z,41.2,-67,2,-195,0.0
2026-06-27T16:48:43.389Z,41.2,-67,2,-223,0.0
2026-06-27T16:48:43.532Z,40.5,-67,2,-111,0.0
2026-06-27T16:48:43.535Z,40.5,-67,2,-118,0.0
2026-06-27T16:48:43.536Z,41.0,-67,2,-149,0.0
2026-06-27T16:48:43.538Z,41.0,-67,3,-157,0.0
2026-06-27T16:48:43.539Z,41.5,-67,3,-163,0.0
2026-06-27T16:48:43.540Z,39.9,-67,2,-171,0.0
2026-06-27T16:48:43.541Z,40.3,-67,2,-179,0.0
2026-06-27T16:48:43.542Z,40.3,-67,3,-186,0.0
2026-06-27T16:48:43.543Z,40.3,-67,2,-194,0.0
2026-06-27T16:48:43.544Z,40.3,-67,2,-202,0.0
2026-06-27T16:48:43.545Z,40.8,-67,3,-209,0.0
2026-06-27T16:48:43.546Z,40.8,-67,2,-217,0.0
2026-06-27T16:48:43.547Z,41.2,-67,2,-225,0.0
2026-06-27T16:48:43.639Z,41.2,-67,5,-144,0.0
2026-06-27T16:48:43.640Z,41.7,-67,2,-152,0.0
2026-06-27T16:48:43.642Z,41.0,-67,2,-181,0.0
2026-06-27T16:48:43.643Z,41.5,-67,2,-213,0.0
2026-06-27T16:48:43.645Z,41.9,-67,2,-220,0.0
2026-06-27T16:48:43.646Z,42.1,-67,2,-229,0.0
2026-06-27T16:48:43.798Z,42.4,-67,2,-90,0.0
2026-06-27T16:48:43.807Z,42.4,-67,2,-88,0.0
2026-06-27T16:48:43.810Z,41.7,-67,2,-116,0.0
2026-06-27T16:48:43.812Z,42.2,-67,2,-146,0.0
2026-06-27T16:48:43.814Z,42.2,-67,3,-152,0.0
2026-06-27T16:48:43.815Z,42.2,-67,2,-160,0.0
2026-06-27T16:48:43.816Z,42.6,-67,2,-168,0.0
2026-06-27T16:48:43.817Z,41.0,-67,2,-176,0.0
2026-06-27T16:48:43.818Z,41.0,-67,3,-183,0.0
2026-06-27T16:48:43.819Z,41.0,-67,2,-191,0.0
2026-06-27T16:48:43.820Z,41.0,-67,2,-199,0.0
2026-06-27T16:48:43.821Z,41.0,-67,2,-207,0.0
2026-06-27T16:48:43.822Z,41.5,-67,2,-214,0.0
2026-06-27T16:48:43.933Z,41.5,-67,5,-116,0.0
2026-06-27T16:48:43.934Z,41.5,-67,3,-122,0.0
2026-06-27T16:48:43.937Z,41.9,-67,2,-152,0.0
2026-06-27T16:48:43.939Z,41.9,-68,2,-159,0.0
2026-06-27T16:48:43.940Z,41.9,-68,3,-166,0.0
2026-06-27T16:48:43.941Z,41.9,-68,2,-174,0.0
2026-06-27T16:48:43.942Z,42.4,-68,2,-181,0.0
2026-06-27T16:48:43.944Z,42.4,-68,3,-188,0.0
2026-06-27T16:48:43.945Z,42.4,-68,2,-196,0.0
2026-06-27T16:48:43.946Z,42.4,-68,2,-204,0.0
2026-06-27T16:48:43.947Z,42.4,-68,2,-212,0.0
2026-06-27T16:48:43.948Z,42.4,-68,3,-219,0.0
2026-06-27T16:48:44.044Z,42.4,-68,2,-135,0.0
2026-06-27T16:48:44.045Z,42.4,-68,3,-144,0.0
2026-06-27T16:48:44.048Z,42.4,-67,2,-174,0.0
2026-06-27T16:48:44.049Z,43.4,-67,2,-205,0.0
2026-06-27T16:48:44.050Z,41.2,-67,2,-213,0.0
2026-06-27T16:48:44.051Z,41.2,-67,2,-221,0.0
2026-06-27T16:48:44.052Z,41.2,-67,2,-228,0.0
2026-06-27T16:48:44.208Z,41.2,-67,5,-84,0.0
2026-06-27T16:48:44.211Z,41.2,-67,2,-90,0.0
2026-06-27T16:48:44.213Z,41.7,-67,2,-119,0.0
2026-06-27T16:48:44.215Z,41.7,-67,2,-150,0.0
2026-06-27T16:48:44.216Z,41.7,-67,2,-158,0.0
2026-06-27T16:48:44.217Z,41.7,-67,2,-166,0.0
2026-06-27T16:48:44.218Z,41.7,-67,2,-174,0.0
2026-06-27T16:48:44.219Z,42.2,-67,2,-181,0.0
2026-06-27T16:48:44.220Z,41.7,-67,2,-189,0.0
2026-06-27T16:48:44.221Z,42.2,-67,2,-197,0.0
2026-06-27T16:48:44.222Z,41.7,-67,2,-205,0.0
2026-06-27T16:48:44.224Z,42.2,-67,2,-211,0.0
2026-06-27T16:48:44.225Z,42.2,-67,2,-219,0.0
2026-06-27T16:48:44.264Z,42.2,-67,4,-191,0.0
2026-06-27T16:48:44.265Z,42.2,-67,2,-199,0.0
2026-06-27T16:48:44.266Z,42.2,-67,2,-230,0.0
2026-06-27T16:48:44.397Z,42.2,-66,3,-111,0.0
2026-06-27T16:48:44.406Z,42.2,-66,5,-111,0.0
2026-06-27T16:48:44.407Z,42.2,-66,3,-117,0.0
2026-06-27T16:48:44.409Z,42.2,-66,2,-147,0.0
2026-06-27T16:48:44.410Z,42.2,-66,2,-156,0.0
2026-06-27T16:48:44.411Z,42.2,-66,2,-164,0.0
2026-06-27T16:48:44.412Z,42.2,-66,3,-171,0.0
2026-06-27T16:48:44.413Z,42.6,-66,2,-179,0.0
2026-06-27T16:48:44.414Z,42.6,-66,2,-187,0.0
2026-06-27T16:48:44.415Z,42.6,-66,2,-195,0.0
2026-06-27T16:48:44.416Z,42.6,-66,2,-203,0.0
2026-06-27T16:48:44.417Z,43.6,-66,3,-209,0.0
2026-06-27T16:48:44.418Z,43.6,-66,2,-217,0.0
2026-06-27T16:48:44.450Z,43.6,-66,5,-200,0.0
2026-06-27T16:48:44.451Z,43.2,-66,2,-206,0.0
2026-06-27T16:48:44.452Z,42.8,-66,2,-237,0.0
2026-06-27T16:48:44.559Z,42.8,-66,2,-143,0.0
2026-06-27T16:48:44.565Z,42.8,-66,2,-146,0.0
2026-06-27T16:48:44.569Z,41.9,-66,2,-172,0.0
2026-06-27T16:48:44.571Z,42.4,-66,2,-203,0.0
2026-06-27T16:48:44.572Z,42.4,-66,3,-211,0.0
2026-06-27T16:48:44.573Z,42.4,-66,3,-218,0.0
2026-06-27T16:48:44.659Z,42.4,-66,2,-144,0.0
2026-06-27T16:48:44.661Z,42.4,-66,3,-151,0.0
2026-06-27T16:48:44.663Z,43.0,-66,2,-181,0.0
2026-06-27T16:48:44.664Z,42.6,-66,2,-213,0.0
2026-06-27T16:48:44.665Z,42.6,-66,2,-221,0.0
2026-06-27T16:48:44.666Z,42.2,-66,2,-228,0.0
2026-06-27T16:48:44.819Z,42.2,-66,2,-90,0.0
2026-06-27T16:48:44.823Z,42.2,-65,2,-93,0.0
2026-06-27T16:48:44.824Z,42.3,-65,2,-122,0.0
2026-06-27T16:48:44.825Z,42.6,-65,2,-154,0.0
2026-06-27T16:48:44.826Z,42.6,-65,3,-162,0.0
2026-06-27T16:48:44.828Z,42.6,-65,2,-169,0.0
2026-06-27T16:48:44.829Z,42.6,-65,2,-177,0.0
2026-06-27T16:48:44.830Z,42.6,-65,2,-185,0.0
2026-06-27T16:48:44.831Z,44.0,-65,3,-193,0.0
2026-06-27T16:48:44.832Z,43.6,-65,3,-201,0.0
2026-06-27T16:48:44.833Z,43.6,-65,2,-208,0.0
2026-06-27T16:48:44.834Z,43.6,-65,2,-216,0.0
2026-06-27T16:48:44.835Z,43.2,-65,2,-224,0.0
2026-06-27T16:48:44.869Z,43.2,-65,4,-203,0.0
2026-06-27T16:48:44.870Z,42.8,-65,3,-209,0.0
2026-06-27T16:48:44.872Z,42.8,-65,2,-239,0.0
2026-06-27T16:48:45.036Z,42.8,-67,2,-88,0.0
2026-06-27T16:48:45.037Z,41.9,-67,2,-94,0.0
2026-06-27T16:48:45.039Z,42.4,-67,2,-124,0.0
2026-06-27T16:48:45.040Z,45.4,-67,2,-157,0.0
2026-06-27T16:48:45.042Z,48.1,-67,3,-164,0.0
2026-06-27T16:48:45.043Z,48.1,-67,2,-172,0.0
2026-06-27T16:48:45.044Z,48.2,-67,2,-180,0.0
2026-06-27T16:48:45.045Z,48.2,-67,2,-188,0.0
2026-06-27T16:48:45.046Z,47.8,-67,2,-197,0.0
2026-06-27T16:48:45.047Z,47.8,-67,2,-205,0.0
2026-06-27T16:48:45.048Z,47.8,-67,3,-213,0.0
2026-06-27T16:48:45.049Z,47.4,-67,3,-221,0.0
2026-06-27T16:48:45.177Z,47.4,-67,2,-102,0.0
2026-06-27T16:48:45.179Z,47.0,-67,4,-113,0.0
2026-06-27T16:48:45.182Z,42.8,-67,2,-118,0.0
2026-06-27T16:48:45.184Z,42.4,-67,2,-148,0.0
2026-06-27T16:48:45.185Z,44.2,-65,2,-158,0.0
2026-06-27T16:48:45.186Z,43.8,-65,3,-166,0.0
2026-06-27T16:48:45.188Z,40.8,-65,3,-172,0.0
2026-06-27T16:48:45.189Z,43.4,-65,2,-180,0.0
2026-06-27T16:48:45.190Z,40.8,-65,2,-188,0.0
2026-06-27T16:48:45.191Z,41.7,-65,2,-196,0.0
2026-06-27T16:48:45.192Z,41.7,-65,3,-203,0.0
2026-06-27T16:48:45.193Z,42.2,-65,2,-211,0.0
2026-06-27T16:48:45.273Z,42.6,-65,2,-141,0.0
2026-06-27T16:48:45.276Z,42.6,-65,6,-150,0.0
2026-06-27T16:48:45.277Z,44.4,-65,2,-157,0.0
2026-06-27T16:48:45.278Z,43.6,-65,2,-187,0.0
2026-06-27T16:48:45.280Z,43.2,-65,2,-196,0.0
2026-06-27T16:48:45.281Z,43.6,-65,2,-204,0.0
2026-06-27T16:48:45.282Z,47.8,-65,2,-212,0.0
2026-06-27T16:48:45.283Z,47.8,-65,2,-220,0.0
2026-06-27T16:48:45.285Z,47.4,-65,2,-228,0.0
2026-06-27T16:48:45.417Z,47.4,-65,3,-111,0.0
2026-06-27T16:48:45.418Z,47.4,-65,3,-117,0.0
2026-06-27T16:48:45.421Z,46.5,-65,2,-147,0.0
2026-06-27T16:48:45.422Z,46.6,-65,2,-156,0.0
2026-06-27T16:48:45.423Z,46.5,-65,2,-164,0.0
2026-06-27T16:48:45.424Z,46.5,-65,2,-172,0.0
2026-06-27T16:48:45.425Z,47.0,-65,2,-180,0.0
2026-06-27T16:48:45.428Z,47.9,-65,2,-186,0.0
2026-06-27T16:48:45.429Z,47.9,-65,2,-194,0.0
2026-06-27T16:48:45.430Z,47.5,-65,2,-202,0.0
2026-06-27T16:48:45.431Z,47.5,-65,2,-211,0.0
2026-06-27T16:48:45.432Z,47.1,-65,2,-219,0.0
2026-06-27T16:48:45.472Z,47.2,-65,3,-189,0.0
2026-06-27T16:48:45.474Z,47.1,-65,5,-197,0.0
2026-06-27T16:48:45.475Z,46.8,-65,2,-205,0.0
2026-06-27T16:48:45.476Z,47.2,-65,2,-236,0.0
2026-06-27T16:48:45.579Z,48.6,-65,2,-143,0.0
2026-06-27T16:48:45.581Z,48.1,-65,4,-152,0.0
2026-06-27T16:48:45.583Z,47.8,-67,2,-181,0.0
2026-06-27T16:48:45.585Z,47.8,-67,2,-212,0.0
2026-06-27T16:48:45.586Z,47.8,-67,2,-220,0.0
2026-06-27T16:48:45.587Z,47.8,-67,2,-229,0.0
2026-06-27T16:48:45.686Z,47.8,-67,2,-144,0.0
2026-06-27T16:48:45.695Z,47.8,-67,3,-146,0.0
2026-06-27T16:48:45.698Z,47.8,-67,2,-173,0.0
2026-06-27T16:48:45.700Z,44.4,-67,3,-203,0.0
2026-06-27T16:48:45.701Z,44.4,-67,2,-210,0.0
2026-06-27T16:48:45.702Z,44.4,-67,2,-218,0.0
2026-06-27T16:48:45.733Z,44.0,-67,6,-202,0.0
2026-06-27T16:48:45.734Z,43.6,-66,2,-210,0.0
2026-06-27T16:48:45.735Z,43.2,-66,2,-241,0.0
2026-06-27T16:48:45.890Z,42.8,-66,3,-102,0.0
2026-06-27T16:48:45.901Z,42.8,-66,2,-98,0.0
2026-06-27T16:48:45.905Z,42.4,-66,3,-126,0.0
2026-06-27T16:48:45.908Z,42.4,-67,3,-130,0.0
2026-06-27T16:48:45.910Z,42.4,-67,2,-137,0.0
2026-06-27T16:48:45.912Z,45.0,-67,3,-144,0.0
2026-06-27T16:48:45.913Z,45.0,-67,3,-151,0.0
2026-06-27T16:48:45.915Z,49.1,-67,2,-159,0.0
2026-06-27T16:48:45.916Z,49.1,-67,2,-166,0.0
2026-06-27T16:48:45.918Z,49.1,-67,2,-174,0.0
2026-06-27T16:48:45.919Z,49.1,-67,2,-181,0.0
2026-06-27T16:48:45.920Z,49.1,-67,2,-190,0.0
2026-06-27T16:48:46.041Z,49.1,-67,3,-78,0.0
2026-06-27T16:48:46.043Z,49.1,-67,5,-88,0.0
2026-06-27T16:48:46.045Z,47.0,-67,2,-95,0.0
2026-06-27T16:48:46.047Z,42.8,-67,2,-125,0.0
2026-06-27T16:48:46.048Z,42.4,-67,2,-156,0.0
2026-06-27T16:48:46.049Z,42.4,-67,2,-164,0.0
2026-06-27T16:48:46.050Z,42.4,-67,2,-172,0.0
2026-06-27T16:48:46.051Z,42.4,-67,2,-180,0.0
2026-06-27T16:48:46.052Z,42.4,-67,2,-188,0.0
2026-06-27T16:48:46.053Z,42.4,-67,3,-196,0.0
2026-06-27T16:48:46.054Z,42.4,-67,2,-203,0.0
2026-06-27T16:48:46.055Z,43.8,-67,2,-211,0.0
2026-06-27T16:48:46.056Z,43.8,-67,2,-219,0.0
2026-06-27T16:48:46.181Z,43.4,-67,4,-107,0.0
2026-06-27T16:48:46.182Z,43.4,-67,3,-113,0.0
2026-06-27T16:48:46.183Z,42.6,-67,2,-144,0.0
2026-06-27T16:48:46.184Z,42.6,-67,2,-152,0.0
2026-06-27T16:48:46.185Z,42.6,-67,3,-160,0.0
2026-06-27T16:48:46.186Z,42.6,-67,2,-168,0.0
2026-06-27T16:48:46.188Z,47.5,-67,2,-176,0.0
2026-06-27T16:48:46.189Z,48.0,-67,2,-183,0.0
2026-06-27T16:48:46.191Z,49.3,-67,2,-191,0.0
2026-06-27T16:48:46.193Z,48.9,-67,2,-199,0.0
2026-06-27T16:48:46.194Z,48.9,-67,3,-206,0.0
2026-06-27T16:48:46.195Z,48.9,-67,2,-214,0.0
2026-06-27T16:48:46.233Z,48.6,-67,2,-185,0.0
2026-06-27T16:48:46.235Z,48.2,-67,8,-199,0.0
2026-06-27T16:48:46.236Z,47.8,-68,2,-207,0.0
2026-06-27T16:48:46.371Z,44.0,-68,2,-105,0.0
2026-06-27T16:48:46.374Z,43.2,-68,6,-115,0.0
2026-06-27T16:48:46.375Z,43.2,-68,2,-122,0.0
2026-06-27T16:48:46.377Z,44.2,-68,2,-153,0.0
2026-06-27T16:48:46.378Z,43.8,-68,3,-162,0.0
2026-06-27T16:48:46.379Z,43.4,-68,3,-170,0.0
2026-06-27T16:48:46.380Z,43.4,-68,3,-177,0.0
2026-06-27T16:48:46.381Z,44.8,-68,2,-185,0.0
2026-06-27T16:48:46.383Z,44.4,-68,2,-192,0.0
2026-06-27T16:48:46.384Z,44.0,-68,2,-200,0.0
2026-06-27T16:48:46.385Z,43.6,-68,2,-208,0.0
2026-06-27T16:48:46.386Z,45.4,-68,2,-216,0.0
2026-06-27T16:48:46.387Z,45.0,-68,2,-224,0.0
2026-06-27T16:48:46.517Z,44.6,-68,5,-111,0.0
2026-06-27T16:48:46.524Z,44.2,-68,2,-110,0.0
2026-06-27T16:48:46.527Z,43.4,-68,2,-139,0.0
2026-06-27T16:48:46.529Z,43.4,-69,2,-147,0.0
2026-06-27T16:48:46.531Z,45.6,-69,2,-154,0.0
2026-06-27T16:48:46.532Z,48.2,-69,2,-162,0.0
2026-06-27T16:48:46.533Z,48.2,-69,2,-170,0.0
2026-06-27T16:48:46.534Z,48.6,-69,3,-178,0.0
2026-06-27T16:48:46.535Z,49.5,-69,2,-186,0.0
2026-06-27T16:48:46.536Z,49.1,-69,2,-194,0.0
2026-06-27T16:48:46.537Z,49.1,-69,2,-202,0.0
2026-06-27T16:48:46.538Z,45.8,-69,5,-213,0.0
2026-06-27T16:48:46.675Z,45.0,-69,2,-89,0.0
2026-06-27T16:48:46.676Z,44.6,-69,3,-95,0.0
2026-06-27T16:48:46.678Z,44.2,-69,2,-125,0.0
2026-06-27T16:48:46.680Z,44.2,-69,2,-157,0.0
2026-06-27T16:48:46.681Z,44.2,-69,2,-165,0.0
2026-06-27T16:48:46.682Z,44.2,-69,2,-173,0.0
2026-06-27T16:48:46.683Z,44.2,-69,2,-181,0.0
2026-06-27T16:48:46.686Z,44.6,-69,3,-188,0.0
2026-06-27T16:48:46.687Z,46.0,-69,3,-195,0.0
2026-06-27T16:48:46.688Z,46.0,-69,3,-203,0.0
2026-06-27T16:48:46.689Z,46.0,-69,2,-211,0.0
2026-06-27T16:48:46.690Z,46.0,-69,2,-219,0.0
2026-06-27T16:48:46.691Z,45.9,-69,2,-226,0.0
2026-06-27T16:48:46.813Z,46.0,-69,8,-119,0.0
2026-06-27T16:48:46.816Z,46.0,-69,2,-125,0.0
2026-06-27T16:48:46.817Z,43.8,-69,2,-155,0.0
2026-06-27T16:48:46.818Z,44.2,-70,4,-166,0.0
2026-06-27T16:48:46.819Z,44.2,-70,3,-174,0.0
2026-06-27T16:48:46.821Z,44.6,-70,3,-181,0.0
2026-06-27T16:48:46.822Z,44.6,-70,2,-188,0.0
2026-06-27T16:48:46.823Z,45.4,-70,2,-196,0.0
2026-06-27T16:48:46.824Z,45.0,-70,2,-204,0.0
2026-06-27T16:48:46.825Z,44.6,-70,2,-212,0.0
2026-06-27T16:48:46.826Z,44.6,-70,2,-220,0.0
2026-06-27T16:48:46.827Z,44.6,-70,2,-228,0.0
2026-06-27T16:48:46.880Z,44.6,-70,2,-190,0.0
2026-06-27T16:48:46.886Z,45.0,-70,2,-192,0.0
2026-06-27T16:48:46.890Z,45.0,-70,3,-220,0.0
2026-06-27T16:48:47.037Z,44.2,-70,3,-108,0.0
2026-06-27T16:48:47.049Z,44.6,-70,3,-102,0.0
2026-06-27T16:48:47.052Z,44.6,-70,4,-108,0.0
2026-06-27T16:48:47.054Z,44.2,-74,2,-140,0.0
2026-06-27T16:48:47.056Z,44.2,-74,3,-146,0.0
2026-06-27T16:48:47.058Z,44.6,-74,2,-152,0.0
2026-06-27T16:48:47.060Z,46.8,-74,2,-161,0.0
2026-06-27T16:48:47.062Z,44.6,-74,2,-167,0.0
2026-06-27T16:48:47.063Z,43.4,-74,2,-174,0.0
2026-06-27T16:48:47.065Z,43.8,-74,2,-182,0.0
2026-06-27T16:48:47.066Z,44.2,-74,2,-189,0.0
2026-06-27T16:48:47.067Z,45.0,-74,2,-197,0.0
2026-06-27T16:48:47.069Z,47.2,-74,2,-205,0.0
2026-06-27T16:48:47.089Z,42.6,-74,5,-197,0.0
2026-06-27T16:48:47.090Z,42.6,-74,2,-203,0.0
2026-06-27T16:48:47.092Z,47.2,-74,2,-233,0.0
2026-06-27T16:48:47.243Z,46.4,-74,2,-115,0.0
2026-06-27T16:48:47.245Z,46.4,-71,3,-121,0.0
2026-06-27T16:48:47.246Z,46.8,-71,2,-154,0.0
2026-06-27T16:48:47.248Z,46.8,-71,2,-162,0.0
2026-06-27T16:48:47.249Z,36.2,-71,3,-169,0.0
2026-06-27T16:48:47.251Z,35.8,-71,2,-175,0.0
2026-06-27T16:48:47.252Z,36.9,-71,2,-183,0.0
2026-06-27T16:48:47.254Z,36.0,-71,2,-189,0.0
2026-06-27T16:48:47.255Z,35.5,-71,2,-197,0.0
2026-06-27T16:48:47.256Z,37.1,-71,3,-204,0.0
2026-06-27T16:48:47.257Z,35.8,-71,2,-212,0.0
2026-06-27T16:48:47.258Z,35.8,-71,2,-219,0.0
2026-06-27T16:48:47.259Z,36.9,-71,2,-226,0.0
2026-06-27T16:48:47.320Z,36.0,-71,5,-177,0.0
2026-06-27T16:48:47.324Z,35.5,-71,2,-182,0.0
2026-06-27T16:48:47.325Z,44.4,-71,2,-212,0.0
2026-06-27T16:48:47.422Z,47.0,-71,2,-148,0.0
2026-06-27T16:48:47.424Z,42.4,-70,2,-154,0.0
2026-06-27T16:48:47.426Z,44.4,-70,2,-185,0.0
2026-06-27T16:48:47.427Z,36.2,-70,2,-215,0.0
2026-06-27T16:48:47.428Z,35.8,-70,2,-223,0.0
2026-06-27T16:48:47.429Z,44.0,-70,3,-230,0.0
2026-06-27T16:48:47.472Z,36.0,-70,2,-199,0.0
2026-06-27T16:48:47.474Z,35.5,-74,3,-205,0.0
2026-06-27T16:48:47.475Z,35.9,-74,2,-235,0.0
2026-06-27T16:48:47.625Z,39.2,-74,2,-117,0.0
2026-06-27T16:48:47.629Z,38.7,-74,2,-123,0.0
2026-06-27T16:48:47.631Z,38.5,-74,3,-152,0.0
2026-06-27T16:48:47.632Z,36.0,-70,3,-160,0.0
2026-06-27T16:48:47.634Z,37.1,-70,3,-167,0.0
2026-06-27T16:48:47.635Z,38.7,-70,2,-174,0.0
2026-06-27T16:48:47.636Z,38.3,-70,3,-181,0.0
2026-06-27T16:48:47.637Z,35.8,-70,2,-189,0.0
2026-06-27T16:48:47.638Z,39.0,-70,3,-196,0.0
2026-06-27T16:48:47.639Z,38.5,-70,2,-204,0.0
2026-06-27T16:48:47.640Z,36.0,-70,2,-211,0.0
2026-06-27T16:48:47.641Z,39.6,-70,2,-219,0.0
2026-06-27T16:48:47.642Z,37.1,-70,2,-226,0.0
2026-06-27T16:48:47.674Z,35.8,-70,5,-205,0.0
2026-06-27T16:48:47.675Z,35.8,-70,2,-212,0.0
2026-06-27T16:48:47.676Z,35.5,-70,2,-243,0.0
2026-06-27T16:48:47.807Z,36.7,-70,5,-124,0.0
2026-06-27T16:48:47.808Z,36.9,-70,2,-153,0.0
2026-06-27T16:48:47.810Z,36.0,-70,2,-161,0.0
2026-06-27T16:48:47.811Z,35.5,-68,4,-170,0.0
2026-06-27T16:48:47.812Z,35.5,-68,2,-177,0.0
2026-06-27T16:48:47.813Z,36.7,-68,2,-185,0.0
2026-06-27T16:48:47.814Z,35.8,-68,2,-192,0.0
2026-06-27T16:48:47.816Z,35.8,-68,2,-200,0.0
2026-06-27T16:48:47.817Z,35.8,-68,3,-206,0.0
2026-06-27T16:48:47.818Z,36.4,-68,2,-213,0.0
2026-06-27T16:48:47.819Z,35.5,-68,2,-221,0.0
2026-06-27T16:48:47.820Z,35.5,-68,2,-228,0.0
2026-06-27T16:48:47.867Z,35.0,-68,2,-196,0.0
2026-06-27T16:48:47.876Z,35.8,-68,3,-196,0.0
2026-06-27T16:48:47.881Z,36.0,-68,3,-220,0.0
2026-06-27T16:48:47.994Z,35.5,-70,2,-114,0.0
2026-06-27T16:48:47.996Z,37.1,-70,5,-123,0.0
2026-06-27T16:48:47.999Z,36.7,-70,2,-128,0.0
2026-06-27T16:48:48.001Z,37.3,-70,2,-158,0.0
2026-06-27T16:48:48.002Z,36.0,-70,2,-165,0.0
2026-06-27T16:48:48.003Z,35.5,-70,2,-174,0.0
2026-06-27T16:48:48.004Z,35.5,-70,2,-181,0.0
2026-06-27T16:48:48.005Z,37.1,-70,2,-189,0.0
2026-06-27T16:48:48.006Z,36.2,-70,2,-196,0.0
2026-06-27T16:48:48.008Z,35.8,-70,2,-203,0.0
2026-06-27T16:48:48.009Z,35.8,-70,2,-210,0.0
2026-06-27T16:48:48.010Z,35.8,-70,2,-218,0.0
2026-06-27T16:48:48.011Z,35.8,-70,3,-225,0.0
2026-06-27T16:48:48.145Z,36.4,-70,5,-104,0.0
2026-06-27T16:48:48.147Z,35.5,-70,3,-110,0.0
2026-06-27T16:48:48.149Z,31.9,-70,3,-139,0.0
2026-06-27T16:48:48.150Z,35.8,-69,2,-171,0.0
2026-06-27T16:48:48.151Z,35.8,-69,3,-178,0.0
2026-06-27T16:48:48.152Z,35.8,-69,2,-186,0.0
2026-06-27T16:48:48.153Z,36.9,-69,3,-193,0.0
2026-06-27T16:48:48.154Z,36.0,-69,2,-200,0.0
2026-06-27T16:48:48.155Z,36.0,-69,2,-208,0.0
2026-06-27T16:48:48.157Z,35.5,-69,2,-215,0.0
2026-06-27T16:48:48.158Z,35.5,-69,2,-223,0.0
2026-06-27T16:48:48.297Z,37.1,-69,6,-96,0.0
2026-06-27T16:48:48.300Z,36.7,-69,2,-102,0.0
2026-06-27T16:48:48.301Z,35.8,-69,2,-132,0.0
2026-06-27T16:48:48.302Z,36.4,-69,3,-163,0.0
2026-06-27T16:48:48.303Z,36.0,-69,2,-171,0.0
2026-06-27T16:48:48.304Z,35.5,-69,2,-178,0.0
2026-06-27T16:48:48.306Z,35.5,-69,2,-186,0.0
2026-06-27T16:48:48.307Z,35.5,-69,3,-192,0.0
2026-06-27T16:48:48.308Z,35.5,-69,2,-199,0.0
2026-06-27T16:48:48.309Z,35.5,-69,2,-207,0.0
2026-06-27T16:48:48.310Z,35.0,-69,3,-214,0.0
2026-06-27T16:48:48.311Z,35.8,-69,2,-221,0.0
2026-06-27T16:48:48.425Z,34.5,-69,2,-117,0.0
2026-06-27T16:48:48.427Z,35.3,-69,5,-126,0.0
2026-06-27T16:48:48.428Z,35.3,-69,3,-133,0.0
2026-06-27T16:48:48.430Z,35.5,-69,2,-162,0.0
2026-06-27T16:48:48.431Z,35.5,-69,2,-169,0.0
2026-06-27T16:48:48.432Z,35.0,-69,2,-177,0.0
2026-06-27T16:48:48.434Z,35.0,-69,2,-184,0.0
2026-06-27T16:48:48.435Z,35.8,-69,3,-191,0.0
2026-06-27T16:48:48.436Z,35.8,-69,2,-199,0.0
2026-06-27T16:48:48.437Z,35.8,-69,2,-206,0.0
2026-06-27T16:48:48.438Z,35.3,-69,2,-213,0.0
2026-06-27T16:48:48.439Z,36.4,-69,2,-221,0.0
2026-06-27T16:48:48.440Z,34.8,-69,3,-228,0.0
2026-06-27T16:48:48.548Z,35.5,-69,5,-133,0.0
2026-06-27T16:48:48.551Z,34.3,-69,2,-138,0.0
2026-06-27T16:48:48.552Z,35.0,-69,2,-145,0.0
2026-06-27T16:48:48.554Z,33.2,-69,2,-176,0.0
2026-06-27T16:48:48.555Z,34.0,-69,3,-183,0.0
2026-06-27T16:48:48.556Z,34.0,-69,3,-190,0.0
2026-06-27T16:48:48.559Z,33.5,-69,2,-196,0.0
2026-06-27T16:48:48.560Z,33.5,-69,2,-203,0.0
2026-06-27T16:48:48.561Z,32.9,-69,2,-210,0.0
2026-06-27T16:48:48.562Z,32.9,-69,2,-217,0.0
2026-06-27T16:48:48.563Z,33.7,-69,2,-224,0.0
2026-06-27T16:48:48.707Z,33.2,-69,4,-92,0.0
2026-06-27T16:48:48.709Z,33.2,-68,3,-98,0.0
2026-06-27T16:48:48.711Z,33.5,-68,2,-128,0.0
2026-06-27T16:48:48.712Z,33.0,-68,2,-159,0.0
2026-06-27T16:48:48.714Z,33.7,-68,3,-165,0.0
2026-06-27T16:48:48.715Z,33.7,-68,2,-172,0.0
2026-06-27T16:48:48.716Z,33.2,-68,2,-180,0.0
2026-06-27T16:48:48.717Z,33.2,-68,3,-187,0.0
2026-06-27T16:48:48.718Z,34.0,-68,2,-194,0.0
2026-06-27T16:48:48.719Z,32.7,-68,2,-201,0.0
2026-06-27T16:48:48.720Z,33.5,-68,2,-209,0.0
2026-06-27T16:48:48.721Z,33.5,-68,3,-216,0.0
2026-06-27T16:48:48.722Z,33.5,-68,2,-223,0.0
2026-06-27T16:48:48.828Z,32.9,-68,4,-129,0.0
2026-06-27T16:48:48.831Z,32.9,-68,3,-134,0.0
2026-06-27T16:48:48.832Z,31.9,-68,2,-163,0.0
2026-06-27T16:48:48.833Z,31.9,-68,2,-171,0.0
2026-06-27T16:48:48.835Z,31.4,-68,3,-179,0.0
2026-06-27T16:48:48.837Z,30.1,-68,3,-184,0.0
2026-06-27T16:48:48.838Z,30.9,-68,2,-191,0.0
2026-06-27T16:48:48.840Z,29.6,-68,2,-197,0.0
2026-06-27T16:48:48.841Z,30.4,-68,2,-204,0.0
2026-06-27T16:48:48.842Z,29.1,-68,2,-211,0.0
2026-06-27T16:48:48.843Z,29.1,-68,2,-218,0.0
2026-06-27T16:48:48.844Z,29.9,-68,2,-225,0.0
2026-06-27T16:48:48.975Z,29.9,-68,2,-106,0.0
2026-06-27T16:48:48.979Z,30.6,-68,2,-110,0.0
2026-06-27T16:48:48.981Z,31.4,-68,2,-139,0.0
2026-06-27T16:48:48.983Z,31.7,-69,2,-170,0.0
2026-06-27T16:48:48.984Z,31.7,-69,3,-176,0.0
2026-06-27T16:48:48.985Z,31.7,-69,2,-183,0.0
2026-06-27T16:48:48.987Z,31.1,-69,2,-189,0.0
2026-06-27T16:48:48.988Z,31.1,-69,2,-196,0.0
2026-06-27T16:48:48.989Z,31.9,-69,2,-204,0.0
2026-06-27T16:48:48.991Z,31.9,-69,3,-210,0.0
2026-06-27T16:48:48.992Z,31.9,-73,3,-217,0.0
2026-06-27T16:48:49.076Z,30.9,-73,2,-164,0.0
2026-06-27T16:48:49.078Z,30.9,-73,2,-170,0.0
2026-06-27T16:48:49.080Z,31.1,-73,2,-199,0.0
2026-06-27T16:48:49.081Z,31.1,-73,2,-207,0.0
2026-06-27T16:48:49.082Z,31.1,-73,2,-214,0.0
2026-06-27T16:48:49.083Z,31.9,-73,2,-220,0.0
2026-06-27T16:48:49.085Z,31.9,-77,2,-227,0.0
2026-06-27T16:48:49.164Z,31.4,-77,2,-181,0.0
2026-06-27T16:48:49.168Z,32.2,-77,3,-186,0.0
2026-06-27T16:48:49.172Z,31.7,-77,3,-212,0.0
2026-06-27T16:48:49.175Z,30.4,-77,2,-218,0.0
2026-06-27T16:48:49.177Z,31.7,-77,2,-224,0.0
2026-06-27T16:48:49.218Z,31.7,-77,3,-193,0.0
2026-06-27T16:48:49.220Z,31.1,-75,2,-199,0.0
2026-06-27T16:48:49.221Z,31.9,-75,2,-230,0.0
2026-06-27T16:48:49.362Z,31.4,-75,2,-120,0.0
2026-06-27T16:48:49.366Z,31.4,-75,2,-124,0.0
2026-06-27T16:48:49.368Z,30.9,-75,2,-154,0.0
2026-06-27T16:48:49.369Z,29.1,-75,2,-161,0.0
2026-06-27T16:48:49.370Z,29.1,-75,2,-168,0.0
2026-06-27T16:48:49.372Z,31.7,-75,2,-174,0.0
2026-06-27T16:48:49.373Z,31.7,-75,2,-181,0.0
2026-06-27T16:48:49.375Z,31.7,-75,2,-189,0.0
2026-06-27T16:48:49.376Z,31.1,-75,3,-195,0.0
2026-06-27T16:48:49.377Z,25.9,-75,3,-202,0.0
2026-06-27T16:48:49.379Z,31.1,-75,2,-209,0.0
2026-06-27T16:48:49.380Z,35.8,-75,3,-215,0.0
2026-06-27T16:48:49.381Z,31.9,-75,2,-222,0.0
2026-06-27T16:48:49.472Z,35.8,-75,8,-147,0.0
2026-06-27T16:48:49.476Z,31.4,-74,2,-151,0.0
2026-06-27T16:48:49.477Z,32.2,-74,2,-180,0.0
2026-06-27T16:48:49.478Z,31.7,-74,2,-211,0.0
2026-06-27T16:48:49.480Z,31.7,-74,2,-218,0.0
2026-06-27T16:48:49.481Z,31.7,-74,2,-225,0.0
2026-06-27T16:48:49.578Z,41.0,-74,2,-136,0.0
2026-06-27T16:48:49.582Z,40.6,-74,6,-146,0.0
2026-06-27T16:48:49.584Z,40.6,-74,2,-152,0.0
2026-06-27T16:48:49.586Z,40.1,-74,2,-182,0.0
2026-06-27T16:48:49.588Z,42.2,-74,3,-213,0.0
2026-06-27T16:48:49.590Z,41.7,-74,3,-219,0.0
2026-06-27T16:48:49.592Z,41.2,-74,2,-226,0.0
2026-06-27T16:48:49.679Z,41.2,-74,4,-151,0.0
2026-06-27T16:48:49.684Z,40.8,-74,2,-156,0.0
2026-06-27T16:48:49.687Z,40.3,-74,2,-184,0.0
2026-06-27T16:48:49.691Z,40.3,-74,2,-212,0.0
2026-06-27T16:48:49.693Z,40.3,-74,2,-218,0.0
2026-06-27T16:48:49.694Z,40.3,-74,2,-225,0.0
2026-06-27T16:48:49.781Z,40.3,-73,6,-151,0.0
2026-06-27T16:48:49.783Z,40.3,-73,2,-157,0.0
2026-06-27T16:48:49.785Z,41.5,-73,2,-188,0.0
2026-06-27T16:48:49.786Z,40.6,-73,2,-219,0.0
2026-06-27T16:48:49.787Z,40.6,-73,3,-226,0.0
2026-06-27T16:48:49.788Z,40.6,-73,2,-234,0.0
2026-06-27T16:48:49.954Z,40.6,-73,2,-76,0.0
2026-06-27T16:48:49.958Z,40.1,-73,3,-81,0.0
2026-06-27T16:48:49.959Z,39.6,-73,2,-112,0.0
2026-06-27T16:48:49.960Z,39.6,-73,3,-143,0.0
2026-06-27T16:48:49.961Z,39.6,-73,3,-151,0.0
2026-06-27T16:48:49.962Z,39.6,-73,2,-159,0.0
2026-06-27T16:48:49.964Z,39.6,-73,2,-167,0.0
2026-06-27T16:48:49.965Z,39.6,-73,2,-173,0.0
2026-06-27T16:48:49.966Z,39.6,-73,2,-181,0.0
2026-06-27T16:48:49.967Z,39.6,-73,3,-188,0.0
2026-06-27T16:48:49.968Z,39.6,-73,2,-196,0.0
2026-06-27T16:48:49.969Z,39.6,-73,2,-204,0.0
2026-06-27T16:48:49.970Z,39.6,-73,3,-211,0.0
2026-06-27T16:48:50.118Z,40.1,-73,4,-75,0.0
2026-06-27T16:48:50.120Z,40.1,-73,3,-81,0.0
2026-06-27T16:48:50.121Z,39.6,-73,2,-112,0.0
2026-06-27T16:48:50.122Z,41.7,-82,2,-120,0.0
2026-06-27T16:48:50.125Z,40.8,-82,2,-148,0.0
2026-06-27T16:48:50.127Z,39.9,-82,2,-179,0.0
2026-06-27T16:48:50.128Z,39.9,-82,2,-187,0.0
2026-06-27T16:48:50.129Z,39.9,-82,2,-195,0.0
2026-06-27T16:48:50.130Z,39.9,-82,2,-202,0.0
2026-06-27T16:48:50.131Z,39.9,-82,2,-210,0.0
2026-06-27T16:48:50.132Z,39.9,-82,2,-217,0.0
2026-06-27T16:48:50.133Z,39.9,-82,2,-225,0.0
2026-06-27T16:48:50.278Z,39.9,-82,2,-92,0.0
2026-06-27T16:48:50.280Z,39.9,-82,3,-98,0.0
2026-06-27T16:48:50.282Z,39.9,-82,2,-128,0.0
2026-06-27T16:48:50.283Z,39.9,-82,2,-159,0.0
2026-06-27T16:48:50.285Z,39.9,-80,3,-167,0.0
2026-06-27T16:48:50.286Z,39.9,-80,2,-174,0.0
2026-06-27T16:48:50.288Z,39.4,-80,2,-181,0.0
2026-06-27T16:48:50.290Z,39.4,-80,3,-188,0.0
2026-06-27T16:48:50.291Z,39.4,-80,2,-195,0.0
2026-06-27T16:48:50.292Z,39.4,-80,2,-203,0.0
2026-06-27T16:48:50.293Z,39.4,-80,3,-210,0.0
2026-06-27T16:48:50.294Z,39.4,-80,2,-218,0.0
2026-06-27T16:48:50.295Z,39.4,-80,2,-225,0.0
2026-06-27T16:48:50.392Z,39.4,-80,8,-145,0.0
2026-06-27T16:48:50.394Z,39.4,-75,2,-151,0.0
2026-06-27T16:48:50.395Z,39.4,-75,2,-181,0.0
2026-06-27T16:48:50.396Z,39.4,-75,3,-191,0.0
2026-06-27T16:48:50.399Z,39.0,-75,2,-196,0.0
2026-06-27T16:48:50.400Z,39.0,-75,2,-204,0.0
2026-06-27T16:48:50.401Z,39.0,-75,2,-212,0.0
2026-06-27T16:48:50.402Z,38.9,-75,3,-219,0.0
2026-06-27T16:48:50.403Z,39.0,-75,2,-226,0.0
2026-06-27T16:48:50.444Z,39.0,-75,5,-197,0.0
2026-06-27T16:48:50.446Z,39.0,-74,2,-203,0.0
2026-06-27T16:48:50.447Z,39.0,-74,2,-234,0.0
2026-06-27T16:48:50.595Z,39.0,-74,2,-118,0.0
2026-06-27T16:48:50.598Z,38.9,-74,2,-124,0.0
2026-06-27T16:48:50.600Z,40.1,-74,2,-153,0.0
2026-06-27T16:48:50.602Z,39.6,-74,2,-161,0.0
2026-06-27T16:48:50.603Z,39.6,-74,3,-168,0.0
2026-06-27T16:48:50.604Z,39.2,-74,2,-176,0.0
2026-06-27T16:48:50.606Z,31.1,-74,2,-183,0.0
2026-06-27T16:48:50.607Z,38.7,-74,2,-190,0.0
2026-06-27T16:48:50.608Z,38.7,-74,2,-197,0.0
2026-06-27T16:48:50.609Z,30.6,-74,2,-204,0.0
2026-06-27T16:48:50.610Z,39.9,-74,2,-212,0.0
2026-06-27T16:48:50.611Z,31.4,-74,2,-219,0.0
2026-06-27T16:48:50.612Z,39.4,-74,2,-227,0.0
2026-06-27T16:48:50.651Z,39.0,-75,6,-201,0.0
2026-06-27T16:48:50.652Z,30.9,-75,2,-207,0.0
2026-06-27T16:48:50.653Z,39.6,-75,2,-238,0.0
2026-06-27T16:48:50.786Z,38.7,-75,3,-114,0.0
2026-06-27T16:48:50.789Z,38.7,-75,2,-120,0.0
2026-06-27T16:48:50.792Z,38.3,-75,2,-149,0.0
2026-06-27T16:48:50.793Z,39.9,-76,2,-157,0.0
2026-06-27T16:48:50.794Z,39.4,-76,3,-165,0.0
2026-06-27T16:48:50.795Z,38.9,-76,2,-173,0.0
2026-06-27T16:48:50.796Z,38.9,-76,2,-180,0.0
2026-06-27T16:48:50.798Z,38.5,-76,2,-187,0.0
2026-06-27T16:48:50.799Z,38.0,-76,2,-195,0.0
2026-06-27T16:48:50.800Z,39.2,-76,2,-203,0.0
2026-06-27T16:48:50.801Z,38.3,-76,2,-210,0.0
2026-06-27T16:48:50.802Z,37.8,-76,2,-218,0.0
2026-06-27T16:48:50.803Z,37.7,-76,2,-225,0.0
2026-06-27T16:48:50.943Z,40.3,-76,5,-96,0.0
2026-06-27T16:48:50.944Z,39.9,-76,4,-105,0.0
2026-06-27T16:48:50.946Z,38.5,-74,2,-135,0.0
2026-06-27T16:48:50.948Z,39.6,-74,2,-166,0.0
2026-06-27T16:48:50.949Z,39.2,-74,2,-173,0.0
2026-06-27T16:48:50.950Z,23.1,-74,2,-180,0.0
2026-06-27T16:48:50.951Z,38.3,-74,2,-187,0.0
2026-06-27T16:48:50.952Z,29.1,-74,2,-194,0.0
2026-06-27T16:48:50.953Z,22.5,-74,2,-201,0.0
2026-06-27T16:48:50.954Z,22.5,-74,2,-208,0.0
2026-06-27T16:48:50.955Z,29.3,-74,3,-215,0.0
2026-06-27T16:48:50.956Z,22.8,-74,3,-221,0.0
2026-06-27T16:48:51.085Z,21.9,-74,2,-104,0.0
2026-06-27T16:48:51.086Z,37.6,-74,3,-110,0.0
2026-06-27T16:48:51.088Z,29.1,-74,2,-139,0.0
2026-06-27T16:48:51.090Z,22.5,-74,2,-169,0.0
2026-06-27T16:48:51.091Z,22.5,-75,2,-176,0.0
2026-06-27T16:48:51.092Z,22.5,-75,3,-182,0.0
2026-06-27T16:48:51.095Z,22.5,-75,2,-187,0.0
2026-06-27T16:48:51.096Z,21.6,-75,2,-194,0.0
2026-06-27T16:48:51.097Z,21.6,-75,3,-200,0.0
2026-06-27T16:48:51.098Z,21.6,-75,2,-207,0.0
2026-06-27T16:48:51.100Z,20.3,-75,3,-212,0.0
2026-06-27T16:48:51.101Z,22.5,-75,2,-219,0.0
2026-06-27T16:48:51.102Z,22.5,-75,2,-225,0.0
2026-06-27T16:48:51.209Z,21.3,-75,8,-132,0.0
2026-06-27T16:48:51.211Z,21.3,-75,3,-137,0.0
2026-06-27T16:48:51.212Z,21.3,-75,3,-144,0.0
2026-06-27T16:48:51.213Z,21.3,-76,2,-174,0.0
2026-06-27T16:48:51.215Z,20.0,-76,2,-180,0.0
2026-06-27T16:48:51.216Z,21.3,-76,2,-187,0.0
2026-06-27T16:48:51.217Z,22.2,-76,3,-193,0.0
2026-06-27T16:48:51.218Z,22.2,-76,2,-200,0.0
2026-06-27T16:48:51.219Z,20.9,-76,2,-206,0.0
2026-06-27T16:48:51.220Z,20.9,-76,2,-213,0.0
2026-06-27T16:48:51.221Z,20.9,-76,2,-219,0.0
2026-06-27T16:48:51.223Z,20.9,-76,2,-225,0.0
2026-06-27T16:48:51.360Z,21.9,-76,3,-103,0.0
2026-06-27T16:48:51.371Z,20.6,-81,2,-101,0.0
2026-06-27T16:48:51.374Z,20.3,-81,2,-126,0.0
2026-06-27T16:48:51.377Z,22.5,-81,2,-155,0.0
2026-06-27T16:48:51.379Z,21.3,-81,3,-159,0.0
2026-06-27T16:48:51.381Z,21.3,-81,2,-165,0.0
2026-06-27T16:48:51.383Z,21.3,-81,2,-170,0.0
2026-06-27T16:48:51.384Z,21.3,-81,2,-176,0.0
2026-06-27T16:48:51.386Z,21.3,-81,2,-182,0.0
2026-06-27T16:48:51.387Z,20.0,-81,2,-188,0.0
2026-06-27T16:48:51.389Z,20.0,-81,2,-195,0.0
2026-06-27T16:48:51.390Z,20.0,-81,2,-200,0.0
2026-06-27T16:48:51.391Z,20.0,-81,2,-206,0.0
2026-06-27T16:48:51.503Z,20.0,-81,9,-109,0.0
2026-06-27T16:48:51.504Z,20.0,-81,3,-115,0.0
2026-06-27T16:48:51.507Z,21.3,-81,3,-142,0.0
2026-06-27T16:48:51.508Z,20.3,-81,2,-173,0.0
2026-06-27T16:48:51.509Z,20.3,-79,2,-180,0.0
2026-06-27T16:48:51.511Z,21.3,-79,3,-185,0.0
2026-06-27T16:48:51.512Z,20.3,-79,2,-192,0.0
2026-06-27T16:48:51.513Z,21.3,-79,3,-198,0.0
2026-06-27T16:48:51.514Z,20.3,-79,2,-205,0.0
2026-06-27T16:48:51.516Z,20.3,-79,2,-210,0.0
2026-06-27T16:48:51.517Z,20.3,-79,2,-217,0.0
2026-06-27T16:48:51.518Z,20.3,-79,2,-223,0.0
2026-06-27T16:48:51.628Z,20.3,-79,2,-124,0.0
2026-06-27T16:48:51.629Z,20.3,-79,2,-131,0.0
2026-06-27T16:48:51.632Z,20.3,-79,3,-135,0.0
2026-06-27T16:48:51.633Z,21.3,-79,2,-164,0.0
2026-06-27T16:48:51.635Z,22.2,-79,2,-194,0.0
2026-06-27T16:48:51.637Z,21.0,-79,2,-200,0.0
2026-06-27T16:48:51.638Z,20.9,-79,2,-206,0.0
2026-06-27T16:48:51.640Z,20.9,-79,2,-212,0.0
2026-06-27T16:48:51.641Z,20.9,-79,2,-218,0.0
2026-06-27T16:48:51.642Z,20.9,-79,5,-227,0.0
2026-06-27T16:48:51.776Z,21.9,-78,6,-104,0.0
2026-06-27T16:48:51.778Z,21.9,-78,2,-109,0.0
2026-06-27T16:48:51.780Z,21.6,-78,2,-139,0.0
2026-06-27T16:48:51.781Z,21.3,-78,2,-169,0.0
2026-06-27T16:48:51.782Z,21.3,-78,3,-175,0.0
2026-06-27T16:48:51.783Z,21.3,-78,2,-182,0.0
2026-06-27T16:48:51.784Z,22.2,-78,3,-189,0.0
2026-06-27T16:48:51.785Z,22.2,-78,3,-195,0.0
2026-06-27T16:48:51.786Z,20.9,-78,2,-201,0.0
2026-06-27T16:48:51.788Z,20.9,-78,3,-207,0.0
2026-06-27T16:48:51.789Z,20.9,-78,2,-214,0.0
2026-06-27T16:48:51.790Z,20.9,-78,3,-220,0.0
2026-06-27T16:48:51.896Z,20.9,-78,2,-123,0.0
2026-06-27T16:48:51.898Z,21.9,-78,4,-131,0.0
2026-06-27T16:48:51.901Z,21.9,-78,2,-136,0.0
2026-06-27T16:48:51.902Z,21.6,-78,2,-165,0.0
2026-06-27T16:48:51.904Z,21.6,-81,2,-172,0.0
2026-06-27T16:48:51.905Z,21.6,-81,2,-179,0.0
2026-06-27T16:48:51.906Z,21.6,-81,3,-185,0.0
2026-06-27T16:48:51.907Z,20.3,-81,2,-192,0.0
2026-06-27T16:48:51.910Z,21.6,-81,3,-198,0.0
2026-06-27T16:48:51.911Z,22.5,-81,2,-203,0.0
2026-06-27T16:48:51.912Z,21.3,-81,2,-209,0.0
2026-06-27T16:48:51.913Z,21.3,-81,2,-216,0.0
2026-06-27T16:48:51.914Z,21.3,-81,2,-222,0.0
2026-06-27T16:48:52.031Z,22.2,-81,6,-121,0.0
2026-06-27T16:48:52.032Z,20.9,-81,2,-126,0.0
2026-06-27T16:48:52.034Z,20.9,-81,2,-155,0.0
2026-06-27T16:48:52.036Z,21.9,-78,3,-185,0.0
2026-06-27T16:48:52.038Z,21.9,-78,3,-191,0.0
2026-06-27T16:48:52.039Z,21.9,-78,2,-197,0.0
2026-06-27T16:48:52.040Z,21.9,-78,2,-204,0.0
2026-06-27T16:48:52.041Z,21.9,-78,2,-210,0.0
2026-06-27T16:48:52.042Z,21.9,-78,2,-217,0.0
2026-06-27T16:48:52.043Z,21.9,-78,3,-223,0.0
2026-06-27T16:48:52.044Z,23.1,-78,2,-229,0.0
2026-06-27T16:48:52.139Z,20.9,-77,6,-150,0.0
2026-06-27T16:48:52.145Z,20.9,-77,2,-149,0.0
2026-06-27T16:48:52.149Z,20.9,-77,2,-175,0.0
2026-06-27T16:48:52.151Z,22.2,-77,2,-204,0.0
2026-06-27T16:48:52.153Z,22.2,-77,2,-210,0.0
2026-06-27T16:48:52.154Z,22.2,-77,3,-215,0.0
2026-06-27T16:48:52.156Z,22.2,-77,2,-222,0.0
2026-06-27T16:48:52.236Z,22.2,-77,5,-152,0.0
2026-06-27T16:48:52.239Z,22.2,-77,2,-157,0.0
2026-06-27T16:48:52.240Z,21.3,-77,3,-185,0.0
2026-06-27T16:48:52.241Z,21.3,-77,2,-216,0.0
2026-06-27T16:48:52.243Z,21.3,-77,2,-222,0.0
2026-06-27T16:48:52.245Z,21.3,-77,3,-228,0.0
2026-06-27T16:48:52.378Z,21.3,-77,2,-106,0.0
2026-06-27T16:48:52.380Z,21.3,-76,2,-112,0.0
2026-06-27T16:48:52.381Z,21.3,-76,2,-140,0.0
2026-06-27T16:48:52.384Z,21.3,-76,2,-170,0.0
2026-06-27T16:48:52.385Z,21.3,-76,2,-176,0.0
2026-06-27T16:48:52.386Z,22.5,-76,2,-182,0.0
2026-06-27T16:48:52.387Z,21.3,-76,2,-189,0.0
2026-06-27T16:48:52.388Z,22.5,-76,3,-195,0.0
2026-06-27T16:48:52.390Z,22.5,-76,2,-201,0.0
2026-06-27T16:48:52.391Z,21.3,-76,2,-207,0.0
2026-06-27T16:48:52.392Z,21.3,-76,2,-214,0.0
2026-06-27T16:48:52.393Z,21.3,-76,2,-221,0.0
2026-06-27T16:48:52.394Z,21.3,-76,2,-227,0.0
2026-06-27T16:48:52.519Z,21.3,-76,4,-112,0.0
2026-06-27T16:48:52.521Z,21.3,-76,2,-117,0.0
2026-06-27T16:48:52.522Z,21.3,-76,2,-147,0.0
2026-06-27T16:48:52.524Z,21.3,-76,2,-177,0.0
2026-06-27T16:48:52.526Z,21.3,-76,3,-182,0.0
2026-06-27T16:48:52.527Z,21.3,-76,2,-189,0.0
2026-06-27T16:48:52.528Z,21.3,-76,2,-196,0.0
2026-06-27T16:48:52.529Z,21.3,-76,2,-202,0.0
2026-06-27T16:48:52.530Z,21.3,-76,2,-209,0.0
2026-06-27T16:48:52.531Z,21.3,-76,3,-215,0.0
2026-06-27T16:48:52.532Z,21.3,-76,2,-222,0.0
2026-06-27T16:48:52.534Z,21.3,-76,3,-227,0.0
2026-06-27T16:48:52.648Z,21.3,-76,2,-124,0.0
2026-06-27T16:48:52.652Z,21.3,-76,2,-128,0.0
2026-06-27T16:48:52.653Z,21.3,-76,2,-134,0.0
2026-06-27T16:48:52.654Z,21.3,-74,3,-140,0.0
2026-06-27T16:48:52.656Z,21.3,-74,2,-170,0.0
2026-06-27T16:48:52.657Z,21.3,-74,3,-176,0.0
2026-06-27T16:48:52.658Z,21.3,-74,2,-182,0.0
2026-06-27T16:48:52.659Z,21.3,-74,2,-189,0.0
2026-06-27T16:48:52.661Z,21.3,-74,2,-195,0.0
2026-06-27T16:48:52.663Z,21.3,-74,2,-200,0.0
2026-06-27T16:48:52.664Z,21.3,-74,2,-207,0.0
2026-06-27T16:48:52.665Z,21.3,-74,2,-213,0.0
2026-06-27T16:48:52.667Z,21.3,-74,2,-220,0.0
2026-06-27T16:48:52.792Z,22.5,-75,11,-112,0.0
2026-06-27T16:48:52.794Z,22.5,-75,3,-117,0.0
2026-06-27T16:48:52.797Z,21.6,-75,2,-145,0.0
2026-06-27T16:48:52.799Z,21.6,-75,2,-174,0.0
2026-06-27T16:48:52.800Z,21.6,-75,2,-180,0.0
2026-06-27T16:48:52.801Z,21.6,-75,2,-187,0.0
2026-06-27T16:48:52.802Z,21.6,-75,3,-193,0.0
2026-06-27T16:48:52.803Z,21.6,-75,2,-200,0.0
2026-06-27T16:48:52.804Z,21.6,-75,3,-206,0.0
2026-06-27T16:48:52.805Z,21.6,-75,2,-213,0.0
2026-06-27T16:48:52.806Z,21.6,-75,2,-219,0.0
2026-06-27T16:48:52.807Z,20.6,-75,2,-226,0.0
2026-06-27T16:48:52.920Z,20.6,-75,2,-123,0.0
2026-06-27T16:48:52.921Z,20.6,-75,2,-130,0.0
2026-06-27T16:48:52.924Z,20.6,-75,2,-157,0.0
2026-06-27T16:48:52.925Z,20.6,-75,2,-164,0.0
2026-06-27T16:48:52.926Z,21.9,-75,6,-174,0.0
2026-06-27T16:48:52.928Z,21.9,-76,2,-179,0.0
2026-06-27T16:48:52.929Z,21.9,-76,2,-186,0.0
2026-06-27T16:48:52.930Z,21.9,-76,2,-193,0.0
2026-06-27T16:48:52.931Z,20.9,-76,2,-199,0.0
2026-06-27T16:48:52.932Z,20.9,-76,2,-206,0.0
2026-06-27T16:48:52.933Z,20.9,-76,3,-212,0.0
2026-06-27T16:48:52.934Z,20.9,-76,2,-219,0.0
2026-06-27T16:48:52.935Z,20.9,-76,3,-225,0.0
2026-06-27T16:48:53.044Z,22.2,-76,9,-134,0.0
2026-06-27T16:48:53.049Z,20.0,-76,2,-135,0.0
2026-06-27T16:48:53.053Z,21.3,-76,2,-161,0.0
2026-06-27T16:48:53.057Z,21.3,-78,2,-164,0.0
2026-06-27T16:48:53.059Z,21.3,-78,2,-170,0.0
2026-06-27T16:48:53.061Z,20.3,-78,3,-175,0.0
2026-06-27T16:48:53.064Z,20.3,-78,2,-179,0.0
2026-06-27T16:48:53.065Z,20.3,-78,3,-185,0.0
2026-06-27T16:48:53.067Z,20.3,-78,2,-191,0.0
2026-06-27T16:48:53.068Z,20.3,-78,3,-197,0.0
2026-06-27T16:48:53.069Z,20.3,-78,2,-204,0.0
2026-06-27T16:48:53.070Z,21.6,-78,3,-210,0.0
2026-06-27T16:48:53.169Z,21.6,-78,2,-126,0.0
2026-06-27T16:48:53.176Z,20.6,-78,2,-125,0.0
2026-06-27T16:48:53.182Z,20.6,-80,2,-125,0.0
2026-06-27T16:48:53.184Z,20.6,-80,2,-153,0.0
2026-06-27T16:48:53.186Z,20.6,-80,3,-161,0.0
2026-06-27T16:48:53.188Z,20.6,-80,2,-166,0.0
2026-06-27T16:48:53.190Z,20.6,-80,2,-172,0.0
2026-06-27T16:48:53.191Z,20.6,-80,2,-177,0.0
2026-06-27T16:48:53.193Z,20.6,-80,2,-184,0.0
2026-06-27T16:48:53.194Z,20.6,-80,2,-189,0.0
2026-06-27T16:48:53.195Z,20.6,-80,2,-196,0.0
2026-06-27T16:48:53.197Z,21.9,-80,2,-202,0.0
2026-06-27T16:48:53.264Z,21.9,-80,2,-145,0.0
2026-06-27T16:48:53.271Z,20.9,-80,8,-151,0.0
2026-06-27T16:48:53.274Z,19.7,-80,3,-154,0.0
2026-06-27T16:48:53.276Z,19.7,-80,3,-182,0.0
2026-06-27T16:48:53.278Z,19.7,-80,2,-212,0.0
2026-06-27T16:48:53.279Z,19.7,-80,3,-217,0.0
2026-06-27T16:48:53.404Z,20.9,-80,2,-103,0.0
2026-06-27T16:48:53.407Z,20.9,-78,3,-109,0.0
2026-06-27T16:48:53.409Z,21.1,-78,2,-136,0.0
2026-06-27T16:48:53.411Z,20.9,-78,2,-167,0.0
2026-06-27T16:48:53.414Z,20.9,-78,2,-172,0.0
2026-06-27T16:48:53.416Z,20.9,-78,3,-176,0.0
2026-06-27T16:48:53.417Z,20.0,-78,2,-183,0.0
2026-06-27T16:48:53.418Z,20.0,-78,3,-189,0.0
2026-06-27T16:48:53.419Z,20.0,-78,2,-196,0.0
2026-06-27T16:48:53.420Z,20.0,-78,3,-202,0.0
2026-06-27T16:48:53.421Z,20.0,-78,2,-209,0.0
2026-06-27T16:48:53.422Z,20.0,-78,3,-215,0.0
2026-06-27T16:48:53.423Z,20.0,-78,2,-222,0.0
2026-06-27T16:48:53.545Z,20.0,-78,5,-109,0.0
2026-06-27T16:48:53.548Z,20.0,-78,2,-113,0.0
2026-06-27T16:48:53.549Z,20.0,-78,2,-143,0.0
2026-06-27T16:48:53.550Z,20.0,-78,2,-174,0.0
2026-06-27T16:48:53.552Z,20.0,-78,3,-180,0.0
2026-06-27T16:48:53.553Z,20.0,-78,2,-186,0.0
2026-06-27T16:48:53.554Z,20.0,-78,2,-192,0.0
2026-06-27T16:48:53.555Z,20.0,-78,2,-199,0.0
2026-06-27T16:48:53.556Z,20.0,-78,3,-205,0.0
2026-06-27T16:48:53.557Z,20.0,-78,2,-212,0.0
2026-06-27T16:48:53.558Z,20.0,-78,3,-218,0.0
2026-06-27T16:48:53.559Z,20.0,-78,2,-225,0.0
2026-06-27T16:48:53.673Z,20.0,-78,3,-123,0.0
2026-06-27T16:48:53.677Z,20.0,-78,2,-126,0.0
2026-06-27T16:48:53.680Z,20.0,-78,2,-152,0.0
2026-06-27T16:48:53.682Z,20.0,-78,2,-158,0.0
2026-06-27T16:48:53.683Z,20.0,-78,2,-188,0.0
2026-06-27T16:48:53.684Z,20.0,-78,2,-195,0.0
2026-06-27T16:48:53.685Z,19.9,-78,2,-201,0.0
2026-06-27T16:48:53.686Z,20.0,-78,2,-207,0.0
2026-06-27T16:48:53.687Z,20.0,-78,2,-214,0.0
2026-06-27T16:48:53.688Z,20.0,-78,2,-220,0.0
2026-06-27T16:48:53.814Z,20.0,-78,5,-105,0.0
2026-06-27T16:48:53.816Z,20.0,-78,2,-111,0.0
2026-06-27T16:48:53.817Z,20.0,-78,2,-140,0.0
2026-06-27T16:48:53.819Z,20.9,-78,2,-170,0.0
2026-06-27T16:48:53.820Z,20.9,-78,2,-176,0.0
2026-06-27T16:48:53.821Z,20.9,-78,2,-183,0.0
2026-06-27T16:48:53.823Z,20.9,-78,2,-189,0.0
2026-06-27T16:48:53.824Z,20.9,-78,2,-195,0.0
2026-06-27T16:48:53.825Z,20.9,-78,2,-202,0.0
2026-06-27T16:48:53.826Z,20.9,-78,2,-208,0.0
2026-06-27T16:48:53.827Z,20.9,-78,2,-215,0.0
2026-06-27T16:48:53.828Z,20.9,-78,2,-221,0.0
2026-06-27T16:48:53.829Z,20.9,-78,2,-228,0.0
2026-06-27T16:48:53.964Z,20.9,-78,5,-105,0.0
2026-06-27T16:48:53.970Z,19.7,-78,2,-106,0.0
2026-06-27T16:48:53.973Z,19.7,-78,2,-133,0.0
2026-06-27T16:48:53.975Z,19.7,-78,2,-162,0.0
2026-06-27T16:48:53.977Z,19.7,-81,3,-167,0.0
2026-06-27T16:48:53.978Z,19.7,-81,2,-173,0.0
2026-06-27T16:48:53.979Z,19.7,-81,2,-179,0.0
2026-06-27T16:48:53.980Z,19.7,-81,2,-186,0.0
2026-06-27T16:48:53.981Z,19.7,-81,3,-192,0.0
2026-06-27T16:48:53.982Z,19.7,-81,2,-199,0.0
2026-06-27T16:48:53.983Z,19.7,-81,2,-205,0.0
2026-06-27T16:48:53.985Z,19.7,-81,2,-210,0.0
2026-06-27T16:48:54.080Z,19.7,-81,2,-127,0.0
2026-06-27T16:48:54.081Z,19.7,-81,2,-132,0.0
2026-06-27T16:48:54.083Z,19.7,-81,2,-139,0.0
2026-06-27T16:48:54.085Z,19.7,-81,3,-144,0.0
2026-06-27T16:48:54.086Z,19.7,-81,2,-174,0.0
2026-06-27T16:48:54.088Z,19.7,-81,2,-180,0.0
2026-06-27T16:48:54.090Z,19.7,-81,2,-186,0.0
2026-06-27T16:48:54.091Z,19.7,-81,3,-192,0.0
2026-06-27T16:48:54.092Z,20.6,-81,2,-199,0.0
2026-06-27T16:48:54.093Z,20.6,-81,2,-205,0.0
2026-06-27T16:48:54.094Z,20.6,-81,2,-212,0.0
2026-06-27T16:48:54.095Z,20.6,-81,2,-218,0.0
2026-06-27T16:48:54.096Z,20.6,-81,2,-225,0.0
2026-06-27T16:48:54.188Z,20.6,-81,7,-148,0.0
2026-06-27T16:48:54.193Z,20.6,-81,2,-149,0.0
2026-06-27T16:48:54.197Z,20.6,-81,2,-176,0.0
2026-06-27T16:48:54.199Z,21.9,-81,2,-204,0.0
2026-06-27T16:48:54.200Z,19.7,-81,2,-210,0.0
2026-06-27T16:48:54.201Z,19.7,-81,2,-216,0.0
2026-06-27T16:48:54.202Z,19.7,-81,2,-223,0.0
2026-06-27T16:48:54.289Z,19.7,-82,6,-148,0.0
2026-06-27T16:48:54.290Z,19.7,-82,3,-153,0.0
2026-06-27T16:48:54.292Z,19.7,-82,2,-181,0.0
2026-06-27T16:48:54.293Z,20.0,-82,2,-212,0.0
2026-06-27T16:48:54.294Z,20.0,-82,2,-219,0.0
2026-06-27T16:48:54.295Z,20.0,-82,2,-225,0.0
2026-06-27T16:48:54.296Z,20.0,-82,3,-230,0.0
2026-06-27T16:48:54.393Z,20.3,-82,6,-145,0.0
2026-06-27T16:48:54.395Z,20.3,-82,2,-150,0.0
2026-06-27T16:48:54.396Z,19.3,-82,2,-180,0.0
2026-06-27T16:48:54.398Z,19.7,-82,3,-209,0.0
2026-06-27T16:48:54.399Z,19.7,-82,2,-216,0.0
2026-06-27T16:48:54.400Z,19.7,-82,2,-222,0.0
2026-06-27T16:48:54.401Z,19.7,-82,2,-229,0.0
2026-06-27T16:48:54.491Z,19.7,-81,2,-148,0.0
2026-06-27T16:48:54.495Z,19.7,-81,3,-152,0.0
2026-06-27T16:48:54.498Z,20.0,-81,2,-179,0.0
2026-06-27T16:48:54.500Z,20.0,-81,2,-209,0.0
2026-06-27T16:48:54.501Z,20.0,-81,3,-214,0.0
2026-06-27T16:48:54.502Z,20.0,-81,2,-221,0.0
2026-06-27T16:48:54.503Z,21.3,-81,2,-228,0.0
2026-06-27T16:48:54.590Z,20.3,-83,7,-152,0.0
2026-06-27T16:48:54.592Z,20.3,-83,2,-157,0.0
2026-06-27T16:48:54.594Z,20.3,-83,2,-186,0.0
2026-06-27T16:48:54.595Z,19.3,-83,2,-216,0.0
2026-06-27T16:48:54.597Z,19.3,-83,2,-222,0.0
2026-06-27T16:48:54.599Z,20.6,-83,3,-227,0.0
2026-06-27T16:48:54.600Z,19.7,-83,2,-234,0.0
2026-06-27T16:48:54.711Z,19.6,-82,6,-134,0.0
2026-06-27T16:48:54.712Z,19.7,-82,3,-140,0.0
2026-06-27T16:48:54.715Z,18.7,-82,3,-167,0.0
2026-06-27T16:48:54.716Z,18.7,-82,2,-198,0.0
2026-06-27T16:48:54.717Z,18.7,-82,3,-204,0.0
2026-06-27T16:48:54.718Z,20.0,-82,2,-210,0.0
2026-06-27T16:48:54.719Z,20.0,-82,2,-217,0.0
2026-06-27T16:48:54.801Z,19.0,-81,6,-149,0.0
2026-06-27T16:48:54.808Z,19.0,-81,2,-149,0.0
2026-06-27T16:48:54.811Z,19.0,-81,2,-176,0.0
2026-06-27T16:48:54.815Z,19.3,-81,3,-202,0.0
2026-06-27T16:48:54.817Z,19.3,-81,2,-208,0.0
2026-06-27T16:48:54.819Z,19.3,-81,2,-213,0.0
2026-06-27T16:48:54.820Z,19.3,-81,2,-218,0.0
2026-06-27T16:48:54.898Z,19.4,-78,7,-152,0.0
2026-06-27T16:48:54.901Z,19.4,-78,2,-157,0.0
2026-06-27T16:48:54.902Z,19.7,-78,2,-185,0.0
2026-06-27T16:48:54.904Z,18.7,-78,2,-216,0.0
2026-06-27T16:48:54.905Z,18.7,-78,2,-222,0.0
2026-06-27T16:48:54.906Z,18.7,-78,2,-228,0.0
2026-06-27T16:48:54.907Z,18.7,-78,3,-234,0.0
2026-06-27T16:48:54.950Z,18.7,-78,5,-202,0.0
2026-06-27T16:48:54.951Z,18.7,-78,2,-208,0.0
2026-06-27T16:48:54.953Z,19.0,-78,2,-236,0.0
2026-06-27T16:48:55.091Z,19.0,-78,2,-129,0.0
2026-06-27T16:48:55.094Z,19.0,-78,3,-133,0.0
2026-06-27T16:48:55.097Z,18.1,-78,2,-162,0.0
2026-06-27T16:48:55.098Z,18.1,-77,3,-168,0.0
2026-06-27T16:48:55.099Z,18.1,-77,2,-174,0.0
2026-06-27T16:48:55.100Z,18.1,-77,2,-181,0.0
2026-06-27T16:48:55.101Z,19.3,-77,2,-187,0.0
2026-06-27T16:48:55.102Z,19.3,-77,2,-193,0.0
2026-06-27T16:48:55.103Z,18.4,-77,2,-200,0.0
2026-06-27T16:48:55.104Z,18.4,-77,3,-205,0.0
2026-06-27T16:48:55.106Z,18.4,-77,2,-212,0.0
2026-06-27T16:48:55.107Z,18.4,-77,2,-218,0.0
2026-06-27T16:48:55.108Z,18.4,-77,2,-224,0.0
2026-06-27T16:48:55.205Z,18.7,-77,5,-137,0.0
2026-06-27T16:48:55.206Z,18.7,-77,3,-144,0.0
2026-06-27T16:48:55.209Z,17.8,-76,2,-172,0.0
2026-06-27T16:48:55.210Z,18.1,-76,2,-202,0.0
2026-06-27T16:48:55.211Z,18.1,-76,2,-209,0.0
2026-06-27T16:48:55.212Z,18.1,-76,2,-215,0.0
2026-06-27T16:48:55.213Z,18.1,-76,2,-222,0.0
2026-06-27T16:48:55.214Z,18.4,-76,2,-228,0.0
2026-06-27T16:48:55.261Z,18.4,-76,2,-191,0.0
2026-06-27T16:48:55.263Z,18.4,-76,3,-197,0.0
2026-06-27T16:48:55.265Z,17.4,-76,2,-227,0.0
2026-06-27T16:48:55.390Z,17.8,-76,3,-131,0.0
2026-06-27T16:48:55.392Z,18.1,-76,2,-137,0.0
2026-06-27T16:48:55.394Z,17.1,-76,2,-165,0.0
2026-06-27T16:48:55.395Z,17.1,-74,3,-173,0.0
2026-06-27T16:48:55.397Z,17.1,-74,2,-179,0.0
2026-06-27T16:48:55.398Z,18.4,-74,3,-185,0.0
2026-06-27T16:48:55.399Z,17.4,-74,2,-191,0.0
2026-06-27T16:48:55.400Z,17.4,-74,2,-198,0.0
2026-06-27T16:48:55.401Z,17.4,-74,3,-204,0.0
2026-06-27T16:48:55.402Z,18.7,-74,2,-210,0.0
2026-06-27T16:48:55.403Z,17.8,-74,2,-217,0.0
2026-06-27T16:48:55.404Z,17.8,-74,3,-223,0.0
2026-06-27T16:48:55.405Z,17.8,-74,2,-229,0.0
2026-06-27T16:48:55.515Z,16.8,-74,5,-129,0.0
2026-06-27T16:48:55.517Z,16.8,-74,2,-134,0.0
2026-06-27T16:48:55.519Z,18.1,-71,2,-139,0.0
2026-06-27T16:48:55.520Z,17.1,-71,2,-169,0.0
2026-06-27T16:48:55.522Z,17.1,-71,4,-175,0.0
2026-06-27T16:48:55.523Z,17.4,-71,2,-206,0.0
2026-06-27T16:48:55.525Z,17.4,-71,3,-211,0.0
2026-06-27T16:48:55.526Z,17.4,-71,2,-217,0.0
2026-06-27T16:48:55.528Z,18.7,-71,2,-222,0.0
2026-06-27T16:48:55.652Z,16.5,-71,5,-108,0.0
2026-06-27T16:48:55.655Z,16.5,-70,3,-114,0.0
2026-06-27T16:48:55.658Z,16.8,-70,2,-142,0.0
2026-06-27T16:48:55.660Z,18.1,-70,3,-171,0.0
2026-06-27T16:48:55.661Z,17.1,-70,2,-177,0.0
2026-06-27T16:48:55.662Z,17.1,-70,3,-183,0.0
2026-06-27T16:48:55.663Z,17.1,-70,2,-189,0.0
2026-06-27T16:48:55.664Z,17.1,-70,2,-195,0.0
2026-06-27T16:48:55.665Z,17.1,-70,2,-202,0.0
2026-06-27T16:48:55.666Z,17.1,-70,3,-208,0.0
2026-06-27T16:48:55.667Z,16.2,-70,2,-214,0.0
2026-06-27T16:48:55.668Z,17.4,-70,2,-221,0.0
2026-06-27T16:48:55.669Z,17.4,-70,3,-227,0.0
2026-06-27T16:48:55.801Z,17.4,-70,4,-109,0.0
2026-06-27T16:48:55.808Z,16.5,-70,3,-108,0.0
2026-06-27T16:48:55.810Z,16.8,-70,3,-134,0.0
2026-06-27T16:48:55.812Z,15.9,-70,2,-163,0.0
2026-06-27T16:48:55.814Z,15.9,-70,3,-169,0.0
2026-06-27T16:48:55.816Z,15.9,-70,2,-174,0.0
2026-06-27T16:48:55.818Z,15.9,-70,2,-179,0.0
2026-06-27T16:48:55.819Z,17.1,-70,2,-185,0.0
2026-06-27T16:48:55.820Z,17.1,-70,3,-191,0.0
2026-06-27T16:48:55.822Z,16.2,-70,2,-196,0.0
2026-06-27T16:48:55.823Z,16.2,-70,2,-203,0.0
2026-06-27T16:48:55.824Z,16.2,-70,2,-209,0.0
2026-06-27T16:48:55.923Z,17.4,-70,3,-120,0.0
2026-06-27T16:48:55.926Z,16.5,-70,2,-125,0.0
2026-06-27T16:48:55.927Z,16.8,-70,2,-154,0.0
2026-06-27T16:48:55.930Z,16.8,-72,3,-159,0.0
2026-06-27T16:48:55.932Z,15.9,-72,2,-187,0.0
2026-06-27T16:48:55.933Z,15.9,-72,2,-194,0.0
2026-06-27T16:48:55.934Z,15.9,-72,2,-200,0.0
2026-06-27T16:48:55.935Z,17.1,-72,3,-206,0.0
2026-06-27T16:48:55.936Z,16.2,-72,2,-212,0.0
2026-06-27T16:48:55.937Z,16.2,-72,2,-219,0.0
2026-06-27T16:48:55.938Z,16.2,-72,3,-226,0.0
2026-06-27T16:48:55.978Z,16.2,-73,2,-198,0.0
2026-06-27T16:48:55.985Z,17.4,-73,3,-198,0.0
2026-06-27T16:48:55.989Z,16.5,-73,2,-224,0.0
2026-06-27T16:48:56.109Z,16.8,-73,2,-132,0.0
2026-06-27T16:48:56.111Z,16.8,-73,2,-137,0.0
2026-06-27T16:48:56.113Z,15.9,-73,2,-166,0.0
2026-06-27T16:48:56.114Z,15.9,-74,3,-173,0.0
2026-06-27T16:48:56.116Z,15.9,-74,2,-178,0.0
2026-06-27T16:48:56.117Z,15.9,-74,2,-184,0.0
2026-06-27T16:48:56.118Z,15.9,-74,2,-190,0.0
2026-06-27T16:48:56.119Z,15.9,-74,2,-196,0.0
2026-06-27T16:48:56.120Z,15.9,-74,2,-203,0.0
2026-06-27T16:48:56.121Z,15.9,-74,3,-209,0.0
2026-06-27T16:48:56.122Z,15.9,-74,2,-215,0.0
2026-06-27T16:48:56.123Z,17.1,-74,2,-221,0.0
2026-06-27T16:48:56.124Z,16.2,-74,2,-228,0.0
2026-06-27T16:48:56.162Z,16.2,-74,5,-200,0.0
2026-06-27T16:48:56.164Z,16.2,-74,2,-205,0.0
2026-06-27T16:48:56.165Z,16.2,-76,2,-211,0.0
2026-06-27T16:48:56.166Z,16.5,-76,2,-240,0.0
2026-06-27T16:48:56.231Z,16.5,-76,2,-185,0.0
2026-06-27T16:48:56.232Z,16.5,-76,2,-191,0.0
2026-06-27T16:48:56.235Z,16.8,-76,2,-220,0.0
2026-06-27T16:48:56.282Z,16.8,-76,3,-202,0.0
2026-06-27T16:48:56.285Z,15.9,-77,3,-208,0.0
2026-06-27T16:48:56.286Z,15.9,-77,2,-236,0.0
2026-06-27T16:48:56.419Z,16.2,-77,2,-133,0.0
2026-06-27T16:48:56.421Z,16.2,-77,2,-138,0.0
2026-06-27T16:48:56.424Z,16.5,-77,2,-166,0.0
2026-06-27T16:48:56.426Z,16.5,-79,2,-172,0.0
2026-06-27T16:48:56.427Z,16.5,-79,2,-178,0.0
2026-06-27T16:48:56.430Z,16.5,-79,2,-185,0.0
2026-06-27T16:48:56.432Z,16.5,-79,2,-189,0.0
2026-06-27T16:48:56.433Z,16.5,-79,2,-194,0.0
2026-06-27T16:48:56.434Z,16.5,-79,2,-200,0.0
2026-06-27T16:48:56.435Z,16.5,-79,2,-207,0.0
2026-06-27T16:48:56.436Z,17.8,-79,2,-213,0.0
2026-06-27T16:48:56.437Z,17.8,-79,2,-218,0.0
2026-06-27T16:48:56.438Z,16.5,-79,2,-225,0.0
2026-06-27T16:48:56.540Z,21.6,-79,5,-134,0.0
2026-06-27T16:48:56.541Z,21.6,-79,4,-141,0.0
2026-06-27T16:48:56.543Z,20.3,-79,2,-146,0.0
2026-06-27T16:48:56.544Z,16.5,-79,2,-175,0.0
2026-06-27T16:48:56.546Z,16.5,-79,2,-206,0.0
2026-06-27T16:48:56.547Z,16.5,-79,2,-211,0.0
2026-06-27T16:48:56.549Z,16.5,-79,2,-217,0.0
2026-06-27T16:48:56.550Z,16.5,-79,3,-223,0.0
2026-06-27T16:48:56.551Z,16.5,-79,2,-229,0.0
2026-06-27T16:48:56.681Z,16.5,-81,3,-107,0.0
2026-06-27T16:48:56.683Z,16.5,-81,3,-112,0.0
2026-06-27T16:48:56.685Z,16.5,-81,2,-140,0.0
2026-06-27T16:48:56.686Z,16.5,-81,2,-171,0.0
2026-06-27T16:48:56.687Z,16.5,-81,2,-177,0.0
2026-06-27T16:48:56.689Z,16.5,-81,2,-182,0.0
2026-06-27T16:48:56.690Z,21.3,-81,2,-189,0.0
2026-06-27T16:48:56.691Z,21.3,-81,2,-196,0.0
2026-06-27T16:48:56.692Z,21.3,-81,2,-202,0.0
2026-06-27T16:48:56.693Z,17.4,-81,2,-208,0.0
2026-06-27T16:48:56.694Z,17.4,-81,2,-215,0.0
2026-06-27T16:48:56.695Z,17.4,-81,3,-220,0.0
2026-06-27T16:48:56.697Z,17.4,-81,2,-226,0.0
2026-06-27T16:48:56.744Z,17.4,-81,5,-192,0.0
2026-06-27T16:48:56.752Z,16.2,-81,2,-192,0.0
2026-06-27T16:48:56.756Z,16.2,-81,2,-217,0.0
2026-06-27T16:48:56.870Z,16.2,-81,2,-131,0.0
2026-06-27T16:48:56.872Z,16.2,-73,3,-136,0.0
2026-06-27T16:48:56.875Z,16.2,-73,2,-164,0.0
2026-06-27T16:48:56.876Z,16.2,-73,2,-171,0.0
2026-06-27T16:48:56.877Z,16.2,-73,2,-177,0.0
2026-06-27T16:48:56.879Z,16.2,-73,2,-183,0.0
2026-06-27T16:48:56.880Z,17.1,-73,2,-189,0.0
2026-06-27T16:48:56.881Z,17.1,-73,2,-195,0.0
2026-06-27T16:48:56.882Z,15.9,-73,2,-201,0.0
2026-06-27T16:48:56.883Z,15.9,-73,2,-208,0.0
2026-06-27T16:48:56.884Z,15.9,-73,3,-214,0.0
2026-06-27T16:48:56.885Z,15.9,-73,2,-220,0.0
2026-06-27T16:48:56.886Z,15.9,-73,2,-226,0.0
2026-06-27T16:48:56.947Z,15.9,-73,5,-175,0.0
2026-06-27T16:48:56.948Z,15.9,-73,2,-181,0.0
2026-06-27T16:48:56.950Z,16.8,-73,2,-209,0.0
2026-06-27T16:48:57.049Z,16.5,-73,2,-142,0.0
2026-06-27T16:48:57.051Z,16.5,-75,5,-150,0.0
2026-06-27T16:48:57.053Z,16.5,-75,2,-155,0.0
2026-06-27T16:48:57.054Z,16.2,-75,3,-184,0.0
2026-06-27T16:48:57.056Z,16.2,-75,2,-213,0.0
2026-06-27T16:48:57.057Z,17.1,-75,2,-220,0.0
2026-06-27T16:48:57.058Z,17.1,-75,2,-226,0.0
2026-06-27T16:48:57.059Z,15.9,-75,2,-232,0.0
2026-06-27T16:48:57.156Z,15.9,-75,6,-148,0.0
2026-06-27T16:48:57.157Z,15.9,-75,2,-152,0.0
2026-06-27T16:48:57.159Z,16.8,-75,2,-181,0.0
2026-06-27T16:48:57.160Z,16.5,-75,3,-211,0.0
2026-06-27T16:48:57.161Z,16.5,-75,2,-217,0.0
2026-06-27T16:48:57.163Z,16.5,-75,2,-223,0.0
2026-06-27T16:48:57.164Z,17.4,-75,2,-229,0.0
2026-06-27T16:48:57.210Z,16.2,-75,5,-197,0.0
2026-06-27T16:48:57.213Z,16.2,-77,2,-198,0.0
2026-06-27T16:48:57.214Z,15.9,-77,2,-228,0.0
2026-06-27T16:48:57.347Z,16.8,-77,2,-125,0.0
2026-06-27T16:48:57.349Z,17.8,-77,2,-130,0.0
2026-06-27T16:48:57.350Z,17.4,-77,2,-160,0.0
2026-06-27T16:48:57.352Z,17.4,-79,3,-166,0.0
2026-06-27T16:48:57.353Z,17.1,-79,2,-172,0.0
2026-06-27T16:48:57.354Z,17.1,-79,2,-179,0.0
2026-06-27T16:48:57.355Z,17.1,-79,2,-185,0.0
2026-06-27T16:48:57.356Z,18.1,-79,2,-191,0.0
2026-06-27T16:48:57.357Z,16.8,-79,2,-197,0.0
2026-06-27T16:48:57.358Z,19.0,-79,2,-204,0.0
2026-06-27T16:48:57.359Z,17.8,-79,2,-210,0.0
2026-06-27T16:48:57.360Z,17.8,-79,2,-216,0.0
2026-06-27T16:48:57.361Z,17.4,-79,2,-222,0.0
2026-06-27T16:48:57.409Z,17.4,-79,4,-185,0.0
2026-06-27T16:48:57.410Z,19.7,-79,4,-193,0.0
2026-06-27T16:48:57.412Z,17.1,-83,3,-198,0.0
2026-06-27T16:48:57.413Z,18.1,-83,2,-228,0.0
2026-06-27T16:48:57.426Z,18.7,-83,3,-246,0.0
2026-06-27T16:48:57.548Z,17.4,-83,5,-135,0.0
2026-06-27T16:48:57.550Z,18.1,-83,2,-162,0.0
2026-06-27T16:48:57.552Z,18.1,-77,3,-167,0.0
2026-06-27T16:48:57.553Z,18.1,-77,3,-174,0.0
2026-06-27T16:48:57.554Z,19.0,-77,3,-181,0.0
2026-06-27T16:48:57.555Z,17.8,-77,2,-187,0.0
2026-06-27T16:48:57.557Z,20.0,-77,2,-193,0.0
2026-06-27T16:48:57.559Z,18.7,-77,3,-198,0.0
2026-06-27T16:48:57.560Z,18.7,-77,2,-204,0.0
2026-06-27T16:48:57.561Z,19.7,-77,2,-211,0.0
2026-06-27T16:48:57.562Z,18.4,-77,2,-217,0.0
2026-06-27T16:48:57.564Z,18.4,-77,2,-223,0.0
2026-06-27T16:48:57.668Z,19.3,-77,3,-129,0.0
2026-06-27T16:48:57.671Z,19.3,-77,2,-134,0.0
2026-06-27T16:48:57.672Z,20.3,-77,3,-141,0.0
2026-06-27T16:48:57.673Z,18.7,-74,2,-170,0.0
2026-06-27T16:48:57.675Z,22.2,-74,3,-176,0.0
2026-06-27T16:48:57.676Z,19.3,-74,2,-207,0.0
2026-06-27T16:48:57.677Z,20.3,-74,3,-213,0.0
2026-06-27T16:48:57.678Z,19.0,-74,2,-220,0.0
2026-06-27T16:48:57.679Z,19.0,-74,3,-226,0.0
2026-06-27T16:48:57.765Z,20.0,-72,2,-148,0.0
2026-06-27T16:48:57.769Z,18.7,-72,5,-155,0.0
2026-06-27T16:48:57.771Z,19.7,-72,2,-160,0.0
2026-06-27T16:48:57.773Z,21.6,-72,2,-188,0.0
2026-06-27T16:48:57.774Z,20.9,-72,2,-218,0.0
2026-06-27T16:48:57.775Z,19.7,-72,3,-224,0.0
2026-06-27T16:48:57.776Z,20.6,-72,2,-232,0.0
2026-06-27T16:48:57.905Z,20.3,-73,7,-115,0.0
2026-06-27T16:48:57.907Z,19.0,-73,2,-120,0.0
2026-06-27T16:48:57.909Z,23.1,-73,2,-148,0.0
2026-06-27T16:48:57.911Z,21.3,-73,3,-177,0.0
2026-06-27T16:48:57.912Z,21.3,-73,2,-184,0.0
2026-06-27T16:48:57.913Z,20.9,-73,2,-191,0.0
2026-06-27T16:48:57.914Z,22.2,-73,3,-197,0.0
2026-06-27T16:48:57.915Z,21.9,-78,2,-204,0.0
2026-06-27T16:48:58.047Z,22.5,-78,2,-103,0.0
2026-06-27T16:48:58.050Z,21.3,-78,3,-108,0.0
2026-06-27T16:48:58.052Z,23.1,-78,2,-136,0.0
2026-06-27T16:48:58.053Z,22.8,-78,2,-167,0.0
2026-06-27T16:48:58.054Z,21.6,-83,2,-174,0.0
2026-06-27T16:48:58.055Z,21.6,-83,2,-181,0.0
2026-06-27T16:48:58.056Z,22.5,-83,2,-187,0.0
2026-06-27T16:48:58.058Z,22.5,-83,2,-193,0.0
2026-06-27T16:48:58.059Z,21.3,-83,3,-199,0.0
2026-06-27T16:48:58.060Z,21.3,-83,2,-206,0.0
2026-06-27T16:48:58.061Z,22.2,-83,2,-212,0.0
2026-06-27T16:48:58.062Z,22.2,-83,2,-219,0.0
2026-06-27T16:48:58.063Z,22.2,-83,2,-226,0.0
2026-06-27T16:48:58.172Z,24.8,-83,6,-129,0.0
2026-06-27T16:48:58.174Z,21.9,-83,2,-135,0.0
2026-06-27T16:48:58.176Z,21.6,-83,2,-163,0.0
2026-06-27T16:48:58.178Z,22.5,-85,2,-168,0.0
2026-06-27T16:48:58.179Z,21.3,-85,3,-177,0.0
2026-06-27T16:48:58.180Z,28.5,-85,3,-184,0.0
2026-06-27T16:48:58.182Z,22.2,-85,3,-189,0.0
2026-06-27T16:48:58.183Z,22.2,-85,2,-196,0.0
2026-06-27T16:48:58.184Z,22.2,-85,2,-202,0.0
2026-06-27T16:48:58.185Z,28.3,-85,2,-209,0.0
2026-06-27T16:48:58.186Z,22.8,-85,2,-216,0.0
2026-06-27T16:48:58.187Z,22.8,-85,2,-223,0.0
2026-06-27T16:48:58.323Z,23.6,-85,3,-104,0.0
2026-06-27T16:48:58.334Z,28.8,-81,2,-101,0.0
2026-06-27T16:48:58.337Z,22.2,-81,2,-127,0.0
2026-06-27T16:48:58.339Z,22.8,-81,2,-156,0.0
2026-06-27T16:48:58.342Z,24.5,-81,2,-161,0.0
2026-06-27T16:48:58.343Z,23.4,-81,2,-167,0.0
2026-06-27T16:48:58.344Z,22.5,-81,3,-173,0.0
2026-06-27T16:48:58.345Z,24.2,-81,2,-180,0.0
2026-06-27T16:48:58.346Z,28.5,-81,2,-187,0.0
2026-06-27T16:48:58.347Z,23.1,-81,2,-194,0.0
2026-06-27T16:48:58.348Z,23.1,-81,2,-200,0.0
2026-06-27T16:48:58.349Z,23.1,-81,2,-207,0.0
2026-06-27T16:48:58.350Z,24.8,-81,2,-214,0.0
2026-06-27T16:48:58.376Z,27.4,-81,8,-201,0.0
2026-06-27T16:48:58.378Z,28.3,-81,3,-207,0.0
2026-06-27T16:48:58.380Z,22.8,-81,2,-236,0.0
2026-06-27T16:48:58.518Z,22.8,-81,2,-128,0.0
2026-06-27T16:48:58.520Z,22.8,-71,3,-133,0.0
2026-06-27T16:48:58.521Z,28.0,-71,2,-164,0.0
2026-06-27T16:48:58.524Z,28.0,-71,2,-169,0.0
2026-06-27T16:48:58.526Z,23.4,-71,2,-176,0.0
2026-06-27T16:48:58.527Z,23.4,-71,2,-182,0.0
2026-06-27T16:48:58.528Z,22.5,-71,2,-188,0.0
2026-06-27T16:48:58.529Z,22.5,-71,2,-195,0.0
2026-06-27T16:48:58.530Z,22.5,-71,3,-201,0.0
2026-06-27T16:48:58.531Z,23.4,-71,2,-208,0.0
2026-06-27T16:48:58.532Z,23.4,-71,2,-215,0.0
2026-06-27T16:48:58.533Z,23.4,-71,3,-221,0.0
2026-06-27T16:48:58.534Z,24.2,-71,2,-228,0.0
2026-06-27T16:48:58.667Z,26.8,-71,4,-107,0.0
2026-06-27T16:48:58.670Z,28.5,-71,2,-111,0.0
2026-06-27T16:48:58.671Z,28.3,-71,2,-140,0.0
2026-06-27T16:48:58.673Z,28.8,-71,2,-170,0.0
2026-06-27T16:48:58.674Z,23.4,-65,2,-177,0.0
2026-06-27T16:48:58.675Z,23.4,-65,2,-184,0.0
2026-06-27T16:48:58.677Z,25.9,-65,2,-189,0.0
2026-06-27T16:48:58.678Z,29.1,-65,2,-196,0.0
2026-06-27T16:48:58.679Z,23.9,-65,2,-203,0.0
2026-06-27T16:48:58.680Z,23.9,-65,2,-210,0.0
2026-06-27T16:48:58.681Z,27.4,-65,3,-217,0.0
2026-06-27T16:48:58.682Z,23.6,-65,3,-223,0.0
2026-06-27T16:48:58.712Z,24.5,-65,2,-204,0.0
2026-06-27T16:48:58.714Z,23.4,-65,2,-210,0.0
2026-06-27T16:48:58.716Z,23.4,-65,3,-215,0.0
2026-06-27T16:48:58.717Z,24.2,-62,2,-222,0.0
2026-06-27T16:48:58.791Z,24.5,-62,3,-182,0.0
2026-06-27T16:48:58.799Z,24.5,-62,3,-181,0.0
2026-06-27T16:48:58.802Z,24.8,-62,2,-207,0.0
2026-06-27T16:48:58.897Z,28.0,-62,2,-149,0.0
2026-06-27T16:48:58.907Z,25.1,-62,3,-146,0.0
2026-06-27T16:48:58.910Z,25.4,-62,2,-169,0.0
2026-06-27T16:48:58.912Z,25.1,-62,2,-200,0.0
2026-06-27T16:48:58.913Z,26.8,-62,2,-206,0.0
2026-06-27T16:48:58.914Z,24.8,-62,2,-213,0.0
2026-06-27T16:48:58.915Z,24.8,-62,2,-220,0.0
2026-06-27T16:48:58.993Z,26.5,-63,7,-153,0.0
2026-06-27T16:48:58.995Z,29.6,-63,2,-159,0.0
2026-06-27T16:48:58.997Z,29.3,-63,2,-188,0.0
2026-06-27T16:48:58.998Z,25.9,-63,2,-219,0.0
2026-06-27T16:48:58.999Z,25.9,-63,2,-226,0.0
2026-06-27T16:48:59.000Z,26.8,-63,2,-233,0.0
2026-06-27T16:48:59.096Z,29.9,-63,5,-148,0.0
2026-06-27T16:48:59.100Z,28.5,-65,3,-153,0.0
2026-06-27T16:48:59.102Z,29.1,-65,2,-182,0.0
2026-06-27T16:48:59.104Z,29.1,-65,2,-212,0.0
2026-06-27T16:48:59.105Z,29.1,-65,3,-219,0.0
2026-06-27T16:48:59.106Z,29.1,-65,3,-226,0.0
2026-06-27T16:48:59.108Z,29.1,-65,3,-232,0.0
2026-06-27T16:48:59.149Z,29.1,-66,6,-202,0.0
2026-06-27T16:48:59.150Z,26.5,-66,2,-209,0.0
2026-06-27T16:48:59.152Z,25.7,-66,2,-238,0.0
2026-06-27T16:48:59.305Z,25.7,-66,2,-117,0.0
2026-06-27T16:48:59.307Z,25.7,-66,3,-121,0.0
2026-06-27T16:48:59.310Z,25.7,-66,2,-150,0.0
2026-06-27T16:48:59.312Z,25.7,-67,3,-156,0.0
2026-06-27T16:48:59.313Z,26.5,-67,2,-163,0.0
2026-06-27T16:48:59.315Z,28.3,-67,2,-170,0.0
2026-06-27T16:48:59.316Z,29.6,-67,2,-176,0.0
2026-06-27T16:48:59.317Z,29.6,-67,2,-183,0.0
2026-06-27T16:48:59.318Z,28.8,-67,2,-190,0.0
2026-06-27T16:48:59.319Z,26.2,-67,2,-197,0.0
2026-06-27T16:48:59.320Z,25.4,-67,2,-204,0.0
2026-06-27T16:48:59.321Z,25.4,-67,2,-211,0.0
2026-06-27T16:48:59.322Z,26.2,-67,2,-218,0.0
2026-06-27T16:48:59.407Z,26.2,-67,5,-147,0.0
2026-06-27T16:48:59.412Z,26.2,-67,2,-149,0.0
2026-06-27T16:48:59.415Z,28.8,-67,2,-176,0.0
2026-06-27T16:48:59.416Z,29.3,-67,2,-206,0.0
2026-06-27T16:48:59.418Z,29.3,-67,2,-212,0.0
2026-06-27T16:48:59.419Z,29.3,-67,2,-219,0.0
2026-06-27T16:48:59.420Z,29.3,-67,2,-226,0.0
2026-06-27T16:48:59.554Z,29.3,-68,7,-107,0.0
2026-06-27T16:48:59.555Z,29.3,-68,2,-111,0.0
2026-06-27T16:48:59.557Z,26.8,-68,2,-140,0.0
2026-06-27T16:48:59.558Z,26.5,-68,2,-171,0.0
2026-06-27T16:48:59.559Z,27.4,-68,2,-178,0.0
2026-06-27T16:48:59.560Z,29.6,-68,2,-185,0.0
2026-06-27T16:48:59.561Z,27.1,-68,2,-192,0.0
2026-06-27T16:48:59.563Z,27.1,-68,2,-199,0.0
2026-06-27T16:48:59.564Z,27.1,-68,2,-205,0.0
2026-06-27T16:48:59.565Z,29.3,-68,3,-212,0.0
2026-06-27T16:48:59.567Z,27.7,-68,3,-218,0.0
2026-06-27T16:48:59.569Z,27.7,-68,3,-224,0.0
2026-06-27T16:48:59.599Z,29.1,-68,2,-204,0.0
2026-06-27T16:48:59.600Z,27.4,-68,2,-211,0.0
2026-06-27T16:48:59.602Z,25.9,-68,2,-240,0.0
2026-06-27T16:48:59.752Z,22.8,-68,3,-121,0.0
2026-06-27T16:48:59.754Z,22.8,-71,3,-126,0.0
2026-06-27T16:48:59.756Z,21.3,-71,2,-157,0.0
2026-06-27T16:48:59.757Z,21.3,-71,2,-163,0.0
2026-06-27T16:48:59.758Z,23.4,-71,2,-170,0.0
2026-06-27T16:48:59.759Z,22.2,-71,2,-176,0.0
2026-06-27T16:48:59.760Z,22.2,-71,2,-183,0.0
2026-06-27T16:48:59.762Z,22.2,-71,3,-188,0.0
2026-06-27T16:48:59.763Z,23.1,-71,2,-195,0.0
2026-06-27T16:48:59.764Z,23.9,-71,2,-202,0.0
2026-06-27T16:48:59.765Z,28.8,-71,2,-209,0.0
2026-06-27T16:48:59.766Z,22.8,-71,3,-215,0.0
2026-06-27T16:48:59.767Z,29.9,-71,2,-222,0.0
2026-06-27T16:48:59.812Z,29.1,-71,5,-188,0.0
2026-06-27T16:48:59.814Z,29.1,-71,3,-193,0.0
2026-06-27T16:48:59.816Z,28.9,-71,2,-222,0.0
2026-06-27T16:48:59.867Z,28.8,-71,2,-206,0.0
2026-06-27T16:48:59.869Z,28.8,-70,3,-209,0.0
2026-06-27T16:48:59.984Z,26.8,-70,2,-125,0.0
2026-06-27T16:48:59.987Z,23.1,-70,5,-133,0.0
2026-06-27T16:48:59.988Z,23.9,-70,2,-138,0.0
2026-06-27T16:48:59.991Z,23.6,-70,2,-166,0.0
2026-06-27T16:48:59.992Z,24.5,-68,2,-173,0.0
2026-06-27T16:48:59.993Z,25.4,-68,3,-180,0.0
2026-06-27T16:48:59.995Z,29.9,-68,2,-186,0.0
2026-06-27T16:48:59.996Z,23.4,-68,2,-193,0.0
2026-06-27T16:48:59.997Z,23.4,-68,2,-200,0.0
2026-06-27T16:48:59.998Z,24.2,-68,2,-206,0.0
2026-06-27T16:48:59.999Z,25.9,-68,2,-213,0.0
2026-06-27T16:49:00.000Z,29.1,-68,2,-220,0.0
2026-06-27T16:49:00.001Z,23.9,-68,2,-227,0.0
2026-06-27T16:49:00.112Z,24.8,-68,5,-129,0.0
2026-06-27T16:49:00.119Z,25.7,-68,2,-130,0.0
2026-06-27T16:49:00.123Z,24.5,-68,2,-156,0.0
2026-06-27T16:49:00.126Z,25.4,-69,2,-160,0.0
2026-06-27T16:49:00.128Z,26.2,-69,3,-167,0.0
2026-06-27T16:49:00.130Z,26.2,-69,3,-173,0.0
2026-06-27T16:49:00.132Z,27.1,-69,3,-177,0.0
2026-06-27T16:49:00.134Z,28.8,-69,2,-184,0.0
2026-06-27T16:49:00.136Z,25.1,-69,2,-190,0.0
2026-06-27T16:49:00.139Z,26.0,-69,2,-195,0.0
2026-06-27T16:49:00.140Z,26.8,-69,2,-201,0.0
2026-06-27T16:49:00.142Z,27.7,-69,2,-207,0.0
2026-06-27T16:49:00.228Z,29.9,-69,2,-132,0.0
2026-06-27T16:49:00.229Z,25.7,-69,3,-139,0.0
2026-06-27T16:49:00.231Z,27.4,-69,2,-168,0.0
2026-06-27T16:49:00.232Z,28.8,-69,2,-199,0.0
2026-06-27T16:49:00.235Z,28.0,-69,3,-206,0.0
2026-06-27T16:49:00.236Z,28.0,-69,3,-212,0.0
2026-06-27T16:49:00.237Z,28.8,-69,2,-218,0.0
2026-06-27T16:49:00.238Z,29.3,-69,3,-225,0.0
2026-06-27T16:49:00.281Z,30.6,-69,2,-215,0.0
2026-06-27T16:49:00.285Z,30.6,-69,3,-220,0.0
2026-06-27T16:49:00.411Z,30.6,-69,2,-123,0.0
2026-06-27T16:49:00.413Z,30.6,-69,2,-129,0.0
2026-06-27T16:49:00.416Z,29.9,-69,2,-158,0.0
2026-06-27T16:49:00.417Z,29.9,-70,2,-164,0.0
2026-06-27T16:49:00.418Z,29.1,-70,2,-172,0.0
2026-06-27T16:49:00.419Z,29.1,-70,2,-179,0.0
2026-06-27T16:49:00.420Z,29.1,-70,2,-186,0.0
2026-06-27T16:49:00.421Z,29.1,-70,2,-193,0.0
2026-06-27T16:49:00.423Z,30.4,-70,2,-200,0.0
2026-06-27T16:49:00.424Z,30.4,-70,2,-206,0.0
2026-06-27T16:49:00.425Z,30.4,-70,2,-213,0.0
2026-06-27T16:49:00.426Z,30.4,-70,2,-220,0.0
2026-06-27T16:49:00.427Z,30.4,-70,2,-227,0.0
2026-06-27T16:49:00.470Z,30.4,-70,5,-195,0.0
2026-06-27T16:49:00.471Z,29.6,-70,2,-203,0.0
2026-06-27T16:49:00.472Z,29.6,-71,2,-233,0.0
2026-06-27T16:49:00.615Z,30.1,-71,2,-122,0.0
2026-06-27T16:49:00.618Z,30.6,-71,3,-127,0.0
2026-06-27T16:49:00.619Z,31.1,-71,2,-157,0.0
2026-06-27T16:49:00.620Z,31.1,-72,2,-165,0.0
2026-06-27T16:49:00.621Z,31.1,-72,2,-172,0.0
2026-06-27T16:49:00.622Z,31.1,-72,2,-179,0.0
2026-06-27T16:49:00.624Z,31.1,-72,2,-186,0.0
2026-06-27T16:49:00.625Z,31.1,-72,2,-193,0.0
2026-06-27T16:49:00.626Z,31.7,-72,3,-200,0.0
2026-06-27T16:49:00.627Z,30.4,-72,2,-207,0.0
2026-06-27T16:49:00.629Z,30.4,-72,2,-213,0.0
2026-06-27T16:49:00.630Z,30.4,-72,2,-220,0.0
2026-06-27T16:49:00.631Z,30.4,-72,2,-227,0.0
2026-06-27T16:49:00.670Z,29.6,-72,5,-201,0.0
2026-06-27T16:49:00.671Z,29.6,-72,4,-209,0.0
2026-06-27T16:49:00.672Z,29.3,-73,2,-239,0.0
2026-06-27T16:49:00.819Z,29.9,-73,2,-124,0.0
2026-06-27T16:49:00.822Z,31.1,-73,2,-129,0.0
2026-06-27T16:49:00.824Z,31.7,-73,2,-158,0.0
2026-06-27T16:49:00.826Z,31.7,-73,2,-164,0.0
2026-06-27T16:49:00.827Z,31.7,-73,2,-172,0.0
2026-06-27T16:49:00.828Z,30.9,-73,3,-179,0.0
2026-06-27T16:49:00.829Z,30.9,-73,3,-186,0.0
2026-06-27T16:49:00.830Z,30.9,-73,2,-193,0.0
2026-06-27T16:49:00.831Z,30.9,-73,2,-200,0.0
2026-06-27T16:49:00.832Z,30.9,-73,2,-207,0.0
2026-06-27T16:49:00.834Z,30.1,-73,2,-213,0.0
2026-06-27T16:49:00.835Z,30.1,-73,2,-220,0.0
2026-06-27T16:49:00.836Z,31.4,-73,2,-227,0.0
2026-06-27T16:49:00.976Z,31.4,-73,5,-102,0.0
2026-06-27T16:49:00.979Z,31.4,-73,4,-107,0.0
2026-06-27T16:49:00.980Z,31.4,-72,2,-136,0.0
2026-06-27T16:49:00.981Z,30.1,-72,2,-167,0.0
2026-06-27T16:49:00.984Z,30.1,-72,2,-173,0.0
2026-06-27T16:49:00.985Z,30.1,-72,3,-180,0.0
2026-06-27T16:49:00.986Z,30.1,-72,3,-187,0.0
2026-06-27T16:49:00.987Z,30.1,-72,3,-194,0.0
2026-06-27T16:49:00.988Z,30.2,-72,3,-200,0.0
2026-06-27T16:49:00.990Z,30.1,-72,2,-207,0.0
2026-06-27T16:49:00.991Z,30.1,-72,2,-214,0.0
2026-06-27T16:49:00.992Z,30.6,-72,2,-221,0.0
2026-06-27T16:49:01.041Z,30.6,-72,2,-183,0.0
2026-06-27T16:49:01.042Z,30.6,-72,2,-190,0.0
2026-06-27T16:49:01.043Z,30.6,-72,2,-220,0.0
2026-06-27T16:49:01.196Z,31.9,-72,2,-99,0.0
2026-06-27T16:49:01.199Z,36.7,-73,3,-105,0.0
2026-06-27T16:49:01.200Z,36.7,-73,2,-135,0.0
2026-06-27T16:49:01.203Z,31.9,-73,3,-165,0.0
2026-06-27T16:49:01.204Z,30.6,-73,2,-171,0.0
2026-06-27T16:49:01.205Z,30.6,-73,2,-178,0.0
2026-06-27T16:49:01.207Z,31.4,-73,2,-185,0.0
2026-06-27T16:49:01.208Z,31.4,-73,2,-192,0.0
2026-06-27T16:49:01.210Z,31.4,-73,2,-198,0.0
2026-06-27T16:49:01.211Z,31.4,-73,3,-205,0.0
2026-06-27T16:49:01.212Z,31.4,-73,2,-212,0.0
2026-06-27T16:49:01.213Z,31.4,-73,2,-219,0.0
2026-06-27T16:49:01.214Z,31.4,-73,2,-225,0.0
2026-06-27T16:49:01.329Z,32.2,-73,4,-124,0.0
2026-06-27T16:49:01.331Z,30.9,-73,3,-128,0.0
2026-06-27T16:49:01.332Z,32.9,-73,2,-158,0.0
2026-06-27T16:49:01.333Z,31.7,-73,3,-166,0.0
2026-06-27T16:49:01.334Z,33.0,-73,3,-174,0.0
2026-06-27T16:49:01.335Z,30.9,-73,2,-181,0.0
2026-06-27T16:49:01.336Z,30.9,-73,2,-188,0.0
2026-06-27T16:49:01.337Z,32.2,-73,2,-195,0.0
2026-06-27T16:49:01.340Z,32.2,-73,2,-201,0.0
2026-06-27T16:49:01.341Z,32.2,-73,2,-208,0.0
2026-06-27T16:49:01.342Z,32.2,-73,3,-215,0.0
2026-06-27T16:49:01.343Z,32.2,-73,2,-222,0.0
2026-06-27T16:49:01.452Z,31.4,-73,2,-124,0.0
2026-06-27T16:49:01.453Z,31.4,-73,2,-131,0.0
2026-06-27T16:49:01.456Z,31.4,-73,2,-160,0.0
2026-06-27T16:49:01.457Z,32.7,-72,2,-191,0.0
2026-06-27T16:49:01.459Z,31.9,-72,2,-198,0.0
2026-06-27T16:49:01.461Z,31.9,-72,2,-203,0.0
2026-06-27T16:49:01.463Z,31.9,-72,2,-210,0.0
2026-06-27T16:49:01.464Z,31.9,-72,2,-217,0.0
2026-06-27T16:49:01.465Z,32.0,-72,3,-224,0.0
2026-06-27T16:49:01.466Z,31.9,-72,2,-231,0.0
2026-06-27T16:49:01.505Z,31.9,-72,7,-204,0.0
2026-06-27T16:49:01.507Z,31.9,-72,2,-209,0.0
2026-06-27T16:49:01.508Z,35.0,-72,2,-240,0.0
2026-06-27T16:49:01.656Z,33.7,-72,3,-123,0.0
2026-06-27T16:49:01.659Z,35.5,-72,2,-129,0.0
2026-06-27T16:49:01.660Z,32.9,-72,2,-160,0.0
2026-06-27T16:49:01.661Z,32.9,-71,2,-167,0.0
2026-06-27T16:49:01.662Z,32.9,-71,2,-175,0.0
2026-06-27T16:49:01.664Z,33.0,-71,2,-182,0.0
2026-06-27T16:49:01.665Z,33.0,-71,2,-188,0.0
2026-06-27T16:49:01.666Z,32.2,-71,2,-195,0.0
2026-06-27T16:49:01.667Z,32.2,-71,2,-202,0.0
2026-06-27T16:49:01.668Z,32.2,-71,2,-210,0.0
2026-06-27T16:49:01.669Z,32.2,-71,2,-217,0.0
2026-06-27T16:49:01.670Z,31.4,-71,3,-224,0.0
2026-06-27T16:49:01.757Z,31.4,-71,2,-148,0.0
2026-06-27T16:49:01.760Z,31.4,-70,3,-155,0.0
2026-06-27T16:49:01.761Z,31.9,-70,2,-184,0.0
2026-06-27T16:49:01.762Z,33.2,-70,3,-215,0.0
2026-06-27T16:49:01.764Z,33.2,-70,2,-222,0.0
2026-06-27T16:49:01.765Z,33.2,-70,2,-229,0.0
2026-06-27T16:49:01.766Z,32.4,-70,2,-236,0.0
2026-06-27T16:49:01.861Z,32.4,-69,6,-154,0.0
2026-06-27T16:49:01.864Z,33.7,-69,2,-159,0.0
2026-06-27T16:49:01.865Z,35.0,-69,2,-188,0.0
2026-06-27T16:49:01.866Z,34.2,-69,2,-220,0.0
2026-06-27T16:49:01.868Z,34.2,-69,2,-226,0.0
2026-06-27T16:49:01.869Z,32.2,-69,3,-235,0.0
2026-06-27T16:49:02.016Z,33.5,-68,3,-101,0.0
2026-06-27T16:49:02.017Z,33.5,-68,2,-107,0.0
2026-06-27T16:49:02.020Z,32.7,-68,2,-136,0.0
2026-06-27T16:49:02.021Z,33.2,-68,2,-167,0.0
2026-06-27T16:49:02.022Z,32.4,-68,3,-174,0.0
2026-06-27T16:49:02.024Z,32.4,-68,2,-180,0.0
2026-06-27T16:49:02.025Z,32.4,-68,2,-187,0.0
2026-06-27T16:49:02.027Z,32.4,-68,2,-193,0.0
2026-06-27T16:49:02.029Z,32.4,-68,2,-201,0.0
2026-06-27T16:49:02.030Z,31.7,-68,3,-207,0.0
2026-06-27T16:49:02.031Z,32.9,-68,2,-214,0.0
2026-06-27T16:49:02.032Z,31.7,-68,2,-221,0.0
2026-06-27T16:49:02.144Z,32.9,-68,2,-118,0.0
2026-06-27T16:49:02.147Z,34.2,-68,5,-126,0.0
2026-06-27T16:49:02.148Z,32.2,-68,2,-133,0.0
2026-06-27T16:49:02.150Z,33.5,-68,2,-164,0.0
2026-06-27T16:49:02.151Z,34.8,-66,3,-170,0.0
2026-06-27T16:49:02.152Z,32.7,-66,3,-178,0.0
2026-06-27T16:49:02.153Z,32.7,-66,3,-185,0.0
2026-06-27T16:49:02.154Z,34.0,-66,2,-192,0.0
2026-06-27T16:49:02.155Z,35.3,-66,2,-200,0.0
2026-06-27T16:49:02.156Z,35.3,-66,2,-207,0.0
2026-06-27T16:49:02.157Z,35.8,-66,2,-214,0.0
2026-06-27T16:49:02.158Z,35.8,-66,2,-221,0.0
2026-06-27T16:49:02.160Z,35.8,-66,3,-228,0.0
2026-06-27T16:49:02.271Z,35.8,-66,4,-128,0.0
2026-06-27T16:49:02.273Z,35.8,-66,2,-135,0.0
2026-06-27T16:49:02.275Z,35.8,-66,4,-142,0.0
2026-06-27T16:49:02.277Z,36.2,-66,2,-173,0.0
2026-06-27T16:49:02.278Z,35.0,-66,3,-180,0.0
2026-06-27T16:49:02.279Z,36.7,-66,3,-187,0.0
2026-06-27T16:49:02.280Z,35.0,-66,2,-195,0.0
2026-06-27T16:49:02.281Z,36.7,-66,2,-202,0.0
2026-06-27T16:49:02.282Z,36.7,-66,2,-209,0.0
2026-06-27T16:49:02.283Z,35.5,-66,2,-217,0.0
2026-06-27T16:49:02.285Z,35.5,-66,2,-223,0.0
2026-06-27T16:49:02.372Z,34.3,-66,2,-147,0.0
2026-06-27T16:49:02.375Z,34.2,-66,3,-154,0.0
2026-06-27T16:49:02.376Z,35.5,-66,2,-184,0.0
2026-06-27T16:49:02.377Z,33.5,-66,2,-215,0.0
2026-06-27T16:49:02.378Z,33.5,-66,2,-223,0.0
2026-06-27T16:49:02.379Z,33.5,-66,2,-230,0.0
2026-06-27T16:49:02.380Z,36.0,-66,3,-237,0.0
2026-06-27T16:49:02.475Z,36.0,-65,6,-154,0.0
2026-06-27T16:49:02.478Z,36.0,-65,2,-160,0.0
2026-06-27T16:49:02.479Z,36.4,-65,2,-189,0.0
2026-06-27T16:49:02.480Z,36.9,-65,2,-221,0.0
2026-06-27T16:49:02.481Z,36.9,-65,2,-229,0.0
2026-06-27T16:49:02.483Z,36.9,-65,3,-235,0.0
2026-06-27T16:49:02.635Z,37.3,-66,7,-97,0.0
2026-06-27T16:49:02.636Z,35.8,-66,2,-103,0.0
2026-06-27T16:49:02.637Z,35.8,-66,2,-133,0.0
2026-06-27T16:49:02.639Z,35.8,-66,2,-164,0.0
2026-06-27T16:49:02.640Z,35.8,-66,2,-171,0.0
2026-06-27T16:49:02.641Z,36.2,-66,2,-179,0.0
2026-06-27T16:49:02.642Z,36.2,-66,2,-186,0.0
2026-06-27T16:49:02.643Z,36.7,-66,2,-194,0.0
2026-06-27T16:49:02.644Z,38.7,-66,3,-201,0.0
2026-06-27T16:49:02.645Z,37.1,-66,2,-209,0.0
2026-06-27T16:49:02.646Z,37.1,-66,3,-216,0.0
2026-06-27T16:49:02.648Z,37.1,-66,2,-223,0.0
2026-06-27T16:49:02.699Z,37.1,-66,3,-181,0.0
2026-06-27T16:49:02.701Z,37.1,-66,5,-191,0.0
2026-06-27T16:49:02.702Z,37.6,-66,2,-197,0.0
2026-06-27T16:49:02.703Z,37.6,-66,2,-228,0.0
2026-06-27T16:49:02.844Z,37.6,-66,2,-96,0.0
2026-06-27T16:49:02.846Z,37.6,-66,3,-102,0.0
2026-06-27T16:49:02.849Z,38.0,-66,2,-131,0.0
2026-06-27T16:49:02.850Z,38.0,-66,2,-162,0.0
2026-06-27T16:49:02.852Z,38.0,-66,2,-169,0.0
2026-06-27T16:49:02.853Z,38.0,-66,2,-177,0.0
2026-06-27T16:49:02.854Z,38.0,-66,2,-184,0.0
2026-06-27T16:49:02.855Z,38.0,-66,2,-192,0.0
2026-06-27T16:49:02.856Z,36.4,-66,2,-199,0.0
2026-06-27T16:49:02.857Z,36.4,-66,2,-206,0.0
2026-06-27T16:49:02.858Z,36.4,-66,2,-213,0.0
2026-06-27T16:49:02.860Z,36.9,-66,2,-220,0.0
2026-06-27T16:49:02.861Z,36.9,-66,2,-228,0.0
2026-06-27T16:49:02.976Z,36.9,-66,4,-124,0.0
2026-06-27T16:49:02.977Z,36.9,-66,2,-131,0.0
2026-06-27T16:49:02.979Z,36.9,-66,2,-161,0.0
2026-06-27T16:49:02.980Z,36.9,-65,2,-168,0.0
2026-06-27T16:49:02.982Z,36.9,-65,2,-175,0.0
2026-06-27T16:49:02.983Z,36.9,-65,2,-183,0.0
2026-06-27T16:49:02.984Z,36.9,-65,2,-190,0.0
2026-06-27T16:49:02.985Z,36.9,-65,2,-198,0.0
2026-06-27T16:49:02.986Z,36.9,-65,3,-205,0.0
2026-06-27T16:49:02.987Z,36.9,-65,2,-213,0.0
2026-06-27T16:49:02.988Z,36.9,-65,3,-220,0.0
2026-06-27T16:49:02.989Z,36.9,-65,2,-228,0.0
2026-06-27T16:49:03.027Z,36.9,-65,2,-202,0.0
2026-06-27T16:49:03.028Z,35.8,-65,2,-209,0.0
2026-06-27T16:49:03.029Z,35.8,-65,2,-240,0.0
2026-06-27T16:49:03.182Z,35.8,-65,2,-119,0.0
2026-06-27T16:49:03.184Z,35.8,-65,3,-126,0.0
2026-06-27T16:49:03.186Z,35.8,-65,2,-154,0.0
2026-06-27T16:49:03.187Z,35.8,-66,3,-163,0.0
2026-06-27T16:49:03.189Z,35.8,-66,3,-170,0.0
2026-06-27T16:49:03.190Z,35.8,-66,2,-177,0.0
2026-06-27T16:49:03.191Z,35.8,-66,2,-184,0.0
2026-06-27T16:49:03.192Z,35.8,-66,2,-191,0.0
2026-06-27T16:49:03.193Z,35.8,-66,2,-199,0.0
2026-06-27T16:49:03.194Z,35.8,-66,3,-206,0.0
2026-06-27T16:49:03.195Z,35.8,-66,2,-213,0.0
2026-06-27T16:49:03.196Z,35.8,-66,2,-221,0.0
2026-06-27T16:49:03.197Z,35.8,-66,2,-228,0.0
2026-06-27T16:49:03.299Z,35.8,-66,5,-138,0.0
2026-06-27T16:49:03.301Z,35.8,-66,2,-144,0.0
2026-06-27T16:49:03.303Z,36.9,-66,2,-173,0.0
2026-06-27T16:49:03.304Z,36.4,-66,2,-205,0.0
2026-06-27T16:49:03.305Z,36.4,-66,3,-212,0.0
2026-06-27T16:49:03.306Z,36.4,-66,2,-220,0.0
2026-06-27T16:49:03.308Z,36.4,-66,3,-226,0.0
2026-06-27T16:49:03.398Z,36.0,-66,4,-147,0.0
2026-06-27T16:49:03.400Z,36.0,-65,2,-153,0.0
2026-06-27T16:49:03.402Z,36.0,-65,2,-184,0.0
2026-06-27T16:49:03.403Z,35.5,-65,2,-214,0.0
2026-06-27T16:49:03.404Z,35.5,-65,2,-222,0.0
2026-06-27T16:49:03.405Z,35.5,-65,2,-229,0.0
2026-06-27T16:49:03.498Z,35.5,-65,2,-145,0.0
2026-06-27T16:49:03.500Z,35.5,-66,5,-154,0.0
2026-06-27T16:49:03.502Z,35.5,-66,2,-160,0.0
2026-06-27T16:49:03.503Z,35.5,-66,2,-190,0.0
2026-06-27T16:49:03.504Z,36.7,-66,2,-222,0.0
2026-06-27T16:49:03.506Z,36.7,-66,2,-230,0.0
2026-06-27T16:49:03.507Z,36.2,-66,3,-236,0.0
2026-06-27T16:49:03.657Z,36.2,-66,5,-98,0.0
2026-06-27T16:49:03.660Z,36.2,-66,2,-103,0.0
2026-06-27T16:49:03.661Z,35.8,-66,2,-133,0.0
2026-06-27T16:49:03.663Z,36.9,-66,2,-165,0.0
2026-06-27T16:49:03.664Z,34.0,-66,2,-171,0.0
2026-06-27T16:49:03.665Z,34.7,-66,2,-179,0.0
2026-06-27T16:49:03.666Z,33.5,-66,3,-186,0.0
2026-06-27T16:49:03.667Z,33.5,-66,2,-193,0.0
2026-06-27T16:49:03.668Z,33.5,-66,2,-200,0.0
2026-06-27T16:49:03.671Z,32.2,-66,2,-206,0.0
2026-06-27T16:49:03.672Z,32.9,-66,2,-213,0.0
2026-06-27T16:49:03.673Z,33.0,-66,3,-220,0.0
2026-06-27T16:49:03.708Z,33.7,-66,2,-194,0.0
2026-06-27T16:49:03.710Z,32.4,-66,5,-203,0.0
2026-06-27T16:49:03.712Z,35.8,-66,2,-209,0.0
2026-06-27T16:49:03.713Z,38.5,-66,2,-240,0.0
2026-06-27T16:49:03.830Z,38.5,-65,6,-135,0.0
2026-06-27T16:49:03.832Z,38.0,-65,2,-164,0.0
2026-06-27T16:49:03.834Z,39.6,-65,2,-195,0.0
2026-06-27T16:49:03.836Z,39.6,-65,2,-203,0.0
2026-06-27T16:49:03.837Z,39.6,-65,3,-209,0.0
2026-06-27T16:49:03.838Z,39.6,-65,2,-217,0.0
2026-06-27T16:49:03.839Z,39.6,-65,2,-225,0.0
2026-06-27T16:49:03.840Z,40.1,-65,3,-232,0.0
2026-06-27T16:49:03.908Z,40.1,-65,3,-176,0.0
2026-06-27T16:49:03.910Z,42.6,-65,2,-183,0.0
2026-06-27T16:49:03.914Z,43.5,-65,2,-211,0.0
2026-06-27T16:49:04.014Z,42.4,-65,2,-145,0.0
2026-06-27T16:49:04.021Z,42.4,-65,3,-147,0.0
2026-06-27T16:49:04.023Z,40.3,-65,2,-176,0.0
2026-06-27T16:49:04.024Z,41.3,-65,2,-207,0.0
2026-06-27T16:49:04.025Z,41.2,-65,3,-215,0.0
2026-06-27T16:49:04.026Z,41.7,-65,2,-222,0.0
2026-06-27T16:49:04.063Z,41.7,-65,2,-194,0.0
2026-06-27T16:49:04.066Z,41.7,-67,5,-203,0.0
2026-06-27T16:49:04.067Z,41.7,-67,2,-210,0.0
2026-06-27T16:49:04.069Z,42.2,-67,2,-241,0.0
2026-06-27T16:49:04.205Z,42.2,-67,5,-115,0.0
2026-06-27T16:49:04.207Z,42.2,-67,2,-121,0.0
2026-06-27T16:49:04.209Z,42.2,-67,2,-152,0.0
2026-06-27T16:49:04.211Z,41.7,-68,3,-162,0.0
2026-06-27T16:49:04.212Z,41.7,-68,3,-168,0.0
2026-06-27T16:49:04.213Z,41.7,-68,2,-176,0.0
2026-06-27T16:49:04.215Z,42.2,-68,2,-184,0.0
2026-06-27T16:49:04.217Z,42.2,-68,2,-190,0.0
2026-06-27T16:49:04.218Z,42.6,-68,3,-197,0.0
2026-06-27T16:49:04.219Z,41.0,-68,2,-205,0.0
2026-06-27T16:49:04.220Z,41.0,-68,2,-213,0.0
2026-06-27T16:49:04.221Z,43.2,-68,2,-221,0.0
2026-06-27T16:49:04.320Z,43.2,-68,3,-135,0.0
2026-06-27T16:49:04.321Z,43.2,-68,3,-141,0.0
2026-06-27T16:49:04.323Z,43.2,-70,2,-148,0.0
2026-06-27T16:49:04.325Z,43.2,-70,2,-179,0.0
2026-06-27T16:49:04.328Z,42.8,-70,2,-185,0.0
2026-06-27T16:49:04.329Z,42.8,-70,2,-192,0.0
2026-06-27T16:49:04.330Z,42.8,-70,2,-200,0.0
2026-06-27T16:49:04.331Z,41.5,-70,2,-208,0.0
2026-06-27T16:49:04.332Z,41.9,-70,2,-216,0.0
2026-06-27T16:49:04.333Z,41.9,-70,2,-223,0.0
2026-06-27T16:49:04.452Z,43.2,-70,2,-113,0.0
2026-06-27T16:49:04.454Z,43.2,-72,4,-122,0.0
2026-06-27T16:49:04.456Z,43.2,-72,2,-129,0.0
2026-06-27T16:49:04.457Z,43.2,-72,2,-159,0.0
2026-06-27T16:49:04.458Z,42.8,-72,3,-169,0.0
2026-06-27T16:49:04.460Z,42.8,-72,3,-175,0.0
2026-06-27T16:49:04.461Z,42.4,-72,2,-183,0.0
2026-06-27T16:49:04.462Z,42.4,-72,2,-191,0.0
2026-06-27T16:49:04.463Z,42.4,-72,2,-199,0.0
2026-06-27T16:49:04.464Z,42.8,-72,2,-207,0.0
2026-06-27T16:49:04.466Z,42.4,-72,3,-214,0.0
2026-06-27T16:49:04.468Z,42.4,-72,2,-220,0.0
2026-06-27T16:49:04.469Z,42.4,-72,2,-228,0.0
2026-06-27T16:49:04.614Z,44.6,-72,4,-94,0.0
2026-06-27T16:49:04.615Z,44.6,-72,2,-102,0.0
2026-06-27T16:49:04.618Z,43.0,-72,2,-132,0.0
2026-06-27T16:49:04.620Z,42.2,-72,3,-163,0.0
2026-06-27T16:49:04.621Z,42.6,-77,3,-170,0.0
2026-06-27T16:49:04.623Z,42.6,-77,3,-177,0.0
2026-06-27T16:49:04.624Z,43.6,-77,2,-184,0.0
2026-06-27T16:49:04.625Z,43.2,-77,2,-192,0.0
2026-06-27T16:49:04.626Z,42.8,-77,2,-200,0.0
2026-06-27T16:49:04.627Z,42.8,-77,2,-208,0.0
2026-06-27T16:49:04.628Z,42.8,-77,2,-216,0.0
2026-06-27T16:49:04.629Z,41.9,-77,3,-223,0.0
2026-06-27T16:49:04.675Z,41.9,-77,2,-192,0.0
2026-06-27T16:49:04.677Z,42.4,-77,13,-206,0.0
2026-06-27T16:49:04.678Z,42.4,-77,2,-213,0.0
2026-06-27T16:49:04.817Z,43.0,-77,2,-111,0.0
2026-06-27T16:49:04.820Z,43.0,-77,3,-112,0.0
2026-06-27T16:49:04.821Z,43.0,-77,2,-143,0.0
2026-06-27T16:49:04.822Z,43.0,-77,2,-151,0.0
2026-06-27T16:49:04.823Z,42.6,-82,2,-160,0.0
2026-06-27T16:49:04.825Z,42.6,-82,3,-166,0.0
2026-06-27T16:49:04.826Z,42.6,-82,2,-174,0.0
2026-06-27T16:49:04.827Z,42.6,-82,2,-182,0.0
2026-06-27T16:49:04.828Z,42.6,-82,2,-190,0.0
2026-06-27T16:49:04.829Z,42.6,-82,2,-198,0.0
2026-06-27T16:49:04.830Z,42.6,-82,3,-205,0.0
2026-06-27T16:49:04.832Z,42.6,-82,2,-212,0.0
2026-06-27T16:49:04.833Z,42.6,-82,2,-220,0.0
2026-06-27T16:49:04.933Z,42.6,-82,5,-133,0.0
2026-06-27T16:49:04.934Z,29.1,-82,3,-139,0.0
2026-06-27T16:49:04.936Z,42.6,-86,3,-145,0.0
2026-06-27T16:49:04.938Z,29.9,-86,2,-176,0.0
2026-06-27T16:49:04.939Z,27.7,-86,2,-183,0.0
2026-06-27T16:49:04.940Z,27.7,-86,2,-190,0.0
2026-06-27T16:49:04.943Z,27.7,-86,2,-196,0.0
2026-06-27T16:49:04.944Z,27.7,-86,2,-202,0.0
2026-06-27T16:49:04.945Z,26.8,-86,2,-209,0.0
2026-06-27T16:49:04.946Z,27.7,-86,3,-216,0.0
2026-06-27T16:49:04.947Z,27.7,-86,3,-222,0.0
2026-06-27T16:49:04.949Z,27.7,-86,2,-228,0.0
2026-06-27T16:49:05.083Z,28.5,-80,5,-105,0.0
2026-06-27T16:49:05.084Z,29.9,-80,2,-112,0.0
2026-06-27T16:49:05.086Z,29.1,-80,2,-141,0.0
2026-06-27T16:49:05.087Z,29.9,-80,2,-172,0.0
2026-06-27T16:49:05.088Z,29.9,-80,2,-179,0.0
2026-06-27T16:49:05.090Z,29.9,-80,2,-186,0.0
2026-06-27T16:49:05.091Z,29.9,-80,2,-192,0.0
2026-06-27T16:49:05.092Z,29.9,-80,2,-199,0.0
2026-06-27T16:49:05.093Z,28.5,-80,2,-206,0.0
2026-06-27T16:49:05.094Z,28.5,-80,2,-213,0.0
2026-06-27T16:49:05.095Z,28.5,-80,2,-220,0.0
2026-06-27T16:49:05.096Z,28.5,-80,2,-227,0.0
2026-06-27T16:49:05.137Z,27.7,-80,2,-199,0.0
2026-06-27T16:49:05.146Z,27.7,-80,5,-201,0.0
2026-06-27T16:49:05.149Z,29.3,-80,3,-204,0.0
2026-06-27T16:49:05.244Z,28.8,-80,2,-140,0.0
2026-06-27T16:49:05.246Z,28.9,-76,3,-147,0.0
2026-06-27T16:49:05.249Z,28.8,-76,2,-175,0.0
2026-06-27T16:49:05.251Z,28.8,-76,2,-206,0.0
2026-06-27T16:49:05.252Z,28.8,-76,3,-212,0.0
2026-06-27T16:49:05.253Z,16.2,-76,2,-218,0.0
2026-06-27T16:49:05.254Z,16.2,-76,2,-224,0.0
2026-06-27T16:49:05.255Z,16.2,-76,2,-233,0.0
2026-06-27T16:49:05.343Z,16.2,-75,3,-156,0.0
2026-06-27T16:49:05.345Z,44.2,-75,2,-162,0.0
2026-06-27T16:49:05.347Z,43.4,-75,2,-193,0.0
2026-06-27T16:49:05.349Z,15.9,-75,2,-221,0.0
2026-06-27T16:49:05.350Z,15.9,-75,2,-228,0.0
2026-06-27T16:49:05.351Z,15.9,-75,3,-235,0.0
2026-06-27T16:49:05.448Z,15.9,-74,6,-151,0.0
2026-06-27T16:49:05.450Z,15.9,-74,2,-154,0.0
2026-06-27T16:49:05.453Z,16.8,-74,2,-181,0.0
2026-06-27T16:49:05.454Z,16.8,-74,2,-212,0.0
2026-06-27T16:49:05.455Z,16.8,-74,3,-218,0.0
2026-06-27T16:49:05.456Z,16.8,-74,2,-224,0.0
2026-06-27T16:49:05.458Z,16.8,-74,2,-230,0.0
2026-06-27T16:49:05.549Z,16.8,-74,6,-151,0.0
2026-06-27T16:49:05.550Z,43.0,-74,2,-158,0.0
2026-06-27T16:49:05.551Z,16.5,-74,2,-187,0.0
2026-06-27T16:49:05.554Z,43.0,-74,2,-217,0.0
2026-06-27T16:49:05.555Z,29.3,-74,2,-224,0.0
2026-06-27T16:49:05.556Z,16.2,-74,2,-230,0.0
2026-06-27T16:49:05.604Z,16.2,-74,5,-196,0.0
2026-06-27T16:49:05.611Z,16.2,-74,4,-194,0.0
2026-06-27T16:49:05.612Z,17.4,-74,2,-224,0.0
2026-06-27T16:49:05.751Z,29.3,-74,2,-116,0.0
2026-06-27T16:49:05.753Z,29.3,-74,3,-122,0.0
2026-06-27T16:49:05.755Z,29.3,-74,3,-153,0.0
2026-06-27T16:49:05.758Z,29.3,-73,3,-158,0.0
2026-06-27T16:49:05.760Z,44.8,-73,2,-165,0.0
2026-06-27T16:49:05.762Z,44.8,-73,2,-172,0.0
2026-06-27T16:49:05.763Z,44.8,-73,2,-179,0.0
2026-06-27T16:49:05.764Z,29.3,-73,2,-186,0.0
2026-06-27T16:49:05.765Z,44.8,-73,2,-194,0.0
2026-06-27T16:49:05.766Z,44.8,-73,2,-202,0.0
2026-06-27T16:49:05.767Z,44.8,-73,2,-210,0.0
2026-06-27T16:49:05.769Z,44.8,-73,2,-217,0.0
2026-06-27T16:49:05.770Z,44.8,-73,2,-225,0.0
2026-06-27T16:49:05.896Z,44.8,-73,6,-113,0.0
2026-06-27T16:49:05.897Z,44.4,-73,2,-120,0.0
2026-06-27T16:49:05.900Z,29.3,-73,2,-149,0.0
2026-06-27T16:49:05.901Z,29.3,-73,2,-179,0.0
2026-06-27T16:49:05.903Z,16.5,-73,2,-185,0.0
2026-06-27T16:49:05.904Z,16.5,-73,2,-191,0.0
2026-06-27T16:49:05.905Z,16.5,-73,2,-197,0.0
2026-06-27T16:49:05.907Z,16.5,-73,3,-202,0.0
2026-06-27T16:49:05.908Z,16.5,-73,2,-208,0.0
2026-06-27T16:49:05.909Z,16.5,-73,2,-215,0.0
2026-06-27T16:49:05.910Z,16.4,-73,2,-221,0.0
2026-06-27T16:49:05.911Z,16.5,-73,2,-227,0.0
2026-06-27T16:49:06.040Z,16.5,-73,2,-108,0.0
2026-06-27T16:49:06.042Z,16.5,-73,2,-113,0.0
2026-06-27T16:49:06.043Z,29.3,-73,2,-143,0.0
2026-06-27T16:49:06.045Z,17.4,-73,2,-173,0.0
2026-06-27T16:49:06.047Z,17.4,-75,3,-179,0.0
2026-06-27T16:49:06.048Z,17.4,-75,2,-185,0.0
2026-06-27T16:49:06.050Z,17.4,-75,3,-190,0.0
2026-06-27T16:49:06.051Z,17.4,-75,2,-196,0.0
2026-06-27T16:49:06.053Z,17.4,-75,2,-203,0.0
2026-06-27T16:49:06.054Z,18.7,-75,3,-208,0.0
2026-06-27T16:49:06.055Z,18.7,-75,2,-215,0.0
2026-06-27T16:49:06.056Z,18.7,-75,2,-221,0.0
2026-06-27T16:49:06.057Z,18.7,-75,2,-227,0.0
2026-06-27T16:49:06.101Z,28.8,-75,8,-201,0.0
2026-06-27T16:49:06.105Z,28.8,-75,3,-204,0.0
2026-06-27T16:49:06.109Z,28.8,-73,2,-230,0.0
2026-06-27T16:49:06.236Z,28.8,-73,5,-113,0.0
2026-06-27T16:49:06.237Z,28.8,-73,2,-120,0.0
2026-06-27T16:49:06.238Z,29.6,-73,2,-150,0.0
2026-06-27T16:49:06.239Z,15.9,-73,2,-180,0.0
2026-06-27T16:49:06.241Z,15.9,-74,2,-186,0.0
2026-06-27T16:49:06.242Z,15.9,-74,2,-192,0.0
2026-06-27T16:49:06.243Z,15.9,-74,3,-198,0.0
2026-06-27T16:49:06.244Z,15.9,-74,2,-204,0.0
2026-06-27T16:49:06.245Z,15.9,-74,2,-210,0.0
2026-06-27T16:49:06.246Z,15.9,-74,2,-217,0.0
2026-06-27T16:49:06.247Z,15.9,-74,3,-223,0.0
2026-06-27T16:49:06.248Z,15.9,-74,2,-229,0.0
2026-06-27T16:49:06.366Z,15.9,-74,2,-122,0.0
2026-06-27T16:49:06.368Z,15.9,-74,3,-127,0.0
2026-06-27T16:49:06.370Z,17.1,-74,2,-156,0.0
2026-06-27T16:49:06.372Z,43.0,-73,2,-187,0.0
2026-06-27T16:49:06.373Z,43.0,-73,2,-194,0.0
2026-06-27T16:49:06.374Z,43.0,-73,2,-202,0.0
2026-06-27T16:49:06.375Z,43.0,-73,2,-210,0.0
2026-06-27T16:49:06.376Z,43.4,-73,3,-218,0.0
2026-06-27T16:49:06.377Z,43.0,-73,2,-225,0.0
2026-06-27T16:49:06.378Z,43.4,-73,2,-233,0.0
2026-06-27T16:49:06.419Z,43.4,-73,6,-206,0.0
2026-06-27T16:49:06.420Z,43.4,-73,2,-212,0.0
2026-06-27T16:49:06.574Z,43.4,-73,2,-91,0.0
2026-06-27T16:49:06.576Z,43.4,-73,3,-98,0.0
2026-06-27T16:49:06.577Z,43.4,-73,2,-128,0.0
2026-06-27T16:49:06.579Z,43.0,-73,2,-159,0.0
2026-06-27T16:49:06.581Z,43.0,-74,3,-168,0.0
2026-06-27T16:49:06.582Z,43.0,-74,2,-174,0.0
2026-06-27T16:49:06.583Z,43.0,-74,2,-182,0.0
2026-06-27T16:49:06.584Z,43.0,-74,2,-190,0.0
2026-06-27T16:49:06.585Z,43.0,-74,2,-198,0.0
2026-06-27T16:49:06.586Z,43.0,-74,3,-206,0.0
2026-06-27T16:49:06.587Z,43.0,-74,2,-213,0.0
2026-06-27T16:49:06.588Z,43.0,-74,2,-221,0.0
2026-06-27T16:49:06.706Z,44.8,-74,2,-112,0.0
2026-06-27T16:49:06.709Z,44.8,-75,4,-121,0.0
2026-06-27T16:49:06.711Z,44.4,-75,2,-127,0.0
2026-06-27T16:49:06.712Z,44.0,-75,2,-158,0.0
2026-06-27T16:49:06.714Z,44.0,-75,2,-167,0.0
2026-06-27T16:49:06.715Z,44.0,-75,2,-174,0.0
2026-06-27T16:49:06.716Z,44.0,-75,3,-182,0.0
2026-06-27T16:49:06.717Z,44.0,-75,3,-189,0.0
2026-06-27T16:49:06.718Z,44.0,-75,2,-197,0.0
2026-06-27T16:49:06.720Z,44.0,-75,2,-204,0.0
2026-06-27T16:49:06.721Z,44.0,-75,2,-212,0.0
2026-06-27T16:49:06.722Z,44.0,-75,2,-220,0.0
2026-06-27T16:49:06.723Z,43.6,-75,2,-228,0.0
2026-06-27T16:49:06.757Z,43.6,-75,4,-205,0.0
2026-06-27T16:49:06.759Z,43.6,-75,2,-212,0.0
2026-06-27T16:49:06.760Z,43.6,-75,2,-243,0.0
2026-06-27T16:49:06.899Z,43.6,-75,5,-115,0.0
2026-06-27T16:49:06.900Z,43.6,-75,2,-124,0.0
2026-06-27T16:49:06.902Z,43.6,-75,2,-155,0.0
2026-06-27T16:49:06.903Z,43.6,-75,3,-164,0.0
2026-06-27T16:49:06.905Z,43.6,-75,3,-171,0.0
2026-06-27T16:49:06.906Z,43.6,-75,2,-179,0.0
2026-06-27T16:49:06.907Z,45.0,-75,2,-187,0.0
2026-06-27T16:49:06.908Z,45.0,-75,3,-195,0.0
2026-06-27T16:49:06.909Z,43.6,-75,3,-203,0.0
2026-06-27T16:49:06.910Z,16.5,-75,2,-209,0.0
2026-06-27T16:49:06.911Z,43.6,-75,3,-217,0.0
2026-06-27T16:49:06.912Z,16.5,-75,3,-223,0.0
2026-06-27T16:49:06.988Z,43.6,-75,2,-162,0.0
2026-06-27T16:49:06.992Z,17.8,-75,6,-162,0.0
2026-06-27T16:49:06.993Z,17.8,-75,2,-168,0.0
2026-06-27T16:49:06.994Z,17.8,-75,2,-196,0.0
2026-06-27T16:49:06.996Z,45.0,-75,2,-228,0.0
2026-06-27T16:49:07.152Z,17.8,-76,6,-87,0.0
2026-06-27T16:49:07.156Z,45.4,-76,2,-91,0.0
2026-06-27T16:49:07.163Z,43.6,-76,2,-115,0.0
2026-06-27T16:49:07.165Z,43.6,-76,2,-145,0.0
2026-06-27T16:49:07.167Z,43.6,-76,2,-152,0.0
2026-06-27T16:49:07.169Z,43.6,-76,2,-159,0.0
2026-06-27T16:49:07.170Z,43.6,-76,2,-166,0.0
2026-06-27T16:49:07.172Z,43.6,-76,2,-173,0.0
2026-06-27T16:49:07.173Z,43.6,-76,2,-181,0.0
2026-06-27T16:49:07.175Z,43.6,-76,3,-189,0.0
2026-06-27T16:49:07.176Z,43.6,-76,3,-195,0.0
2026-06-27T16:49:07.177Z,43.6,-76,2,-203,0.0
2026-06-27T16:49:07.280Z,43.6,-76,2,-112,0.0
2026-06-27T16:49:07.287Z,43.6,-76,5,-116,0.0
2026-06-27T16:49:07.295Z,43.6,-76,2,-116,0.0
2026-06-27T16:49:07.300Z,43.6,-76,2,-144,0.0
2026-06-27T16:49:07.303Z,43.6,-74,2,-149,0.0
2026-06-27T16:49:07.306Z,43.6,-74,3,-154,0.0
2026-06-27T16:49:07.308Z,43.6,-74,2,-161,0.0
2026-06-27T16:49:07.309Z,43.6,-74,2,-168,0.0
2026-06-27T16:49:07.311Z,29.1,-74,2,-175,0.0
2026-06-27T16:49:07.312Z,43.6,-74,2,-182,0.0
2026-06-27T16:49:07.313Z,43.6,-74,2,-190,0.0
2026-06-27T16:49:07.314Z,43.6,-74,2,-198,0.0
2026-06-27T16:49:07.315Z,43.6,-74,3,-206,0.0
2026-06-27T16:49:07.330Z,43.6,-74,5,-208,0.0
2026-06-27T16:49:07.332Z,43.6,-74,2,-215,0.0
2026-06-27T16:49:07.490Z,44.4,-74,2,-91,0.0
2026-06-27T16:49:07.493Z,44.8,-74,3,-95,0.0
2026-06-27T16:49:07.494Z,43.0,-74,2,-125,0.0
2026-06-27T16:49:07.495Z,43.4,-74,2,-157,0.0
2026-06-27T16:49:07.497Z,43.4,-74,3,-165,0.0
2026-06-27T16:49:07.498Z,43.8,-74,3,-173,0.0
2026-06-27T16:49:07.499Z,43.8,-74,2,-180,0.0
2026-06-27T16:49:07.500Z,44.6,-74,2,-188,0.0
2026-06-27T16:49:07.501Z,44.6,-74,2,-195,0.0
2026-06-27T16:49:07.502Z,43.2,-74,2,-203,0.0
2026-06-27T16:49:07.503Z,42.8,-74,2,-211,0.0
2026-06-27T16:49:07.504Z,42.8,-74,2,-219,0.0
2026-06-27T16:49:07.506Z,43.2,-74,2,-227,0.0
2026-06-27T16:49:07.595Z,43.2,-74,5,-149,0.0
2026-06-27T16:49:07.596Z,43.6,-74,2,-157,0.0
2026-06-27T16:49:07.598Z,45.6,-74,3,-187,0.0
2026-06-27T16:49:07.599Z,15.9,-74,3,-217,0.0
2026-06-27T16:49:07.601Z,15.9,-74,2,-222,0.0
2026-06-27T16:49:07.602Z,44.6,-74,2,-230,0.0
2026-06-27T16:49:07.701Z,45.0,-74,2,-142,0.0
2026-06-27T16:49:07.707Z,43.2,-74,5,-148,0.0
2026-06-27T16:49:07.710Z,44.4,-74,2,-177,0.0
2026-06-27T16:49:07.712Z,42.6,-74,3,-207,0.0
2026-06-27T16:49:07.714Z,43.0,-74,3,-214,0.0
2026-06-27T16:49:07.716Z,43.0,-74,3,-220,0.0
2026-06-27T16:49:07.801Z,43.4,-74,2,-144,0.0
2026-06-27T16:49:07.803Z,16.8,-74,5,-152,0.0
2026-06-27T16:49:07.805Z,16.8,-74,2,-157,0.0
2026-06-27T16:49:07.806Z,42.4,-74,2,-187,0.0
2026-06-27T16:49:07.808Z,42.8,-74,2,-218,0.0
2026-06-27T16:49:07.809Z,42.8,-74,2,-226,0.0
2026-06-27T16:49:07.811Z,43.2,-74,2,-233,0.0
2026-06-27T16:49:07.942Z,43.6,-74,3,-115,0.0
2026-06-27T16:49:07.945Z,44.0,-74,3,-120,0.0
2026-06-27T16:49:07.946Z,44.4,-74,2,-128,0.0
2026-06-27T16:49:07.948Z,45.2,-74,2,-160,0.0
2026-06-27T16:49:07.949Z,42.6,-74,3,-167,0.0
2026-06-27T16:49:07.950Z,42.2,-74,2,-175,0.0
2026-06-27T16:49:07.951Z,42.6,-74,2,-183,0.0
2026-06-27T16:49:07.952Z,43.0,-74,3,-190,0.0
2026-06-27T16:49:07.953Z,43.4,-74,2,-198,0.0
2026-06-27T16:49:07.954Z,43.8,-74,2,-206,0.0
2026-06-27T16:49:07.956Z,45.0,-74,2,-214,0.0
2026-06-27T16:49:07.957Z,47.1,-74,2,-221,0.0
2026-06-27T16:49:08.080Z,47.5,-74,2,-108,0.0
2026-06-27T16:49:08.082Z,47.5,-74,5,-118,0.0
2026-06-27T16:49:08.084Z,42.4,-74,2,-124,0.0
2026-06-27T16:49:08.086Z,41.0,-74,2,-154,0.0
2026-06-27T16:49:08.087Z,41.0,-74,2,-163,0.0
2026-06-27T16:49:08.088Z,43.6,-79,3,-171,0.0
2026-06-27T16:49:08.090Z,42.2,-79,2,-179,0.0
2026-06-27T16:49:08.091Z,42.1,-79,2,-186,0.0
2026-06-27T16:49:08.092Z,41.7,-79,3,-193,0.0
2026-06-27T16:49:08.093Z,41.7,-79,2,-201,0.0
2026-06-27T16:49:08.094Z,41.7,-79,2,-209,0.0
2026-06-27T16:49:08.095Z,41.7,-79,2,-217,0.0
2026-06-27T16:49:08.096Z,41.7,-79,3,-224,0.0
2026-06-27T16:49:08.229Z,41.7,-79,5,-103,0.0
2026-06-27T16:49:08.230Z,43.0,-79,3,-111,0.0
2026-06-27T16:49:08.233Z,41.9,-79,2,-140,0.0
2026-06-27T16:49:08.235Z,41.0,-82,2,-172,0.0
2026-06-27T16:49:08.236Z,41.0,-82,2,-179,0.0
2026-06-27T16:49:08.238Z,41.0,-82,2,-187,0.0
2026-06-27T16:49:08.240Z,41.5,-82,2,-194,0.0
2026-06-27T16:49:08.241Z,42.8,-82,2,-200,0.0
2026-06-27T16:49:08.242Z,43.2,-82,2,-208,0.0
2026-06-27T16:49:08.243Z,42.6,-82,4,-218,0.0
2026-06-27T16:49:08.312Z,42.2,-85,2,-157,0.0
2026-06-27T16:49:08.315Z,42.1,-85,6,-167,0.0
2026-06-27T16:49:08.317Z,41.7,-85,3,-174,0.0
2026-06-27T16:49:08.319Z,41.2,-85,2,-203,0.0
2026-06-27T16:49:08.320Z,43.4,-85,2,-236,0.0
2026-06-27T16:49:08.417Z,42.4,-87,4,-154,0.0
2026-06-27T16:49:08.426Z,42.4,-87,2,-155,0.0
2026-06-27T16:49:08.434Z,41.5,-87,2,-178,0.0
2026-06-27T16:49:08.437Z,41.0,-87,2,-205,0.0
2026-06-27T16:49:08.439Z,40.6,-87,2,-212,0.0
2026-06-27T16:49:08.441Z,43.6,-87,2,-218,0.0
2026-06-27T16:49:08.548Z,42.6,-87,6,-123,0.0
2026-06-27T16:49:08.551Z,42.2,-87,2,-129,0.0
2026-06-27T16:49:08.552Z,41.7,-87,2,-159,0.0
2026-06-27T16:49:08.554Z,41.2,-87,2,-168,0.0
2026-06-27T16:49:08.555Z,41.2,-87,2,-176,0.0
2026-06-27T16:49:08.556Z,40.8,-87,2,-184,0.0
2026-06-27T16:49:08.557Z,40.8,-87,3,-191,0.0
2026-06-27T16:49:08.558Z,35.8,-87,2,-199,0.0
2026-06-27T16:49:08.559Z,40.3,-87,3,-206,0.0
2026-06-27T16:49:08.560Z,42.4,-87,2,-214,0.0
2026-06-27T16:49:08.561Z,41.9,-87,2,-222,0.0
2026-06-27T16:49:08.562Z,36.0,-87,2,-229,0.0
2026-06-27T16:49:08.614Z,41.5,-87,2,-192,0.0
2026-06-27T16:49:08.621Z,41.5,-87,2,-193,0.0
2026-06-27T16:49:08.626Z,35.8,-87,2,-220,0.0
2026-06-27T16:49:08.734Z,36.4,-87,3,-145,0.0
2026-06-27T16:49:08.745Z,36.0,-85,3,-141,0.0
2026-06-27T16:49:08.748Z,39.6,-85,2,-168,0.0
2026-06-27T16:49:08.752Z,36.7,-85,3,-174,0.0
2026-06-27T16:49:08.754Z,35.8,-85,2,-179,0.0
2026-06-27T16:49:08.755Z,35.8,-85,2,-186,0.0
2026-06-27T16:49:08.757Z,35.8,-85,3,-192,0.0
2026-06-27T16:49:08.758Z,40.8,-85,2,-200,0.0
2026-06-27T16:49:08.759Z,40.8,-85,3,-207,0.0
2026-06-27T16:49:08.830Z,40.3,-83,6,-151,0.0
2026-06-27T16:49:08.836Z,36.4,-83,2,-152,0.0
2026-06-27T16:49:08.839Z,41.9,-83,2,-180,0.0
2026-06-27T16:49:08.841Z,40.3,-83,2,-211,0.0
2026-06-27T16:49:08.843Z,37.8,-83,2,-217,0.0
2026-06-27T16:49:08.845Z,39.4,-83,3,-223,0.0
2026-06-27T16:49:08.983Z,38.9,-81,6,-101,0.0
2026-06-27T16:49:08.987Z,39.0,-81,3,-104,0.0
2026-06-27T16:49:08.993Z,37.6,-81,2,-128,0.0
2026-06-27T16:49:08.996Z,35.8,-81,2,-158,0.0
2026-06-27T16:49:08.998Z,35.8,-81,2,-165,0.0
2026-06-27T16:49:09.000Z,37.8,-81,3,-170,0.0
2026-06-27T16:49:09.003Z,36.9,-81,2,-178,0.0
2026-06-27T16:49:09.004Z,36.9,-81,2,-183,0.0
2026-06-27T16:49:09.006Z,36.4,-81,2,-189,0.0
2026-06-27T16:49:09.007Z,36.4,-81,2,-197,0.0
2026-06-27T16:49:09.008Z,36.0,-81,2,-204,0.0
2026-06-27T16:49:09.010Z,35.5,-81,2,-211,0.0
2026-06-27T16:49:09.111Z,35.5,-81,3,-121,0.0
2026-06-27T16:49:09.112Z,35.5,-81,2,-128,0.0
2026-06-27T16:49:09.115Z,37.1,-81,2,-158,0.0
2026-06-27T16:49:09.116Z,36.7,-77,3,-164,0.0
2026-06-27T16:49:09.117Z,36.2,-77,3,-172,0.0
2026-06-27T16:49:09.119Z,35.8,-77,2,-179,0.0
2026-06-27T16:49:09.121Z,35.8,-77,2,-185,0.0
2026-06-27T16:49:09.122Z,35.8,-77,3,-192,0.0
2026-06-27T16:49:09.124Z,35.8,-77,2,-198,0.0
2026-06-27T16:49:09.125Z,37.3,-77,2,-206,0.0
2026-06-27T16:49:09.126Z,37.4,-77,2,-213,0.0
2026-06-27T16:49:09.127Z,36.9,-77,2,-221,0.0
2026-06-27T16:49:09.161Z,36.4,-77,2,-195,0.0
2026-06-27T16:49:09.163Z,36.0,-77,7,-207,0.0
2026-06-27T16:49:09.166Z,36.0,-77,2,-214,0.0
2026-06-27T16:49:09.234Z,37.6,-77,2,-178,0.0
2026-06-27T16:49:09.237Z,36.7,-77,3,-184,0.0
2026-06-27T16:49:09.239Z,35.8,-77,2,-213,0.0
2026-06-27T16:49:09.291Z,36.4,-77,2,-195,0.0
2026-06-27T16:49:09.298Z,36.0,-76,2,-196,0.0
2026-06-27T16:49:09.303Z,37.1,-76,2,-223,0.0
2026-06-27T16:49:09.436Z,35.8,-76,2,-119,0.0
2026-06-27T16:49:09.439Z,35.8,-76,3,-125,0.0
2026-06-27T16:49:09.440Z,35.5,-76,2,-155,0.0
2026-06-27T16:49:09.441Z,35.5,-76,3,-163,0.0
2026-06-27T16:49:09.442Z,35.5,-76,3,-170,0.0
2026-06-27T16:49:09.444Z,36.7,-76,2,-177,0.0
2026-06-27T16:49:09.445Z,36.2,-76,3,-184,0.0
2026-06-27T16:49:09.446Z,35.8,-76,2,-191,0.0
2026-06-27T16:49:09.447Z,35.8,-76,2,-199,0.0
2026-06-27T16:49:09.448Z,35.8,-76,2,-206,0.0
2026-06-27T16:49:09.449Z,35.3,-76,2,-214,0.0
2026-06-27T16:49:09.450Z,36.4,-76,2,-221,0.0
2026-06-27T16:49:09.451Z,36.0,-76,2,-228,0.0
2026-06-27T16:49:09.588Z,35.5,-76,8,-107,0.0
2026-06-27T16:49:09.590Z,35.5,-75,3,-113,0.0
2026-06-27T16:49:09.591Z,31.1,-75,3,-142,0.0
2026-06-27T16:49:09.594Z,30.6,-75,2,-172,0.0
2026-06-27T16:49:09.595Z,34.0,-75,2,-179,0.0
2026-06-27T16:49:09.596Z,31.4,-75,2,-186,0.0
2026-06-27T16:49:09.598Z,30.1,-75,3,-192,0.0
2026-06-27T16:49:09.599Z,30.1,-75,3,-199,0.0
2026-06-27T16:49:09.600Z,34.8,-75,3,-206,0.0
2026-06-27T16:49:09.601Z,30.9,-75,2,-213,0.0
2026-06-27T16:49:09.602Z,30.9,-75,2,-220,0.0
2026-06-27T16:49:09.603Z,30.9,-75,2,-227,0.0
2026-06-27T16:49:09.641Z,34.8,-75,2,-201,0.0
2026-06-27T16:49:09.643Z,34.8,-75,3,-207,0.0
2026-06-27T16:49:09.644Z,31.4,-75,3,-237,0.0
2026-06-27T16:49:09.801Z,35.3,-75,2,-92,0.0
2026-06-27T16:49:09.812Z,30.6,-72,3,-90,0.0
2026-06-27T16:49:09.816Z,31.7,-72,2,-116,0.0
2026-06-27T16:49:09.819Z,35.3,-72,2,-145,0.0
2026-06-27T16:49:09.821Z,31.9,-72,2,-150,0.0
2026-06-27T16:49:09.823Z,31.1,-72,2,-156,0.0
2026-06-27T16:49:09.824Z,36.7,-72,2,-163,0.0
2026-06-27T16:49:09.826Z,35.5,-72,2,-169,0.0
2026-06-27T16:49:09.827Z,36.0,-72,2,-177,0.0
2026-06-27T16:49:09.829Z,36.4,-72,3,-184,0.0
2026-06-27T16:49:09.830Z,35.8,-72,2,-190,0.0
2026-06-27T16:49:09.831Z,35.8,-72,2,-198,0.0
2026-06-27T16:49:09.832Z,36.2,-72,2,-205,0.0
2026-06-27T16:49:09.923Z,35.5,-72,5,-126,0.0
2026-06-27T16:49:09.924Z,35.5,-72,2,-133,0.0
2026-06-27T16:49:09.926Z,35.8,-72,2,-162,0.0
2026-06-27T16:49:09.927Z,37.1,-72,3,-171,0.0
2026-06-27T16:49:09.929Z,38.0,-76,2,-179,0.0
2026-06-27T16:49:09.930Z,36.0,-76,2,-185,0.0
2026-06-27T16:49:09.931Z,36.9,-76,2,-193,0.0
2026-06-27T16:49:09.932Z,37.8,-76,2,-200,0.0
2026-06-27T16:49:09.933Z,38.7,-76,2,-208,0.0
2026-06-27T16:49:09.936Z,37.1,-76,2,-214,0.0
2026-06-27T16:49:09.937Z,37.6,-76,2,-221,0.0
2026-06-27T16:49:09.938Z,38.5,-76,2,-228,0.0
2026-06-27T16:49:10.052Z,39.4,-76,2,-126,0.0
2026-06-27T16:49:10.055Z,41.5,-76,2,-133,0.0
2026-06-27T16:49:10.056Z,41.9,-76,2,-162,0.0
2026-06-27T16:49:10.057Z,41.9,-76,2,-170,0.0
2026-06-27T16:49:10.058Z,40.3,-76,2,-178,0.0
2026-06-27T16:49:10.059Z,39.9,-76,2,-186,0.0
2026-06-27T16:49:10.061Z,40.3,-76,2,-193,0.0
2026-06-27T16:49:10.062Z,40.8,-76,2,-200,0.0
2026-06-27T16:49:10.063Z,38.7,-76,2,-208,0.0
2026-06-27T16:49:10.064Z,39.2,-76,3,-215,0.0
2026-06-27T16:49:10.065Z,39.2,-76,2,-223,0.0
2026-06-27T16:49:10.066Z,39.6,-76,3,-230,0.0
2026-06-27T16:49:10.216Z,40.1,-76,6,-94,0.0
2026-06-27T16:49:10.218Z,40.6,-76,2,-100,0.0
2026-06-27T16:49:10.219Z,39.4,-76,2,-130,0.0
2026-06-27T16:49:10.220Z,40.3,-76,2,-162,0.0
2026-06-27T16:49:10.221Z,36.2,-76,3,-169,0.0
2026-06-27T16:49:10.223Z,38.7,-76,2,-177,0.0
2026-06-27T16:49:10.224Z,36.7,-76,2,-183,0.0
2026-06-27T16:49:10.225Z,36.7,-76,2,-191,0.0
2026-06-27T16:49:10.226Z,37.1,-76,3,-198,0.0
2026-06-27T16:49:10.227Z,37.6,-76,2,-206,0.0
2026-06-27T16:49:10.228Z,38.0,-76,3,-213,0.0
2026-06-27T16:49:10.229Z,35.5,-76,2,-221,0.0
2026-06-27T16:49:10.341Z,35.5,-76,2,-118,0.0
2026-06-27T16:49:10.343Z,36.0,-76,4,-127,0.0
2026-06-27T16:49:10.344Z,36.4,-76,2,-134,0.0
2026-06-27T16:49:10.346Z,37.3,-76,2,-165,0.0
2026-06-27T16:49:10.347Z,37.8,-77,3,-171,0.0
2026-06-27T16:49:10.348Z,35.8,-77,2,-179,0.0
2026-06-27T16:49:10.350Z,35.8,-77,2,-185,0.0
2026-06-27T16:49:10.351Z,35.8,-77,2,-193,0.0
2026-06-27T16:49:10.352Z,35.8,-77,2,-200,0.0
2026-06-27T16:49:10.353Z,35.8,-77,2,-208,0.0
2026-06-27T16:49:10.354Z,36.2,-77,2,-215,0.0
2026-06-27T16:49:10.355Z,36.2,-77,2,-222,0.0
2026-06-27T16:49:10.356Z,36.2,-77,2,-230,0.0
2026-06-27T16:49:10.469Z,36.7,-77,4,-134,0.0
2026-06-27T16:49:10.471Z,37.1,-77,3,-138,0.0
2026-06-27T16:49:10.472Z,37.6,-77,2,-168,0.0
2026-06-27T16:49:10.474Z,38.0,-77,3,-178,0.0
2026-06-27T16:49:10.475Z,40.5,-77,3,-184,0.0
2026-06-27T16:49:10.476Z,40.5,-77,2,-192,0.0
2026-06-27T16:49:10.477Z,40.6,-77,2,-200,0.0
2026-06-27T16:49:10.478Z,41.0,-77,2,-207,0.0
2026-06-27T16:49:10.479Z,41.1,-77,2,-215,0.0
2026-06-27T16:49:10.480Z,41.5,-77,2,-222,0.0
2026-06-27T16:49:10.621Z,41.9,-77,5,-93,0.0
2026-06-27T16:49:10.625Z,41.9,-76,3,-98,0.0
2026-06-27T16:49:10.626Z,42.4,-76,2,-129,0.0
2026-06-27T16:49:10.627Z,42.6,-76,2,-161,0.0
2026-06-27T16:49:10.628Z,42.1,-76,3,-169,0.0
2026-06-27T16:49:10.630Z,38.0,-76,3,-175,0.0
2026-06-27T16:49:10.631Z,37.6,-76,2,-183,0.0
2026-06-27T16:49:10.632Z,37.6,-76,3,-190,0.0
2026-06-27T16:49:10.633Z,37.6,-76,2,-198,0.0
2026-06-27T16:49:10.634Z,37.1,-76,3,-205,0.0
2026-06-27T16:49:10.635Z,42.2,-76,2,-213,0.0
2026-06-27T16:49:10.636Z,40.1,-76,2,-220,0.0
2026-06-27T16:49:10.638Z,40.1,-76,2,-227,0.0
2026-06-27T16:49:10.760Z,39.6,-76,4,-121,0.0
2026-06-27T16:49:10.767Z,39.6,-76,2,-120,0.0
2026-06-27T16:49:10.769Z,38.3,-76,2,-148,0.0
2026-06-27T16:49:10.771Z,38.3,-73,2,-155,0.0
2026-06-27T16:49:10.772Z,37.8,-73,3,-162,0.0
2026-06-27T16:49:10.773Z,37.8,-73,3,-169,0.0
2026-06-27T16:49:10.774Z,37.8,-73,2,-177,0.0
2026-06-27T16:49:10.775Z,37.8,-73,2,-184,0.0
2026-06-27T16:49:10.776Z,43.2,-73,2,-192,0.0
2026-06-27T16:49:10.777Z,39.9,-73,2,-200,0.0
2026-06-27T16:49:10.778Z,39.9,-73,3,-208,0.0
2026-06-27T16:49:10.779Z,39.4,-73,3,-215,0.0
2026-06-27T16:49:10.872Z,39.4,-73,2,-134,0.0
2026-06-27T16:49:10.873Z,39.4,-73,2,-141,0.0
2026-06-27T16:49:10.875Z,39.4,-72,2,-171,0.0
2026-06-27T16:49:10.877Z,39.0,-72,2,-202,0.0
2026-06-27T16:49:10.878Z,38.5,-72,3,-209,0.0
2026-06-27T16:49:10.879Z,38.5,-72,2,-217,0.0
2026-06-27T16:49:10.880Z,38.0,-72,2,-224,0.0
2026-06-27T16:49:10.881Z,43.4,-72,2,-232,0.0
2026-06-27T16:49:11.032Z,43.4,-72,4,-98,0.0
2026-06-27T16:49:11.042Z,43.0,-69,2,-94,0.0
2026-06-27T16:49:11.045Z,36.2,-69,3,-122,0.0
2026-06-27T16:49:11.048Z,33.2,-69,2,-152,0.0
2026-06-27T16:49:11.050Z,33.2,-69,3,-157,0.0
2026-06-27T16:49:11.052Z,33.2,-69,2,-163,0.0
2026-06-27T16:49:11.054Z,33.2,-69,2,-169,0.0
2026-06-27T16:49:11.055Z,33.2,-69,2,-176,0.0
2026-06-27T16:49:11.057Z,33.2,-69,3,-183,0.0
2026-06-27T16:49:11.058Z,33.2,-69,2,-189,0.0
2026-06-27T16:49:11.060Z,33.2,-69,2,-196,0.0
2026-06-27T16:49:11.061Z,33.2,-69,2,-203,0.0
2026-06-27T16:49:11.062Z,41.0,-69,3,-210,0.0
2026-06-27T16:49:11.160Z,41.5,-69,5,-124,0.0
2026-06-27T16:49:11.161Z,41.5,-69,2,-131,0.0
2026-06-27T16:49:11.163Z,41.5,-69,2,-162,0.0
2026-06-27T16:49:11.164Z,41.9,-68,2,-169,0.0
2026-06-27T16:49:11.165Z,39.4,-68,2,-177,0.0
2026-06-27T16:49:11.168Z,41.9,-68,2,-183,0.0
2026-06-27T16:49:11.169Z,41.9,-68,2,-191,0.0
2026-06-27T16:49:11.171Z,41.9,-68,2,-198,0.0
2026-06-27T16:49:11.172Z,39.4,-68,3,-205,0.0
2026-06-27T16:49:11.173Z,39.4,-68,2,-213,0.0
2026-06-27T16:49:11.174Z,41.9,-68,2,-221,0.0
2026-06-27T16:49:11.175Z,41.5,-68,2,-228,0.0
2026-06-27T16:49:11.219Z,41.0,-68,2,-200,0.0
2026-06-27T16:49:11.226Z,41.0,-68,2,-200,0.0
2026-06-27T16:49:11.230Z,40.6,-69,2,-204,0.0
2026-06-27T16:49:11.700Z,37.3,-69,2,-244,0.0
2026-06-27T16:49:12.204Z,35.8,-70,6,-240,0.0
2026-06-27T16:49:12.700Z,31.4,-71,8,-245,0.0
2026-06-27T16:49:13.206Z,30.6,-68,5,-237,0.0
2026-06-27T16:49:13.695Z,29.9,-68,5,-246,0.0
2026-06-27T16:49:14.198Z,28.5,-69,6,-244,0.0
2026-06-27T16:49:14.706Z,32.2,-68,4,-234,0.0
2026-06-27T16:49:15.196Z,41.5,-76,7,-247,0.0
2026-06-27T16:49:15.702Z,32.2,-68,4,-238,0.0
2026-06-27T16:49:16.200Z,28.0,-64,5,-246,0.0
2026-06-27T16:49:16.698Z,29.3,-64,6,-246,0.0
2026-06-27T16:49:17.197Z,26.2,-63,6,-247,0.0
2026-06-27T16:49:17.700Z,26.5,-62,6,-243,0.0
2026-06-27T16:49:18.197Z,25.7,-68,5,-246,0.0
2026-06-27T16:49:18.695Z,24.8,-71,6,-247,0.0
2026-06-27T16:49:19.192Z,18.1,-72,4,-247,0.0
2026-06-27T16:49:19.699Z,27.1,-70,5,-241,0.0
2026-06-27T16:49:20.193Z,23.9,-73,6,-247,0.0
2026-06-27T16:49:20.697Z,23.6,-72,6,-243,0.0
2026-06-27T16:49:21.199Z,21.6,-74,8,-246,0.0
2026-06-27T16:49:21.697Z,21.3,-77,6,-246,0.0
2026-06-27T16:49:22.197Z,21.3,-75,6,-247,0.0
2026-06-27T16:49:22.697Z,21.3,-67,5,-246,0.0
2026-06-27T16:49:23.196Z,21.3,-74,6,-247,0.0
2026-06-27T16:49:23.698Z,21.3,-77,5,-245,0.0
2026-06-27T16:49:24.196Z,21.3,-75,6,-246,0.0
2026-06-27T16:49:24.698Z,21.3,-71,6,-245,0.0
2026-06-27T16:49:25.197Z,21.3,-71,6,-245,0.0
2026-06-27T16:49:25.697Z,21.3,-70,6,-246,0.0
2026-06-27T16:49:26.203Z,21.3,-73,6,-239,0.0
2026-06-27T16:49:26.694Z,21.3,-70,6,-248,0.0
2026-06-27T16:49:27.202Z,21.3,-78,5,-241,0.0
2026-06-27T16:49:27.690Z,21.3,-79,6,-249,0.0
2026-06-27T16:49:28.209Z,21.3,-63,5,-234,0.0
2026-06-27T16:49:28.696Z,21.3,-69,6,-247,0.0
2026-06-27T16:49:29.200Z,21.3,-64,6,-244,0.0
2026-06-27T16:49:29.701Z,21.3,-66,8,-241,0.0
2026-06-27T16:49:30.195Z,21.3,-71,6,-245,0.0
2026-06-27T16:49:30.700Z,21.3,-60,6,-241,0.0
2026-06-27T16:49:31.220Z,21.3,-61,6,-223,0.0
2026-06-27T16:49:33.244Z,21.3,-63,5,1304,0.0
2026-06-27T16:49:33.537Z,21.3,-78,6,1095,0.0
2026-06-27T16:49:33.542Z,21.3,-77,2,600,0.0
2026-06-27T16:49:33.545Z,21.3,-83,2,106,0.0
2026-06-27T16:49:33.731Z,21.3,-73,3,-212,0.0
2026-06-27T16:49:34.341Z,21.3,-76,6,-103,0.0
2026-06-27T16:49:34.736Z,21.3,-82,3,-206,0.0
2026-06-27T16:49:35.196Z,21.3,-82,6,-246,0.0
2026-06-27T16:49:35.775Z,21.3,-81,6,-167,0.0
2026-06-27T16:49:36.194Z,21.3,-81,5,-248,0.0
2026-06-27T16:49:36.696Z,21.3,-85,6,-244,0.0
2026-06-27T16:49:37.192Z,21.3,-81,6,-248,0.0
2026-06-27T16:49:37.698Z,21.3,-86,6,-244,0.0
2026-06-27T16:49:38.195Z,21.3,-85,9,-248,0.0
2026-06-27T16:49:38.695Z,21.3,-81,6,-248,0.0
2026-06-27T16:49:39.192Z,21.3,-90,6,-247,0.0
2026-06-27T16:49:39.692Z,21.3,-78,6,-248,0.0
2026-06-27T16:49:40.191Z,21.3,-75,6,-249,0.0
2026-06-27T16:49:40.696Z,21.3,-75,5,-247,0.0
2026-06-27T16:49:41.198Z,22.2,-78,6,-242,0.0
2026-06-27T16:49:41.395Z,21.6,-74,6,-148,0.0
2026-06-27T16:49:41.595Z,20.9,-74,3,-47,0.0
2026-06-27T16:49:41.598Z,21.6,-76,4,-142,0.0
2026-06-27T16:49:41.599Z,20.3,-76,3,-240,0.0
2026-06-27T16:49:41.803Z,20.7,-76,7,-140,0.0
2026-06-27T16:49:41.809Z,27.7,-76,3,-234,0.0
2026-06-27T16:49:41.896Z,35.0,-76,5,-246,0.0
2026-06-27T16:49:42.210Z,35.0,-82,7,-32,0.0
2026-06-27T16:49:42.213Z,34.8,-83,3,-127,0.0
2026-06-27T16:49:42.216Z,34.5,-83,2,-225,0.0
2026-06-27T16:49:42.292Z,34.7,-83,2,-249,0.0
2026-06-27T16:49:42.412Z,36.2,-81,5,-228,0.0
2026-06-27T16:49:42.616Z,19.3,-81,3,-123,0.0
2026-06-27T16:49:42.618Z,18.7,-80,3,-221,0.0
2026-06-27T16:49:42.830Z,19.0,-80,3,-113,0.0
2026-06-27T16:49:42.832Z,18.1,-80,2,-207,0.0
2026-06-27T16:49:42.893Z,36.4,-80,3,-247,0.0
2026-06-27T16:49:43.029Z,36.7,-78,5,-212,0.0
2026-06-27T16:49:43.230Z,18.4,-78,3,-110,0.0
2026-06-27T16:49:43.232Z,19.0,-80,3,-208,0.0
2026-06-27T16:49:43.438Z,18.7,-80,3,-105,0.0
2026-06-27T16:49:43.445Z,18.4,-78,3,-197,0.0
2026-06-27T16:49:43.644Z,19.0,-78,2,-98,0.0
2026-06-27T16:49:43.647Z,19.7,-78,3,-192,0.0
2026-06-27T16:49:43.844Z,19.3,-78,2,-95,0.0
2026-06-27T16:49:43.847Z,19.3,-77,3,-193,0.0
2026-06-27T16:49:44.053Z,19.7,-77,2,-90,0.0
2026-06-27T16:49:44.062Z,19.0,-78,3,-180,0.0
2026-06-27T16:49:44.253Z,18.4,-78,3,-85,0.0
2026-06-27T16:49:44.255Z,17.4,-78,3,-184,0.0
2026-06-27T16:49:44.459Z,18.4,-78,2,-79,0.0
2026-06-27T16:49:44.461Z,17.8,-79,3,-178,0.0
2026-06-27T16:49:44.669Z,17.5,-79,2,-72,0.0
2026-06-27T16:49:44.672Z,18.1,-77,3,-168,0.0
2026-06-27T16:49:44.716Z,17.1,-77,2,-222,0.0
2026-06-27T16:49:44.868Z,17.8,-78,3,-171,0.0
2026-06-27T16:49:44.921Z,17.8,-78,3,-218,0.0
2026-06-27T16:49:45.074Z,17.1,-77,3,-166,0.0
2026-06-27T16:49:45.282Z,17.8,-77,3,-60,0.0
2026-06-27T16:49:45.291Z,17.8,-77,3,-151,0.0
2026-06-27T16:49:45.482Z,17.1,-77,2,-56,0.0
2026-06-27T16:49:45.484Z,18.1,-76,3,-155,0.0
2026-06-27T16:49:45.692Z,18.7,-76,2,-50,0.0
2026-06-27T16:49:45.694Z,19.0,-76,3,-145,0.0
2026-06-27T16:49:45.897Z,20.9,-76,2,-45,0.0
2026-06-27T16:49:45.900Z,20.9,-78,5,-141,0.0
2026-06-27T16:49:45.901Z,20.6,-78,3,-238,0.0
2026-06-27T16:49:46.103Z,20.7,-78,3,-140,0.0
2026-06-27T16:49:46.106Z,21.6,-78,3,-234,0.0
2026-06-27T16:49:46.204Z,22.5,-78,3,-240,0.0
2026-06-27T16:49:48.748Z,23.1,-80,3,2208,0.0
2026-06-27T16:49:48.751Z,23.4,-78,3,2111,0.0
2026-06-27T16:49:48.753Z,26.5,-80,3,2014,0.0
2026-06-27T16:49:48.755Z,25.4,-80,2,1915,0.0
2026-06-27T16:49:48.756Z,26.8,-81,2,1817,0.0
2026-06-27T16:49:48.758Z,45.8,-81,2,1716,0.0
2026-06-27T16:49:48.759Z,43.6,-81,3,1619,0.0
2026-06-27T16:49:48.760Z,45.0,-81,2,1519,0.0
2026-06-27T16:49:48.761Z,44.8,-81,3,1421,0.0
2026-06-27T16:49:48.763Z,44.8,-81,2,1322,0.0
2026-06-27T16:49:48.764Z,45.2,-77,3,1224,0.0
2026-06-27T16:49:48.766Z,45.4,-77,2,1124,0.0
2026-06-27T16:49:48.767Z,45.4,-78,3,1027,0.0
2026-06-27T16:49:48.768Z,46.0,-78,2,927,0.0
2026-06-27T16:49:48.771Z,45.8,-78,6,830,0.0
2026-06-27T16:49:48.773Z,46.8,-81,2,731,0.0
2026-06-27T16:49:48.774Z,47.1,-81,3,634,0.0
2026-06-27T16:49:48.775Z,46.6,-81,2,534,0.0
2026-06-27T16:49:48.776Z,48.0,-86,3,435,0.0
2026-06-27T16:49:48.777Z,46.4,-86,2,336,0.0
2026-06-27T16:49:48.778Z,44.6,-93,3,238,0.0
2026-06-27T16:49:48.779Z,37.4,-93,2,139,0.0
2026-06-27T16:49:48.780Z,37.6,-87,2,40,0.0
2026-06-27T16:49:48.781Z,36.7,-87,2,-59,0.0
2026-06-27T16:49:48.782Z,36.9,-83,2,-158,0.0
2026-06-27T16:49:48.965Z,36.7,-83,2,-76,0.0
2026-06-27T16:49:48.968Z,44.6,-81,3,-173,0.0
2026-06-27T16:49:49.169Z,45.8,-81,2,-71,0.0
2026-06-27T16:49:49.171Z,39.9,-78,2,-170,0.0
2026-06-27T16:49:49.379Z,38.5,-78,3,-62,0.0
2026-06-27T16:49:49.382Z,42.6,-78,3,-160,0.0
2026-06-27T16:49:49.577Z,44.8,-78,2,-63,0.0
2026-06-27T16:49:49.579Z,44.8,-79,2,-162,0.0
2026-06-27T16:49:49.791Z,44.4,-79,2,-49,0.0
2026-06-27T16:49:49.793Z,44.8,-78,2,-148,0.0
2026-06-27T16:49:49.989Z,43.4,-78,2,-51,0.0
2026-06-27T16:49:49.992Z,44.2,-78,2,-149,0.0
2026-06-27T16:49:50.040Z,42.8,-78,2,-201,0.0
2026-06-27T16:49:50.197Z,42.8,-79,2,-146,0.0
2026-06-27T16:49:50.200Z,42.4,-78,2,-240,0.0
2026-06-27T16:49:50.408Z,42.6,-78,7,-137,0.0
2026-06-27T16:49:50.415Z,43.6,-78,2,-228,0.0
2026-06-27T16:49:50.500Z,42.6,-78,2,-241,0.0
2026-06-27T16:49:50.607Z,43.4,-78,2,-237,0.0
2026-06-27T16:49:50.813Z,43.2,-78,3,-131,0.0
2026-06-27T16:49:50.821Z,43.0,-77,2,-222,0.0
2026-06-27T16:49:51.025Z,42.4,-77,2,-119,0.0
2026-06-27T16:49:51.028Z,42.4,-78,3,-213,0.0
2026-06-27T16:49:51.221Z,42.8,-78,2,-123,0.0
2026-06-27T16:49:51.225Z,43.0,-77,2,-216,0.0
2026-06-27T16:49:51.425Z,43.2,-77,2,-120,0.0
2026-06-27T16:49:51.428Z,42.6,-76,2,-213,0.0
2026-06-27T16:49:51.628Z,42.6,-76,2,-114,0.0
2026-06-27T16:49:51.630Z,42.6,-76,2,-210,0.0
2026-06-27T16:49:51.688Z,16.2,-76,2,-250,0.0
2026-06-27T16:49:51.831Z,16.8,-76,4,-208,0.0
2026-06-27T16:49:52.037Z,16.5,-76,3,-102,0.0
2026-06-27T16:49:52.041Z,16.2,-75,3,-200,0.0
2026-06-27T16:49:52.241Z,16.8,-75,2,-97,0.0
2026-06-27T16:49:52.243Z,43.2,-75,3,-198,0.0
2026-06-27T16:49:52.450Z,15.9,-75,2,-91,0.0
2026-06-27T16:49:52.457Z,16.5,-75,3,-185,0.0
2026-06-27T16:49:52.662Z,17.5,-75,2,-79,0.0
2026-06-27T16:49:52.665Z,44.0,-77,3,-176,0.0
2026-06-27T16:49:52.859Z,43.2,-77,2,-84,0.0
2026-06-27T16:49:52.866Z,43.2,-77,2,-178,0.0
2026-06-27T16:49:52.906Z,17.5,-77,2,-232,0.0
2026-06-27T16:49:53.067Z,45.2,-79,3,-177,0.0
2026-06-27T16:49:53.264Z,45.4,-78,2,-76,0.0
2026-06-27T16:49:53.265Z,47.5,-76,2,-176,0.0
2026-06-27T16:49:53.473Z,48.1,-76,2,-70,0.0
2026-06-27T16:49:53.476Z,49.3,-77,2,-166,0.0
2026-06-27T16:49:53.679Z,46.4,-77,2,-65,0.0
2026-06-27T16:49:53.686Z,48.3,-78,2,-158,0.0
2026-06-27T16:49:53.884Z,49.1,-78,2,-60,0.0
2026-06-27T16:49:53.886Z,49.5,-80,3,-155,0.0
2026-06-27T16:49:54.087Z,47.8,-80,2,-56,0.0
2026-06-27T16:49:54.090Z,46.4,-80,2,-151,0.0
2026-06-27T16:49:54.297Z,45.4,-80,2,-46,0.0
2026-06-27T16:49:54.299Z,44.4,-79,2,-142,0.0
2026-06-27T16:49:54.302Z,45.6,-79,2,-238,0.0
2026-06-27T16:49:54.502Z,47.2,-78,6,-140,0.0
2026-06-27T16:49:54.503Z,47.8,-78,2,-239,0.0
2026-06-27T16:49:54.605Z,47.5,-78,3,-240,0.0
2026-06-27T16:49:54.697Z,47.0,-78,6,-247,0.0
2026-06-27T16:49:54.907Z,55.7,-77,7,-138,0.0
2026-06-27T16:49:54.910Z,51.2,-77,3,-231,0.0
2026-06-27T16:49:55.114Z,47.5,-77,2,-130,0.0
2026-06-27T16:49:55.117Z,47.5,-76,2,-223,0.0
2026-06-27T16:49:55.317Z,46.8,-76,2,-127,0.0
2026-06-27T16:49:55.323Z,47.1,-79,2,-219,0.0
2026-06-27T16:49:55.397Z,45.0,-79,2,-247,0.0
2026-06-27T16:49:55.518Z,43.6,-80,5,-223,0.0
2026-06-27T16:49:55.594Z,43.6,-79,3,-250,0.0
2026-06-27T16:49:55.723Z,44.0,-77,5,-218,0.0
2026-06-27T16:49:55.791Z,43.4,-78,3,-250,0.0
2026-06-27T16:49:55.937Z,42.8,-77,4,-208,0.0
2026-06-27T16:49:56.137Z,42.6,-77,2,-108,0.0
2026-06-27T16:49:56.139Z,42.6,-75,3,-201,0.0
2026-06-27T16:49:56.340Z,43.2,-75,2,-104,0.0
2026-06-27T16:49:56.342Z,43.0,-74,2,-199,0.0
2026-06-27T16:49:56.544Z,43.2,-74,2,-99,0.0
2026-06-27T16:49:56.547Z,44.4,-74,2,-194,0.0
2026-06-27T16:49:56.752Z,45.0,-74,2,-90,0.0
2026-06-27T16:49:56.757Z,45.2,-74,2,-186,0.0
2026-06-27T16:49:56.957Z,45.8,-74,2,-86,0.0
2026-06-27T16:49:56.960Z,46.8,-73,2,-181,0.0
2026-06-27T16:49:57.166Z,46.4,-73,2,-77,0.0
2026-06-27T16:49:57.174Z,48.1,-75,2,-171,0.0
2026-06-27T16:49:57.363Z,50.0,-75,2,-78,0.0
2026-06-27T16:49:57.365Z,49.1,-77,3,-176,0.0
2026-06-27T16:49:57.589Z,48.8,-77,2,-53,0.0
2026-06-27T16:49:57.592Z,49.1,-80,2,-149,0.0
2026-06-27T16:49:57.775Z,49.1,-80,2,-68,0.0
2026-06-27T16:49:57.777Z,49.1,-84,2,-164,0.0
2026-06-27T16:49:57.980Z,50.0,-84,2,-63,0.0
2026-06-27T16:49:57.983Z,52.0,-84,3,-159,0.0
2026-06-27T16:49:58.699Z,49.8,-84,2,-245,0.0
2026-06-27T16:49:59.006Z,51.8,-83,6,-137,0.0
2026-06-27T16:50:00.598Z,49.8,-86,3,-244,0.0
2026-06-27T16:50:00.846Z,49.6,-81,6,-97,0.0
2026-06-27T16:50:01.047Z,49.8,-81,2,-93,0.0
2026-06-27T16:50:01.050Z,49.8,-79,2,-192,0.0
2026-06-27T16:50:01.294Z,49.5,-79,2,-250,0.0
2026-06-27T16:50:01.460Z,50.0,-78,5,-184,0.0
2026-06-27T16:50:01.507Z,49.6,-79,2,-234,0.0
2026-06-27T16:50:01.666Z,49.8,-80,3,-178,0.0
2026-06-27T16:50:01.871Z,49.5,-82,3,-73,0.0
2026-06-27T16:50:02.095Z,49.8,-84,3,-247,0.0
2026-06-27T16:50:02.503Z,49.1,-85,5,-41,0.0
2026-06-27T16:50:02.510Z,50.0,-86,2,-134,0.0
2026-06-27T16:50:02.691Z,49.1,-86,2,-154,0.0
2026-06-27T16:50:02.898Z,51.3,-87,2,-247,0.0
2026-06-27T16:50:03.100Z,46.8,-82,6,-144,0.0
2026-06-27T16:50:03.103Z,49.8,-82,2,-237,0.0
2026-06-27T16:50:03.194Z,48.6,-82,5,-249,0.0
2026-06-27T16:50:03.515Z,49.3,-82,7,-28,0.0
2026-06-27T16:50:03.524Z,47.5,-84,3,-120,0.0
2026-06-27T16:50:03.527Z,46.6,-85,2,-215,0.0
2026-06-27T16:50:03.711Z,46.0,-85,2,-131,0.0
2026-06-27T16:50:03.714Z,47.2,-86,2,-227,0.0
2026-06-27T16:50:03.836Z,47.4,-86,2,-209,0.0
2026-06-27T16:50:03.929Z,48.7,-88,2,-215,0.0
2026-06-27T16:50:04.130Z,48.0,-88,3,-111,0.0
2026-06-27T16:50:04.132Z,45.8,-90,2,-208,0.0
2026-06-27T16:50:04.328Z,47.0,-90,2,-115,0.0
2026-06-27T16:50:04.331Z,50.1,-87,2,-211,0.0
2026-06-27T16:50:04.390Z,49.3,-87,2,-250,0.0
2026-06-27T16:50:04.535Z,43.8,-83,5,-209,0.0
2026-06-27T16:50:04.589Z,43.0,-83,2,-252,0.0
2026-06-27T16:50:04.733Z,44.2,-83,4,-208,0.0
2026-06-27T16:50:04.791Z,49.8,-82,2,-249,0.0
2026-06-27T16:50:04.943Z,43.4,-81,5,-201,0.0
2026-06-27T16:50:05.146Z,39.6,-78,2,-95,0.0
2026-06-27T16:50:05.150Z,46.0,-78,3,-192,0.0
2026-06-27T16:50:05.349Z,50.8,-78,2,-92,0.0
2026-06-27T16:50:05.353Z,44.6,-80,3,-189,0.0
2026-06-27T16:50:05.553Z,45.6,-80,2,-87,0.0
2026-06-27T16:50:05.555Z,55.9,-80,2,-187,0.0
2026-06-27T16:50:05.762Z,44.4,-80,3,-81,0.0
2026-06-27T16:50:05.769Z,44.4,-77,2,-175,0.0
2026-06-27T16:50:05.968Z,45.0,-77,2,-76,0.0
2026-06-27T16:50:05.970Z,44.8,-76,2,-171,0.0
2026-06-27T16:50:06.172Z,43.4,-76,2,-72,0.0
2026-06-27T16:50:06.179Z,43.4,-77,2,-165,0.0
2026-06-27T16:50:06.381Z,44.8,-77,2,-62,0.0
2026-06-27T16:50:06.388Z,45.4,-82,2,-156,0.0
2026-06-27T16:50:06.578Z,46.8,-82,2,-62,0.0
2026-06-27T16:50:06.580Z,49.3,-84,2,-161,0.0
2026-06-27T16:50:06.783Z,49.1,-84,2,-58,0.0
2026-06-27T16:50:06.786Z,49.5,-85,3,-156,0.0
2026-06-27T16:50:06.996Z,49.5,-85,2,-48,0.0
2026-06-27T16:50:06.999Z,44.0,-83,3,-143,0.0
2026-06-27T16:50:07.000Z,43.4,-83,2,-240,0.0
2026-06-27T16:50:07.196Z,41.5,-82,3,-148,0.0
2026-06-27T16:50:07.198Z,43.0,-83,2,-242,0.0
2026-06-27T16:50:07.402Z,42.8,-81,6,-143,0.0
2026-06-27T16:50:07.407Z,37.4,-81,2,-237,0.0
2026-06-27T16:50:07.497Z,37.6,-81,2,-244,0.0
2026-06-27T16:50:07.603Z,38.3,-82,3,-239,0.0
2026-06-27T16:50:07.812Z,36.9,-83,3,-129,0.0
2026-06-27T16:50:07.814Z,38.0,-82,3,-226,0.0
2026-06-27T16:50:08.018Z,39.2,-82,2,-126,0.0
2026-06-27T16:50:08.026Z,40.3,-81,3,-218,0.0
2026-06-27T16:50:08.218Z,39.4,-81,2,-123,0.0
2026-06-27T16:50:08.221Z,39.4,-80,3,-220,0.0
2026-06-27T16:50:08.425Z,40.1,-80,2,-117,0.0
2026-06-27T16:50:08.427Z,39.9,-81,3,-213,0.0
2026-06-27T16:50:08.493Z,39.6,-81,2,-247,0.0
2026-06-27T16:50:08.634Z,39.9,-82,5,-210,0.0
2026-06-27T16:50:08.689Z,40.6,-83,3,-251,0.0
2026-06-27T16:50:08.832Z,42.6,-84,5,-210,0.0
2026-06-27T16:50:08.891Z,50.0,-85,2,-250,0.0
2026-06-27T16:50:09.093Z,49.8,-83,5,-247,0.0
2026-06-27T16:50:09.294Z,44.0,-84,4,-246,0.0
2026-06-27T16:50:09.452Z,42.6,-85,6,-192,0.0
2026-06-27T16:50:09.659Z,40.8,-85,2,-82,0.0
2026-06-27T16:50:09.662Z,39.6,-87,3,-179,0.0
2026-06-27T16:50:09.714Z,38.7,-87,3,-227,0.0
2026-06-27T16:50:09.854Z,49.1,-85,3,-187,0.0
2026-06-27T16:50:10.073Z,37.7,-84,3,-70,0.0
2026-06-27T16:50:10.081Z,38.5,-82,3,-164,0.0
2026-06-27T16:50:10.268Z,55.8,-82,3,-77,0.0
2026-06-27T16:50:10.270Z,49.3,-80,3,-171,0.0
2026-06-27T16:50:10.317Z,49.1,-80,2,-223,0.0
2026-06-27T16:50:10.473Z,49.3,-80,3,-171,0.0
2026-06-27T16:50:10.678Z,54.9,-79,3,-67,0.0
2026-06-27T16:50:10.884Z,49.3,-79,3,-60,0.0
2026-06-27T16:50:10.892Z,56.5,-80,2,-154,0.0
2026-06-27T16:50:12.777Z,45.8,-80,3,1634,0.0
2026-06-27T16:50:12.781Z,43.8,-81,2,1539,0.0
2026-06-27T16:50:12.782Z,44.0,-81,2,1442,0.0
2026-06-27T16:50:12.784Z,51.5,-80,2,1342,0.0
2026-06-27T16:50:12.785Z,48.9,-80,2,995,0.0
2026-06-27T16:50:12.786Z,49.1,-83,3,946,0.0
2026-06-27T16:50:12.788Z,49.8,-83,2,896,0.0
2026-06-27T16:50:12.789Z,49.1,-83,2,849,0.0
2026-06-27T16:50:12.790Z,49.3,-83,2,799,0.0
2026-06-27T16:50:12.791Z,47.8,-83,2,750,0.0
2026-06-27T16:50:12.792Z,48.3,-83,2,702,0.0
2026-06-27T16:50:12.794Z,47.2,-83,2,654,0.0
2026-06-27T16:50:12.795Z,47.8,-83,2,604,0.0
2026-06-27T16:50:12.796Z,46.6,-89,3,556,0.0
2026-06-27T16:50:12.797Z,47.2,-89,2,507,0.0
2026-06-27T16:50:12.807Z,46.0,-89,5,467,0.0
2026-06-27T16:50:12.808Z,45.8,-89,2,417,0.0
2026-06-27T16:50:12.809Z,45.4,-87,2,369,0.0
2026-06-27T16:50:12.811Z,44.8,-87,2,321,0.0
2026-06-27T16:50:12.812Z,45.0,-87,2,272,0.0
2026-06-27T16:50:12.813Z,44.8,-87,2,222,0.0
2026-06-27T16:50:12.815Z,44.6,-82,3,174,0.0
2026-06-27T16:50:12.817Z,45.4,-82,2,126,0.0
2026-06-27T16:50:12.818Z,44.8,-82,2,78,0.0
2026-06-27T16:50:12.819Z,44.2,-82,2,29,0.0
2026-06-27T16:50:12.820Z,44.0,-82,3,-20,0.0
2026-06-27T16:50:12.927Z,43.0,-82,199,-120,0.0
2026-06-27T16:50:12.929Z,43.2,-81,2,-168,0.0
2026-06-27T16:50:12.931Z,42.4,-78,2,-217,0.0
2026-06-27T16:50:12.979Z,43.0,-78,3,-218,0.0
2026-06-27T16:50:13.136Z,42.2,-76,2,-113,0.0
2026-06-27T16:50:13.148Z,41.5,-76,2,-153,0.0
2026-06-27T16:50:13.152Z,41.7,-73,3,-196,0.0
2026-06-27T16:50:13.157Z,42.6,-73,2,-240,0.0
2026-06-27T16:50:13.339Z,41.9,-72,4,-110,0.0
2026-06-27T16:50:13.347Z,41.7,-72,2,-153,0.0
2026-06-27T16:50:13.349Z,40.8,-72,3,-198,0.0
2026-06-27T16:50:13.386Z,42.4,-72,2,-210,0.0
2026-06-27T16:50:13.546Z,40.3,-73,2,-103,0.0
2026-06-27T16:50:13.549Z,41.7,-73,3,-147,0.0
2026-06-27T16:50:13.550Z,41.0,-75,3,-197,0.0
2026-06-27T16:50:13.752Z,41.5,-75,3,-47,0.0
2026-06-27T16:50:13.755Z,41.9,-76,3,-92,0.0
2026-06-27T16:50:13.756Z,40.8,-76,3,-141,0.0
2026-06-27T16:50:13.757Z,41.2,-76,3,-189,0.0
2026-06-27T16:50:13.758Z,41.2,-76,2,-238,0.0
2026-06-27T16:50:13.953Z,25.9,-75,5,-92,0.0
2026-06-27T16:50:13.954Z,41.5,-75,2,-143,0.0
2026-06-27T16:50:13.956Z,24.8,-75,3,-189,0.0
2026-06-27T16:50:13.958Z,24.5,-75,2,-237,0.0
2026-06-27T16:50:14.058Z,27.1,-75,6,-190,0.0
2026-06-27T16:50:14.066Z,23.4,-72,2,-234,0.0
2026-06-27T16:50:14.161Z,25.1,-72,3,-188,0.0
2026-06-27T16:50:14.168Z,23.1,-72,2,-232,0.0
2026-06-27T16:50:14.216Z,23.1,-72,3,-233,0.0
2026-06-27T16:50:14.362Z,23.1,-72,3,-136,0.0
2026-06-27T16:50:14.370Z,23.1,-72,3,-178,0.0
2026-06-27T16:50:14.373Z,23.4,-72,3,-224,0.0
2026-06-27T16:50:14.413Z,22.8,-72,2,-232,0.0
2026-06-27T16:50:14.568Z,26.8,-72,3,-130,0.0
2026-06-27T16:50:14.576Z,23.1,-72,2,-173,0.0
2026-06-27T16:50:14.578Z,25.7,-72,3,-218,0.0
2026-06-27T16:50:14.774Z,21.9,-72,2,-75,0.0
2026-06-27T16:50:14.782Z,22.5,-72,3,-118,0.0
2026-06-27T16:50:14.788Z,22.2,-72,3,-160,0.0
2026-06-27T16:50:14.789Z,21.3,-72,2,-206,0.0
2026-06-27T16:50:14.978Z,22.2,-72,2,-70,0.0
2026-06-27T16:50:14.986Z,22.8,-70,3,-112,0.0
2026-06-27T16:50:14.987Z,22.2,-70,3,-158,0.0
2026-06-27T16:50:14.989Z,21.6,-70,2,-207,0.0
2026-06-27T16:50:15.180Z,23.1,-70,2,-67,0.0
2026-06-27T16:50:15.184Z,15.9,-71,3,-112,0.0
2026-06-27T16:50:15.186Z,23.4,-71,2,-159,0.0
2026-06-27T16:50:15.187Z,22.5,-71,2,-208,0.0
2026-06-27T16:50:15.399Z,23.1,-71,2,-46,0.0
2026-06-27T16:50:15.401Z,22.2,-71,3,-95,0.0
2026-06-27T16:50:15.403Z,21.9,-71,3,-143,0.0
2026-06-27T16:50:15.404Z,22.5,-71,2,-191,0.0
2026-06-27T16:50:15.595Z,15.9,-71,2,-54,0.0
2026-06-27T16:50:15.602Z,22.2,-70,3,-95,0.0
2026-06-27T16:50:15.605Z,23.1,-70,3,-142,0.0
2026-06-27T16:50:15.607Z,22.2,-70,3,-189,0.0
2026-06-27T16:50:15.798Z,25.1,-70,2,-49,0.0
2026-06-27T16:50:15.801Z,22.5,-69,2,-94,0.0
2026-06-27T16:50:15.803Z,22.5,-69,3,-143,0.0
2026-06-27T16:50:15.804Z,22.5,-69,3,-191,0.0
2026-06-27T16:50:16.005Z,22.5,-69,2,-44,0.0
2026-06-27T16:50:16.008Z,24.2,-69,5,-88,0.0
2026-06-27T16:50:16.009Z,22.2,-69,3,-137,0.0
2026-06-27T16:50:16.010Z,24.8,-69,3,-185,0.0
2026-06-27T16:50:16.011Z,22.8,-69,2,-234,0.0
2026-06-27T16:50:16.210Z,23.6,-69,4,-89,0.0
2026-06-27T16:50:16.215Z,23.4,-69,3,-133,0.0
2026-06-27T16:50:16.220Z,23.4,-69,3,-177,0.0
2026-06-27T16:50:16.222Z,23.1,-69,2,-224,0.0
2026-06-27T16:50:16.261Z,22.8,-69,2,-237,0.0
2026-06-27T16:50:16.409Z,23.4,-71,3,-138,0.0
2026-06-27T16:50:16.412Z,25.9,-71,3,-184,0.0
2026-06-27T16:50:16.413Z,23.1,-71,2,-232,0.0
2026-06-27T16:50:16.614Z,23.1,-71,2,-81,0.0
2026-06-27T16:50:16.617Z,23.1,-71,3,-129,0.0
2026-06-27T16:50:16.618Z,24.5,-71,3,-177,0.0
2026-06-27T16:50:16.619Z,23.6,-71,2,-226,0.0
2026-06-27T16:50:16.667Z,23.6,-71,2,-229,0.0
2026-06-27T16:50:16.821Z,24.5,-72,3,-127,0.0
2026-06-27T16:50:16.825Z,26.2,-72,2,-172,0.0
2026-06-27T16:50:16.826Z,28.0,-72,2,-219,0.0
2026-06-27T16:50:16.873Z,28.8,-72,2,-225,0.0
2026-06-27T16:50:17.033Z,26.2,-73,2,-112,0.0
2026-06-27T16:50:17.036Z,24.5,-73,2,-161,0.0
2026-06-27T16:50:17.037Z,26.5,-74,3,-208,0.0
2026-06-27T16:50:17.092Z,29.9,-74,2,-203,0.0
2026-06-27T16:50:17.232Z,25.1,-73,3,-114,0.0
2026-06-27T16:50:17.235Z,25.4,-73,2,-161,0.0
2026-06-27T16:50:17.237Z,29.9,-75,2,-209,0.0
2026-06-27T16:50:17.438Z,29.3,-75,2,-61,0.0
2026-06-27T16:50:17.446Z,28.8,-75,2,-102,0.0
2026-06-27T16:50:17.447Z,41.7,-75,2,-149,0.0
2026-06-27T16:50:17.449Z,40.8,-75,2,-198,0.0
2026-06-27T16:50:17.637Z,41.0,-75,2,-61,0.0
2026-06-27T16:50:17.641Z,40.6,-77,3,-107,0.0
2026-06-27T16:50:17.643Z,41.3,-77,3,-154,0.0
2026-06-27T16:50:17.645Z,41.2,-77,3,-202,0.0
2026-06-27T16:50:17.845Z,42.2,-77,2,-54,0.0
2026-06-27T16:50:17.854Z,41.0,-73,2,-95,0.0
2026-06-27T16:50:17.857Z,41.0,-73,3,-142,0.0
2026-06-27T16:50:17.860Z,42.4,-73,3,-187,0.0
2026-06-27T16:50:18.050Z,40.3,-73,2,-51,0.0
2026-06-27T16:50:18.054Z,40.8,-73,3,-93,0.0
2026-06-27T16:50:18.055Z,41.7,-73,3,-142,0.0
2026-06-27T16:50:18.056Z,42.2,-73,3,-190,0.0
2026-06-27T16:50:18.057Z,43.2,-73,2,-239,0.0
2026-06-27T16:50:18.097Z,41.5,-74,2,-250,0.0
2026-06-27T16:50:18.249Z,47.4,-74,2,-147,0.0
2026-06-27T16:50:18.251Z,45.4,-74,2,-196,0.0
2026-06-27T16:50:18.252Z,40.8,-77,2,-244,0.0
2026-06-27T16:50:18.362Z,42.6,-77,5,-185,0.0
2026-06-27T16:50:18.365Z,46.2,-81,2,-232,0.0
2026-06-27T16:50:18.461Z,35.8,-81,2,-186,0.0
2026-06-27T16:50:18.466Z,35.5,-83,3,-232,0.0
2026-06-27T16:50:18.661Z,37.4,-83,3,-86,0.0
2026-06-27T16:50:18.663Z,35.8,-83,3,-133,0.0
2026-06-27T16:50:18.666Z,44.4,-83,2,-181,0.0
2026-06-27T16:50:18.667Z,42.8,-83,2,-229,0.0
2026-06-27T16:50:18.872Z,41.0,-83,2,-79,0.0
2026-06-27T16:50:18.874Z,43.0,-79,2,-123,0.0
2026-06-27T16:50:18.875Z,43.0,-79,2,-171,0.0
2026-06-27T16:50:18.877Z,43.8,-79,2,-219,0.0
2026-06-27T16:50:18.919Z,45.2,-79,2,-227,0.0
2026-06-27T16:50:19.079Z,43.8,-83,2,-117,0.0
2026-06-27T16:50:19.082Z,43.4,-83,2,-165,0.0
2026-06-27T16:50:19.083Z,43.8,-81,2,-213,0.0
2026-06-27T16:50:19.275Z,42.8,-81,2,-72,0.0
2026-06-27T16:50:19.278Z,41.0,-78,2,-120,0.0
2026-06-27T16:50:19.280Z,43.6,-78,3,-167,0.0
2026-06-27T16:50:19.281Z,42.1,-78,2,-215,0.0
2026-06-27T16:50:19.479Z,41.7,-78,2,-67,0.0
2026-06-27T16:50:19.481Z,40.8,-74,2,-116,0.0
2026-06-27T16:50:19.483Z,39.9,-74,3,-163,0.0
2026-06-27T16:50:19.484Z,39.9,-74,2,-212,0.0
2026-06-27T16:50:19.684Z,39.4,-74,2,-63,0.0
2026-06-27T16:50:19.687Z,39.4,-74,3,-111,0.0
2026-06-27T16:50:19.688Z,39.9,-74,3,-158,0.0
2026-06-27T16:50:19.690Z,40.8,-74,2,-206,0.0
2026-06-27T16:50:19.899Z,39.2,-74,2,-50,0.0
2026-06-27T16:50:19.902Z,39.2,-75,3,-94,0.0
2026-06-27T16:50:19.903Z,39.2,-75,3,-144,0.0
2026-06-27T16:50:19.904Z,39.2,-75,3,-192,0.0
2026-06-27T16:50:20.104Z,42.1,-75,2,-45,0.0
2026-06-27T16:50:20.107Z,41.2,-74,2,-89,0.0
2026-06-27T16:50:20.108Z,40.3,-74,3,-139,0.0
2026-06-27T16:50:20.109Z,39.9,-74,3,-187,0.0
2026-06-27T16:50:20.110Z,42.4,-74,2,-236,0.0
2026-06-27T16:50:20.309Z,41.9,-75,2,-89,0.0
2026-06-27T16:50:20.312Z,41.9,-75,2,-135,0.0
2026-06-27T16:50:20.313Z,43.8,-75,3,-183,0.0
2026-06-27T16:50:20.314Z,42.6,-75,2,-232,0.0
2026-06-27T16:50:20.507Z,42.4,-75,5,-93,0.0
2026-06-27T16:50:20.515Z,42.4,-74,2,-135,0.0
2026-06-27T16:50:20.517Z,43.2,-74,3,-180,0.0
2026-06-27T16:50:20.520Z,40.1,-74,2,-227,0.0
2026-06-27T16:50:20.559Z,35.5,-74,2,-240,0.0
2026-06-27T16:50:20.712Z,35.5,-72,3,-136,0.0
2026-06-27T16:50:20.722Z,41.5,-72,3,-179,0.0
2026-06-27T16:50:20.726Z,34.0,-73,3,-223,0.0
2026-06-27T16:50:20.924Z,33.5,-73,3,-74,0.0
2026-06-27T16:50:20.933Z,32.2,-73,3,-116,0.0
2026-06-27T16:50:20.936Z,31.7,-73,2,-161,0.0
2026-06-27T16:50:20.939Z,31.1,-73,2,-207,0.0
2026-06-27T16:50:21.122Z,30.6,-73,2,-77,0.0
2026-06-27T16:50:21.124Z,38.3,-83,2,-123,0.0
2026-06-27T16:50:21.126Z,37.8,-83,3,-170,0.0
2026-06-27T16:50:21.128Z,37.3,-83,2,-218,0.0
2026-06-27T16:50:21.323Z,37.3,-83,2,-73,0.0
2026-06-27T16:50:21.326Z,36.9,-79,3,-121,0.0
2026-06-27T16:50:21.327Z,36.4,-79,3,-169,0.0
2026-06-27T16:50:21.329Z,36.4,-79,3,-218,0.0
2026-06-27T16:50:21.530Z,36.9,-79,2,-69,0.0
2026-06-27T16:50:21.534Z,35.8,-75,3,-113,0.0
2026-06-27T16:50:21.535Z,35.8,-75,2,-161,0.0
2026-06-27T16:50:21.536Z,35.5,-75,3,-210,0.0
2026-06-27T16:50:21.732Z,34.5,-75,3,-64,0.0
2026-06-27T16:50:21.735Z,33.2,-72,3,-112,0.0
2026-06-27T16:50:21.738Z,33.7,-72,2,-159,0.0
2026-06-27T16:50:21.740Z,33.5,-72,2,-207,0.0
2026-06-27T16:50:21.782Z,33.2,-72,3,-213,0.0
2026-06-27T16:50:21.945Z,34.2,-68,3,-103,0.0
2026-06-27T16:50:21.954Z,34.8,-68,3,-143,0.0
2026-06-27T16:50:21.957Z,34.5,-68,2,-190,0.0
2026-06-27T16:50:22.151Z,35.5,-68,2,-44,0.0
2026-06-27T16:50:22.153Z,35.3,-69,3,-92,0.0
2026-06-27T16:50:22.155Z,35.5,-69,2,-142,0.0
2026-06-27T16:50:22.156Z,35.5,-69,2,-190,0.0
2026-06-27T16:50:22.158Z,36.2,-69,3,-238,0.0
2026-06-27T16:50:22.206Z,35.8,-72,3,-239,0.0
2026-06-27T16:50:22.347Z,22.8,-72,3,-148,0.0
2026-06-27T16:50:22.350Z,20.6,-72,3,-197,0.0
2026-06-27T16:50:22.351Z,20.9,-72,3,-245,0.0
2026-06-27T16:50:22.560Z,18.7,-71,3,-87,0.0
2026-06-27T16:50:22.567Z,20.3,-71,2,-131,0.0
2026-06-27T16:50:22.574Z,19.3,-71,3,-174,0.0
2026-06-27T16:50:22.577Z,20.0,-71,3,-220,0.0
2026-06-27T16:50:22.757Z,19.7,-71,2,-89,0.0
2026-06-27T16:50:22.759Z,20.6,-70,3,-137,0.0
2026-06-27T16:50:22.760Z,19.7,-70,3,-185,0.0
2026-06-27T16:50:22.761Z,21.0,-70,3,-234,0.0
2026-06-27T16:50:22.812Z,20.3,-70,2,-233,0.0
2026-06-27T16:50:22.962Z,19.4,-70,3,-132,0.0
2026-06-27T16:50:22.965Z,20.3,-70,3,-181,0.0
2026-06-27T16:50:22.968Z,19.3,-69,3,-228,0.0
2026-06-27T16:50:23.168Z,19.3,-69,3,-77,0.0
2026-06-27T16:50:23.170Z,20.3,-69,3,-125,0.0
2026-06-27T16:50:23.171Z,20.3,-69,3,-174,0.0
2026-06-27T16:50:23.173Z,20.0,-69,3,-222,0.0
2026-06-27T16:50:23.373Z,20.3,-69,2,-75,0.0
2026-06-27T16:50:23.376Z,20.3,-70,3,-119,0.0
2026-06-27T16:50:23.378Z,22.5,-70,3,-168,0.0
2026-06-27T16:50:23.379Z,22.2,-70,2,-216,0.0
2026-06-27T16:50:23.574Z,40.1,-70,2,-72,0.0
2026-06-27T16:50:23.577Z,22.8,-71,3,-120,0.0
2026-06-27T16:50:23.578Z,22.5,-71,3,-167,0.0
2026-06-27T16:50:23.579Z,22.5,-71,2,-216,0.0
2026-06-27T16:50:23.781Z,21.6,-71,2,-64,0.0
2026-06-27T16:50:23.784Z,22.8,-72,3,-112,0.0
2026-06-27T16:50:23.786Z,21.6,-72,3,-159,0.0
2026-06-27T16:50:23.787Z,39.2,-72,2,-209,0.0
2026-06-27T16:50:23.994Z,38.7,-72,2,-54,0.0
2026-06-27T16:50:24.003Z,38.3,-71,3,-96,0.0
2026-06-27T16:50:24.007Z,39.4,-71,3,-141,0.0
2026-06-27T16:50:24.010Z,39.4,-71,2,-188,0.0
2026-06-27T16:50:24.196Z,39.4,-71,2,-53,0.0
2026-06-27T16:50:24.199Z,39.4,-71,3,-98,0.0
2026-06-27T16:50:24.200Z,39.0,-71,3,-147,0.0
2026-06-27T16:50:24.201Z,39.4,-71,2,-195,0.0
2026-06-27T16:50:24.244Z,39.4,-71,2,-202,0.0
2026-06-27T16:50:24.247Z,39.4,-70,3,-250,0.0
2026-06-27T16:50:24.406Z,39.0,-70,3,-143,0.0
2026-06-27T16:50:24.410Z,39.4,-70,3,-189,0.0
2026-06-27T16:50:24.411Z,39.4,-70,3,-235,0.0
2026-06-27T16:50:24.604Z,39.4,-74,3,-94,0.0
2026-06-27T16:50:24.607Z,39.4,-74,3,-140,0.0
2026-06-27T16:50:24.609Z,39.4,-74,3,-188,0.0
2026-06-27T16:50:24.610Z,39.4,-74,2,-236,0.0
2026-06-27T16:50:24.705Z,39.4,-74,6,-193,0.0
2026-06-27T16:50:24.711Z,39.4,-78,3,-238,0.0
2026-06-27T16:50:24.809Z,39.4,-78,3,-191,0.0
2026-06-27T16:50:24.816Z,39.0,-73,3,-234,0.0
2026-06-27T16:50:25.013Z,39.4,-73,3,-86,0.0
2026-06-27T16:50:25.021Z,39.4,-73,3,-129,0.0
2026-06-27T16:50:25.024Z,39.4,-73,3,-174,0.0
2026-06-27T16:50:25.027Z,39.4,-73,2,-220,0.0
2026-06-27T16:50:25.218Z,39.4,-73,2,-80,0.0
2026-06-27T16:50:25.226Z,39.4,-75,3,-124,0.0
2026-06-27T16:50:25.227Z,39.0,-75,3,-169,0.0
2026-06-27T16:50:25.228Z,39.4,-75,2,-218,0.0
2026-06-27T16:50:25.266Z,39.4,-75,2,-230,0.0
2026-06-27T16:50:25.455Z,39.4,-77,3,-94,0.0
2026-06-27T16:50:25.460Z,39.0,-77,3,-138,0.0
2026-06-27T16:50:25.461Z,39.4,-78,3,-185,0.0
2026-06-27T16:50:25.462Z,39.4,-78,2,-234,0.0
2026-06-27T16:50:25.647Z,39.4,-87,3,-103,0.0
2026-06-27T16:50:25.651Z,39.4,-87,3,-147,0.0
2026-06-27T16:50:25.652Z,39.4,-87,3,-194,0.0
2026-06-27T16:50:25.834Z,39.9,-87,2,-63,0.0
2026-06-27T16:50:25.836Z,39.4,-89,2,-110,0.0
2026-06-27T16:50:25.837Z,39.4,-89,2,-160,0.0
2026-06-27T16:50:25.839Z,39.4,-89,3,-207,0.0
2026-06-27T16:50:25.884Z,39.4,-89,2,-212,0.0
2026-06-27T16:50:26.044Z,39.4,-80,3,-105,0.0
2026-06-27T16:50:26.047Z,39.4,-80,3,-149,0.0
2026-06-27T16:50:26.048Z,39.4,-79,3,-199,0.0
2026-06-27T16:50:26.244Z,39.4,-79,3,-56,0.0
2026-06-27T16:50:26.254Z,39.4,-81,3,-95,0.0
2026-06-27T16:50:26.258Z,39.0,-81,3,-142,0.0
2026-06-27T16:50:26.260Z,39.4,-81,3,-187,0.0
2026-06-27T16:50:26.449Z,39.4,-81,2,-51,0.0
2026-06-27T16:50:26.452Z,39.4,-77,2,-94,0.0
2026-06-27T16:50:26.453Z,39.0,-77,3,-144,0.0
2026-06-27T16:50:26.454Z,39.0,-77,3,-192,0.0
2026-06-27T16:50:26.656Z,39.4,-77,2,-43,0.0
2026-06-27T16:50:26.662Z,39.4,-77,5,-86,0.0
2026-06-27T16:50:26.665Z,39.4,-77,3,-133,0.0
2026-06-27T16:50:26.668Z,39.4,-77,3,-179,0.0
2026-06-27T16:50:26.670Z,39.4,-77,2,-227,0.0
2026-06-27T16:50:26.964Z,39.4,-85,3,17,0.0
2026-06-27T16:50:26.965Z,39.4,-85,3,-32,0.0
2026-06-27T16:50:26.967Z,39.4,-85,3,-79,0.0
2026-06-27T16:50:26.968Z,39.4,-85,2,-128,0.0
2026-06-27T16:50:26.969Z,39.4,-85,3,-177,0.0
2026-06-27T16:50:26.970Z,39.4,-85,2,-226,0.0
2026-06-27T16:50:27.023Z,39.4,-85,2,-223,0.0
2026-06-27T16:50:27.282Z,39.9,-88,3,-15,0.0
2026-06-27T16:50:27.284Z,39.4,-88,3,-63,0.0
2026-06-27T16:50:27.286Z,39.4,-87,3,-111,0.0
2026-06-27T16:50:27.287Z,39.4,-87,2,-159,0.0
2026-06-27T16:50:27.288Z,39.4,-87,2,-208,0.0
2026-06-27T16:50:27.476Z,39.4,-87,2,-72,0.0
2026-06-27T16:50:27.481Z,39.4,-85,3,-118,0.0
2026-06-27T16:50:27.484Z,39.4,-85,3,-163,0.0
2026-06-27T16:50:27.487Z,39.4,-85,2,-211,0.0
2026-06-27T16:50:27.673Z,39.4,-85,2,-74,0.0
2026-06-27T16:50:27.675Z,39.4,-77,3,-122,0.0
2026-06-27T16:50:27.676Z,39.4,-77,3,-170,0.0
2026-06-27T16:50:27.678Z,39.4,-77,2,-219,0.0
2026-06-27T16:50:27.887Z,39.4,-77,2,-65,0.0
2026-06-27T16:50:27.897Z,39.4,-77,3,-104,0.0
2026-06-27T16:50:27.900Z,39.4,-77,3,-147,0.0
2026-06-27T16:50:27.904Z,39.0,-77,2,-193,0.0
2026-06-27T16:50:28.084Z,39.0,-77,2,-65,0.0
2026-06-27T16:50:28.087Z,39.4,-76,3,-111,0.0
2026-06-27T16:50:28.088Z,39.4,-76,3,-158,0.0
2026-06-27T16:50:28.089Z,39.0,-76,2,-207,0.0
2026-06-27T16:50:28.301Z,39.0,-76,2,-45,0.0
2026-06-27T16:50:28.304Z,39.0,-75,3,-94,0.0
2026-06-27T16:50:28.305Z,39.0,-75,3,-141,0.0
2026-06-27T16:50:28.306Z,38.9,-75,2,-190,0.0
2026-06-27T16:50:28.314Z,39.0,-75,2,-233,0.0
2026-06-27T16:50:28.499Z,39.4,-78,3,-97,0.0
2026-06-27T16:50:28.501Z,38.9,-78,3,-146,0.0
2026-06-27T16:50:28.502Z,39.0,-78,3,-194,0.0
2026-06-27T16:50:28.504Z,39.4,-78,2,-242,0.0
2026-06-27T16:50:28.698Z,39.0,-78,3,-99,0.0
2026-06-27T16:50:28.700Z,38.9,-78,3,-147,0.0
2026-06-27T16:50:28.701Z,39.4,-78,3,-195,0.0
2026-06-27T16:50:28.703Z,39.4,-78,2,-243,0.0
2026-06-27T16:50:28.906Z,39.0,-86,6,-94,0.0
2026-06-27T16:50:28.913Z,39.4,-86,2,-136,0.0
2026-06-27T16:50:28.916Z,39.0,-86,3,-182,0.0
2026-06-27T16:50:28.919Z,39.4,-86,2,-229,0.0
2026-06-27T16:50:29.006Z,39.4,-86,3,-194,0.0
2026-06-27T16:50:29.015Z,39.0,-73,3,-235,0.0
2026-06-27T16:50:29.115Z,39.0,-73,3,-184,0.0
2026-06-27T16:50:29.124Z,39.0,-84,3,-226,0.0
2026-06-27T16:50:29.178Z,39.4,-84,3,-221,0.0
2026-06-27T16:50:29.315Z,39.4,-84,3,-134,0.0
2026-06-27T16:50:29.324Z,39.0,-84,3,-176,0.0
2026-06-27T16:50:29.325Z,39.4,-91,3,-221,0.0
2026-06-27T16:50:29.376Z,39.4,-91,2,-220,0.0
2026-06-27T16:50:29.519Z,39.4,-91,3,-131,0.0
2026-06-27T16:50:29.521Z,39.4,-91,3,-176,0.0
2026-06-27T16:50:29.522Z,39.4,-91,3,-224,0.0
2026-06-27T16:50:29.727Z,39.4,-91,2,-72,0.0
2026-06-27T16:50:29.735Z,39.4,-86,3,-115,0.0
2026-06-27T16:50:29.741Z,39.4,-86,3,-157,0.0
2026-06-27T16:50:29.744Z,39.4,-86,2,-203,0.0
2026-06-27T16:50:29.927Z,39.9,-86,2,-72,0.0
2026-06-27T16:50:29.930Z,39.4,-75,3,-118,0.0
2026-06-27T16:50:29.931Z,39.4,-75,3,-165,0.0
2026-06-27T16:50:29.932Z,39.4,-75,2,-214,0.0
2026-06-27T16:50:30.132Z,39.4,-75,2,-67,0.0
2026-06-27T16:50:30.142Z,39.4,-71,3,-108,0.0
2026-06-27T16:50:30.145Z,39.4,-71,3,-153,0.0
2026-06-27T16:50:30.148Z,39.4,-71,2,-200,0.0
2026-06-27T16:50:30.371Z,39.4,-71,2,-29,0.0
2026-06-27T16:50:30.373Z,39.4,-73,3,-74,0.0
2026-06-27T16:50:30.374Z,39.4,-73,3,-122,0.0
2026-06-27T16:50:30.375Z,39.4,-73,2,-170,0.0
2026-06-27T16:50:30.578Z,39.4,-73,2,-22,0.0
2026-06-27T16:50:30.580Z,39.4,-83,5,-66,0.0
2026-06-27T16:50:30.581Z,39.4,-83,3,-116,0.0
2026-06-27T16:50:30.582Z,39.4,-83,3,-164,0.0
2026-06-27T16:50:30.583Z,39.9,-83,2,-213,0.0
2026-06-27T16:50:30.748Z,39.4,-81,3,-98,0.0
2026-06-27T16:50:30.750Z,39.4,-81,3,-147,0.0
2026-06-27T16:50:30.751Z,39.4,-81,3,-195,0.0
2026-06-27T16:50:30.956Z,39.4,-81,2,-43,0.0
2026-06-27T16:50:30.963Z,39.9,-76,6,-85,0.0
2026-06-27T16:50:30.965Z,39.4,-76,3,-133,0.0
2026-06-27T16:50:30.967Z,39.4,-76,3,-179,0.0
2026-06-27T16:50:30.969Z,39.4,-76,2,-227,0.0
2026-06-27T16:50:31.609Z,39.4,-76,6,360,0.0
2026-06-27T16:50:31.612Z,39.4,-79,3,315,0.0
2026-06-27T16:50:31.613Z,39.9,-79,3,267,0.0
2026-06-27T16:50:31.616Z,39.4,-79,2,219,0.0
2026-06-27T16:50:31.617Z,39.4,-79,2,171,0.0
2026-06-27T16:50:31.618Z,39.4,-90,3,122,0.0
2026-06-27T16:50:31.619Z,39.4,-90,2,73,0.0
2026-06-27T16:50:31.620Z,39.4,-90,2,24,0.0
2026-06-27T16:50:31.621Z,39.4,-90,2,-25,0.0
2026-06-27T16:50:31.622Z,39.4,-88,2,-74,0.0
2026-06-27T16:50:31.623Z,39.4,-88,2,-123,0.0
2026-06-27T16:50:31.624Z,39.4,-88,2,-172,0.0
2026-06-27T16:50:31.773Z,39.4,-88,2,-76,0.0
2026-06-27T16:50:31.776Z,39.4,-83,6,-121,0.0
2026-06-27T16:50:31.778Z,39.4,-83,3,-169,0.0
2026-06-27T16:50:31.779Z,39.4,-81,3,-217,0.0
2026-06-27T16:50:31.823Z,39.4,-81,2,-223,0.0
2026-06-27T16:50:31.976Z,39.4,-79,3,-120,0.0
2026-06-27T16:50:31.978Z,39.4,-79,3,-169,0.0
2026-06-27T16:50:31.980Z,39.4,-74,3,-217,0.0
2026-06-27T16:50:32.183Z,39.9,-74,2,-66,0.0
2026-06-27T16:50:32.186Z,39.9,-85,3,-112,0.0
2026-06-27T16:50:32.187Z,39.4,-85,3,-159,0.0
2026-06-27T16:50:32.188Z,39.4,-85,2,-208,0.0
2026-06-27T16:50:32.390Z,39.4,-85,2,-56,0.0
2026-06-27T16:50:32.393Z,39.4,-74,3,-105,0.0
2026-06-27T16:50:32.394Z,39.4,-74,3,-152,0.0
2026-06-27T16:50:32.395Z,39.4,-74,2,-201,0.0
2026-06-27T16:50:32.590Z,39.4,-74,2,-59,0.0
2026-06-27T16:50:32.594Z,39.4,-81,3,-102,0.0
2026-06-27T16:50:32.595Z,39.4,-81,3,-152,0.0
2026-06-27T16:50:32.596Z,39.4,-81,3,-200,0.0
2026-06-27T16:50:32.804Z,39.4,-81,2,-45,0.0
2026-06-27T16:50:32.808Z,39.4,-76,3,-88,0.0
2026-06-27T16:50:32.810Z,39.4,-76,3,-137,0.0
2026-06-27T16:50:32.811Z,39.9,-76,3,-185,0.0
2026-06-27T16:50:32.812Z,39.4,-76,2,-234,0.0
2026-06-27T16:50:32.859Z,39.4,-81,3,-241,0.0
2026-06-27T16:50:33.001Z,39.4,-81,3,-148,0.0
2026-06-27T16:50:33.003Z,39.4,-74,3,-194,0.0
2026-06-27T16:50:33.004Z,39.4,-74,3,-243,0.0
2026-06-27T16:50:33.244Z,39.4,-79,7,-52,0.0
2026-06-27T16:50:33.245Z,39.4,-79,3,-102,0.0
2026-06-27T16:50:33.247Z,39.4,-79,3,-149,0.0
2026-06-27T16:50:33.248Z,39.4,-79,2,-198,0.0
2026-06-27T16:50:33.412Z,39.4,-79,3,-85,0.0
2026-06-27T16:50:33.414Z,39.4,-87,3,-133,0.0
2026-06-27T16:50:33.417Z,39.4,-87,3,-180,0.0
2026-06-27T16:50:33.418Z,39.9,-75,2,-228,0.0
2026-06-27T16:50:33.632Z,39.9,-75,2,-67,0.0
2026-06-27T16:50:33.635Z,39.4,-79,3,-112,0.0
2026-06-27T16:50:33.636Z,39.4,-79,3,-160,0.0
2026-06-27T16:50:33.637Z,39.4,-79,2,-209,0.0
2026-06-27T16:50:36.293Z,39.4,-79,2,2393,0.0
2026-06-27T16:50:36.300Z,39.4,-77,3,2350,0.0
2026-06-27T16:50:36.310Z,39.4,-77,3,2311,0.0
2026-06-27T16:50:36.313Z,39.4,-77,2,2265,0.0
2026-06-27T16:50:36.316Z,39.4,-77,2,2218,0.0
2026-06-27T16:50:36.318Z,39.9,-75,3,2170,0.0
2026-06-27T16:50:36.320Z,39.4,-75,3,2123,0.0
2026-06-27T16:50:36.322Z,39.4,-75,2,2075,0.0
2026-06-27T16:50:36.323Z,39.4,-75,2,2027,0.0
2026-06-27T16:50:36.324Z,39.4,-84,2,1979,0.0
2026-06-27T16:50:36.326Z,39.4,-84,2,1930,0.0
2026-06-27T16:50:36.327Z,39.4,-84,2,1881,0.0
2026-06-27T16:50:36.328Z,39.4,-84,2,1832,0.0
2026-06-27T16:50:36.329Z,39.4,-83,2,1783,0.0
2026-06-27T16:50:36.330Z,39.4,-83,2,1734,0.0
2026-06-27T16:50:36.331Z,39.4,-83,2,1685,0.0
2026-06-27T16:50:36.332Z,39.4,-83,2,1636,0.0
2026-06-27T16:50:36.334Z,39.4,-79,5,1588,0.0
2026-06-27T16:50:36.336Z,39.4,-79,3,1540,0.0
2026-06-27T16:50:36.337Z,39.9,-81,3,1490,0.0
2026-06-27T16:50:36.339Z,39.4,-81,3,1442,0.0
2026-06-27T16:50:36.340Z,39.4,-87,2,1394,0.0
2026-06-27T16:50:36.341Z,39.4,-87,2,1345,0.0
2026-06-27T16:50:36.342Z,39.4,-87,2,1296,0.0
2026-06-27T16:50:36.343Z,39.9,-87,2,1247,0.0
2026-06-27T16:50:36.344Z,39.4,-75,2,1198,0.0
2026-06-27T16:50:36.487Z,39.4,-75,1416,-82,0.0
2026-06-27T16:50:36.489Z,39.4,-75,2,-130,0.0
2026-06-27T16:50:36.490Z,39.4,-75,2,-180,0.0
2026-06-27T16:50:36.492Z,39.4,-77,3,-227,0.0
2026-06-27T16:50:36.687Z,39.4,-77,2,-85,0.0
2026-06-27T16:50:36.695Z,39.4,-86,3,-127,0.0
2026-06-27T16:50:36.698Z,39.4,-86,3,-173,0.0
2026-06-27T16:50:36.700Z,39.4,-86,2,-220,0.0
2026-06-27T16:50:36.740Z,39.4,-86,2,-229,0.0
2026-06-27T16:50:36.890Z,39.4,-77,3,-132,0.0
2026-06-27T16:50:36.893Z,39.4,-77,3,-177,0.0
2026-06-27T16:50:36.895Z,39.4,-82,3,-224,0.0
2026-06-27T16:50:37.189Z,39.4,-82,2,17,0.0
2026-06-27T16:50:37.197Z,39.0,-73,3,-25,0.0
2026-06-27T16:50:37.200Z,39.4,-73,3,-71,0.0
2026-06-27T16:50:37.202Z,39.4,-73,2,-118,0.0
2026-06-27T16:50:37.299Z,39.0,-73,2,-71,0.0
2026-06-27T16:50:37.302Z,39.4,-78,3,-119,0.0
2026-06-27T16:50:37.305Z,39.4,-78,3,-165,0.0
2026-06-27T16:50:37.307Z,39.4,-78,2,-213,0.0
2026-06-27T16:50:37.505Z,39.4,-78,2,-64,0.0
2026-06-27T16:50:37.508Z,39.4,-71,3,-113,0.0
2026-06-27T16:50:37.510Z,39.4,-71,3,-159,0.0
2026-06-27T16:50:37.511Z,39.4,-71,2,-208,0.0
2026-06-27T16:50:37.710Z,39.4,-71,2,-63,0.0
2026-06-27T16:50:37.712Z,39.4,-70,3,-107,0.0
2026-06-27T16:50:37.715Z,39.4,-70,3,-156,0.0
2026-06-27T16:50:37.717Z,39.4,-70,3,-203,0.0
2026-06-27T16:50:37.925Z,39.4,-70,2,-47,0.0
2026-06-27T16:50:37.933Z,39.4,-67,3,-89,0.0
2026-06-27T16:50:37.936Z,39.4,-67,3,-136,0.0
2026-06-27T16:50:37.938Z,39.4,-67,3,-182,0.0
2026-06-27T16:50:37.941Z,39.4,-67,2,-229,0.0
2026-06-27T16:50:38.118Z,39.9,-84,3,-103,0.0
2026-06-27T16:50:38.121Z,39.4,-84,3,-149,0.0
2026-06-27T16:50:38.123Z,39.9,-84,3,-197,0.0
2026-06-27T16:50:38.124Z,39.4,-84,2,-245,0.0
2026-06-27T16:50:38.343Z,39.9,-77,6,-79,0.0
2026-06-27T16:50:38.349Z,39.4,-77,3,-125,0.0
2026-06-27T16:50:38.355Z,39.4,-77,3,-166,0.0
2026-06-27T16:50:38.357Z,39.9,-77,2,-213,0.0
2026-06-27T16:50:38.422Z,39.4,-77,6,-197,0.0
2026-06-27T16:50:38.424Z,39.4,-84,3,-246,0.0
2026-06-27T16:50:38.527Z,39.4,-84,6,-195,0.0
2026-06-27T16:50:38.535Z,39.4,-77,3,-239,0.0
2026-06-27T16:50:38.580Z,39.4,-77,3,-241,0.0
2026-06-27T16:50:38.748Z,39.4,-77,3,-122,0.0
2026-06-27T16:50:38.752Z,39.4,-77,3,-169,0.0
2026-06-27T16:50:38.753Z,39.4,-76,3,-216,0.0
2026-06-27T16:50:38.942Z,39.4,-76,2,-80,0.0
2026-06-27T16:50:38.944Z,39.4,-83,3,-126,0.0
2026-06-27T16:50:38.945Z,39.4,-83,3,-174,0.0
2026-06-27T16:50:38.946Z,39.4,-83,2,-223,0.0
2026-06-27T16:50:38.997Z,39.4,-83,2,-222,0.0
2026-06-27T16:50:39.143Z,39.4,-82,3,-127,0.0
2026-06-27T16:50:39.146Z,39.4,-82,3,-175,0.0
2026-06-27T16:50:39.147Z,39.0,-77,3,-222,0.0
2026-06-27T16:50:39.200Z,39.4,-77,2,-220,0.0
2026-06-27T16:50:39.356Z,39.0,-79,3,-113,0.0
2026-06-27T16:50:39.358Z,39.4,-79,3,-162,0.0
2026-06-27T16:50:39.359Z,39.4,-81,3,-210,0.0
2026-06-27T16:50:39.554Z,39.4,-81,2,-65,0.0
2026-06-27T16:50:39.557Z,39.4,-82,3,-113,0.0
2026-06-27T16:50:39.558Z,39.4,-82,3,-162,0.0
2026-06-27T16:50:39.560Z,39.4,-82,3,-209,0.0
2026-06-27T16:50:39.765Z,39.4,-82,2,-55,0.0
2026-06-27T16:50:39.767Z,39.0,-78,3,-103,0.0
2026-06-27T16:50:39.769Z,39.4,-78,3,-151,0.0
2026-06-27T16:50:39.770Z,39.4,-78,2,-199,0.0
2026-06-27T16:50:39.966Z,39.0,-78,2,-56,0.0
2026-06-27T16:50:39.969Z,39.4,-84,3,-100,0.0
2026-06-27T16:50:39.970Z,39.4,-84,3,-150,0.0
2026-06-27T16:50:39.971Z,39.4,-84,3,-198,0.0
2026-06-27T16:50:40.198Z,39.4,-84,2,-24,0.0
2026-06-27T16:50:40.207Z,39.4,-85,3,-64,0.0
2026-06-27T16:50:40.210Z,39.0,-85,3,-112,0.0
2026-06-27T16:50:40.212Z,39.4,-85,3,-158,0.0
2026-06-27T16:50:40.215Z,39.4,-85,2,-205,0.0
2026-06-27T16:50:40.399Z,39.4,-88,3,-70,0.0
2026-06-27T16:50:40.402Z,39.4,-88,3,-119,0.0
2026-06-27T16:50:40.404Z,39.4,-88,3,-165,0.0
2026-06-27T16:50:40.405Z,39.4,-88,2,-215,0.0
2026-06-27T16:50:40.619Z,39.4,-85,3,-50,0.0
2026-06-27T16:50:40.621Z,39.4,-85,3,-99,0.0
2026-06-27T16:50:40.622Z,39.4,-85,3,-147,0.0
2026-06-27T16:50:40.625Z,39.4,-85,2,-195,0.0
2026-06-27T16:50:40.830Z,39.4,-85,3,-43,0.0
2026-06-27T16:50:40.839Z,39.4,-86,3,-84,0.0
2026-06-27T16:50:40.842Z,39.4,-86,3,-129,0.0
2026-06-27T16:50:40.844Z,39.4,-86,2,-176,0.0
2026-06-27T16:50:41.032Z,39.4,-86,2,-40,0.0
2026-06-27T16:50:41.035Z,39.4,-91,3,-85,0.0
2026-06-27T16:50:41.037Z,39.4,-91,3,-132,0.0
2026-06-27T16:50:41.039Z,39.4,-91,2,-181,0.0
2026-06-27T16:50:41.303Z,39.4,-91,2,31,0.0
2026-06-27T16:50:41.311Z,39.4,-85,3,-11,0.0
2026-06-27T16:50:41.313Z,39.4,-85,3,-57,0.0
2026-06-27T16:50:41.316Z,39.4,-85,2,-104,0.0
2026-06-27T16:50:41.318Z,39.4,-85,2,-146,0.0
2026-06-27T16:50:41.320Z,39.4,-85,3,-154,0.0
2026-06-27T16:50:41.321Z,39.4,-85,2,-162,0.0
2026-06-27T16:50:41.322Z,39.4,-85,2,-171,0.0
2026-06-27T16:50:41.323Z,39.4,-85,2,-180,0.0
2026-06-27T16:50:41.324Z,39.4,-85,2,-189,0.0
2026-06-27T16:50:41.325Z,39.4,-85,2,-198,0.0
2026-06-27T16:50:41.326Z,39.4,-85,2,-207,0.0
2026-06-27T16:50:41.327Z,39.4,-85,2,-216,0.0
2026-06-27T16:50:41.420Z,39.4,-85,5,-137,0.0
2026-06-27T16:50:41.427Z,39.4,-88,3,-138,0.0
2026-06-27T16:50:41.429Z,39.4,-88,2,-145,0.0
2026-06-27T16:50:41.432Z,39.4,-88,2,-152,0.0
2026-06-27T16:50:41.434Z,39.4,-88,2,-160,0.0
2026-06-27T16:50:41.435Z,39.4,-88,2,-168,0.0
2026-06-27T16:50:41.437Z,39.4,-88,2,-176,0.0
2026-06-27T16:50:41.439Z,39.4,-88,3,-185,0.0
2026-06-27T16:50:41.440Z,39.4,-88,3,-193,0.0
2026-06-27T16:50:41.442Z,39.4,-88,3,-203,0.0
2026-06-27T16:50:41.443Z,39.4,-88,3,-211,0.0
2026-06-27T16:50:41.550Z,39.4,-85,3,-118,0.0
2026-06-27T16:50:41.552Z,39.4,-85,2,-125,0.0
2026-06-27T16:50:41.554Z,39.4,-85,2,-133,0.0
2026-06-27T16:50:41.556Z,39.9,-85,2,-142,0.0
2026-06-27T16:50:41.558Z,39.4,-85,2,-150,0.0
2026-06-27T16:50:41.560Z,39.4,-85,2,-157,0.0
2026-06-27T16:50:41.561Z,39.4,-85,2,-166,0.0
2026-06-27T16:50:41.563Z,39.4,-85,3,-176,0.0
2026-06-27T16:50:41.564Z,39.4,-85,3,-183,0.0
2026-06-27T16:50:41.565Z,39.4,-85,2,-192,0.0
2026-06-27T16:50:41.566Z,39.4,-85,2,-201,0.0
2026-06-27T16:50:41.567Z,39.4,-85,2,-210,0.0
2026-06-27T16:50:41.716Z,39.4,-85,2,-71,0.0
2026-06-27T16:50:41.718Z,39.4,-85,4,-80,0.0
2026-06-27T16:50:41.719Z,39.4,-85,11,-95,0.0
2026-06-27T16:50:41.721Z,39.4,-85,2,-103,0.0
2026-06-27T16:50:41.722Z,39.4,-85,2,-112,0.0
2026-06-27T16:50:41.723Z,39.4,-85,2,-121,0.0
2026-06-27T16:50:41.725Z,39.4,-85,2,-129,0.0
2026-06-27T16:50:41.726Z,39.4,-85,2,-138,0.0
2026-06-27T16:50:41.727Z,39.4,-83,3,-148,0.0
2026-06-27T16:50:41.728Z,39.4,-83,2,-156,0.0
2026-06-27T16:50:41.729Z,39.4,-83,2,-165,0.0
2026-06-27T16:50:41.730Z,39.4,-83,2,-174,0.0
2026-06-27T16:50:41.731Z,39.4,-83,2,-183,0.0
2026-06-27T16:50:41.859Z,39.4,-83,4,-70,0.0
2026-06-27T16:50:41.862Z,39.0,-83,12,-82,0.0
2026-06-27T16:50:41.863Z,39.0,-83,3,-90,0.0
2026-06-27T16:50:41.865Z,39.4,-83,2,-98,0.0
2026-06-27T16:50:41.866Z,39.4,-81,3,-107,0.0
2026-06-27T16:50:41.867Z,39.4,-81,2,-116,0.0
2026-06-27T16:50:41.868Z,39.4,-81,2,-125,0.0
2026-06-27T16:50:41.871Z,39.4,-81,3,-133,0.0
2026-06-27T16:50:41.872Z,39.4,-81,3,-141,0.0
2026-06-27T16:50:41.873Z,39.4,-81,2,-150,0.0
2026-06-27T16:50:41.874Z,39.4,-81,2,-159,0.0
2026-06-27T16:50:41.875Z,39.4,-81,2,-168,0.0
2026-06-27T16:50:41.988Z,39.4,-81,2,-65,0.0
2026-06-27T16:50:41.990Z,39.0,-81,52,-122,0.0
2026-06-27T16:50:41.994Z,39.4,-80,2,-129,0.0
2026-06-27T16:50:41.995Z,39.4,-80,2,-137,0.0
2026-06-27T16:50:41.996Z,39.4,-80,2,-146,0.0
2026-06-27T16:50:41.997Z,39.4,-80,2,-155,0.0
2026-06-27T16:50:41.998Z,39.4,-80,2,-164,0.0
2026-06-27T16:50:41.999Z,39.4,-80,5,-174,0.0
2026-06-27T16:50:42.001Z,39.4,-81,2,-181,0.0
2026-06-27T16:50:42.002Z,39.0,-81,2,-190,0.0
2026-06-27T16:50:42.003Z,39.0,-81,2,-199,0.0
2026-06-27T16:50:42.004Z,39.0,-81,2,-208,0.0
2026-06-27T16:50:42.005Z,39.0,-81,2,-217,0.0
2026-06-27T16:50:42.196Z,39.4,-81,4,-54,0.0
2026-06-27T16:50:42.200Z,39.4,-81,2,-60,0.0
2026-06-27T16:50:42.202Z,39.4,-81,2,-67,0.0
2026-06-27T16:50:42.204Z,39.4,-79,2,-75,0.0
2026-06-27T16:50:42.206Z,39.4,-79,2,-83,0.0
2026-06-27T16:50:42.208Z,39.4,-79,3,-91,0.0
2026-06-27T16:50:42.209Z,39.4,-79,3,-100,0.0
2026-06-27T16:50:42.210Z,39.4,-79,3,-108,0.0
2026-06-27T16:50:42.213Z,39.4,-79,2,-116,0.0
2026-06-27T16:50:42.214Z,39.4,-79,2,-124,0.0
2026-06-27T16:50:42.215Z,39.4,-79,2,-133,0.0
2026-06-27T16:50:42.216Z,39.4,-79,2,-142,0.0
2026-06-27T16:50:42.338Z,39.4,-79,2,-36,0.0
2026-06-27T16:50:42.349Z,39.4,-79,49,-77,0.0
2026-06-27T16:50:42.351Z,39.4,-79,2,-84,0.0
2026-06-27T16:50:42.353Z,39.4,-79,2,-91,0.0
2026-06-27T16:50:42.355Z,39.4,-79,2,-99,0.0
2026-06-27T16:50:42.357Z,39.4,-79,2,-108,0.0
2026-06-27T16:50:42.359Z,39.0,-79,4,-117,0.0
2026-06-27T16:50:42.360Z,39.4,-81,3,-124,0.0
2026-06-27T16:50:42.361Z,39.0,-81,2,-133,0.0
2026-06-27T16:50:42.362Z,39.4,-81,2,-142,0.0
2026-06-27T16:50:42.363Z,39.4,-81,2,-151,0.0
2026-06-27T16:50:42.364Z,39.4,-81,2,-160,0.0
2026-06-27T16:50:42.365Z,39.4,-81,2,-169,0.0
2026-06-27T16:50:42.477Z,39.0,-81,4,-124,0.0
2026-06-27T16:50:42.479Z,39.4,-80,2,-133,0.0
2026-06-27T16:50:42.480Z,39.4,-80,2,-141,0.0
2026-06-27T16:50:42.481Z,39.4,-80,2,-150,0.0
2026-06-27T16:50:42.483Z,39.4,-80,2,-158,0.0
2026-06-27T16:50:42.484Z,39.0,-80,2,-168,0.0
2026-06-27T16:50:42.485Z,39.0,-80,2,-176,0.0
2026-06-27T16:50:42.486Z,39.0,-80,2,-185,0.0
2026-06-27T16:50:42.487Z,39.4,-80,2,-194,0.0
2026-06-27T16:50:42.488Z,39.4,-80,2,-203,0.0
2026-06-27T16:50:42.489Z,39.0,-80,2,-212,0.0
2026-06-27T16:50:42.490Z,39.0,-80,2,-221,0.0
2026-06-27T16:50:42.607Z,39.0,-80,2,-115,0.0
2026-06-27T16:50:42.609Z,39.0,-80,16,-133,0.0
2026-06-27T16:50:42.611Z,39.0,-80,2,-141,0.0
2026-06-27T16:50:42.613Z,39.4,-80,2,-149,0.0
2026-06-27T16:50:42.614Z,39.4,-80,2,-158,0.0
2026-06-27T16:50:42.615Z,39.0,-80,2,-167,0.0
2026-06-27T16:50:42.616Z,39.4,-81,3,-177,0.0
2026-06-27T16:50:42.617Z,39.4,-81,2,-185,0.0
2026-06-27T16:50:42.619Z,39.4,-81,2,-193,0.0
2026-06-27T16:50:42.620Z,39.0,-81,2,-202,0.0
2026-06-27T16:50:42.621Z,39.0,-81,2,-211,0.0
2026-06-27T16:50:42.622Z,39.0,-81,2,-220,0.0
2026-06-27T16:50:42.623Z,39.0,-81,2,-229,0.0
2026-06-27T16:50:42.748Z,39.0,-81,4,-120,0.0
2026-06-27T16:50:42.750Z,39.4,-81,2,-128,0.0
2026-06-27T16:50:42.751Z,39.4,-81,2,-137,0.0
2026-06-27T16:50:42.752Z,39.4,-81,2,-146,0.0
2026-06-27T16:50:42.753Z,39.4,-81,2,-155,0.0
2026-06-27T16:50:42.754Z,39.4,-81,2,-164,0.0
2026-06-27T16:50:42.756Z,39.4,-81,3,-173,0.0
2026-06-27T16:50:42.757Z,39.4,-81,2,-181,0.0
2026-06-27T16:50:42.758Z,39.4,-81,2,-190,0.0
2026-06-27T16:50:42.759Z,39.4,-81,2,-199,0.0
2026-06-27T16:50:42.760Z,39.4,-81,2,-208,0.0
2026-06-27T16:50:42.761Z,39.0,-81,2,-217,0.0
2026-06-27T16:50:42.879Z,39.4,-81,2,-109,0.0
2026-06-27T16:50:42.881Z,39.0,-81,6,-119,0.0
2026-06-27T16:50:42.882Z,39.0,-81,2,-128,0.0
2026-06-27T16:50:42.885Z,39.0,-81,2,-135,0.0
2026-06-27T16:50:42.886Z,39.0,-81,2,-144,0.0
2026-06-27T16:50:42.887Z,39.0,-81,2,-153,0.0
2026-06-27T16:50:42.888Z,39.4,-81,2,-162,0.0
2026-06-27T16:50:42.889Z,39.0,-81,2,-171,0.0
2026-06-27T16:50:42.891Z,39.0,-81,3,-180,0.0
2026-06-27T16:50:42.892Z,39.4,-81,3,-188,0.0
2026-06-27T16:50:42.893Z,39.4,-81,2,-197,0.0
2026-06-27T16:50:42.894Z,39.0,-81,2,-206,0.0
2026-06-27T16:50:42.895Z,39.0,-81,2,-215,0.0
2026-06-27T16:50:43.010Z,39.0,-81,5,-127,0.0
2026-06-27T16:50:43.011Z,39.4,-81,3,-134,0.0
2026-06-27T16:50:43.013Z,39.4,-81,2,-142,0.0
2026-06-27T16:50:43.014Z,39.4,-81,2,-151,0.0
2026-06-27T16:50:43.015Z,39.4,-81,2,-160,0.0
2026-06-27T16:50:43.016Z,39.4,-81,2,-169,0.0
2026-06-27T16:50:43.017Z,39.4,-81,3,-179,0.0
2026-06-27T16:50:43.019Z,39.4,-82,3,-187,0.0
2026-06-27T16:50:43.020Z,39.0,-82,2,-196,0.0
2026-06-27T16:50:43.021Z,39.0,-82,2,-205,0.0
2026-06-27T16:50:43.023Z,39.0,-82,2,-213,0.0
2026-06-27T16:50:43.024Z,39.0,-82,2,-222,0.0
2026-06-27T16:50:43.151Z,39.0,-82,2,-106,0.0
2026-06-27T16:50:43.153Z,39.4,-82,11,-121,0.0
2026-06-27T16:50:43.154Z,39.4,-82,2,-130,0.0
2026-06-27T16:50:43.155Z,39.4,-82,2,-139,0.0
2026-06-27T16:50:43.157Z,39.4,-82,3,-147,0.0
2026-06-27T16:50:43.158Z,39.4,-82,2,-156,0.0
2026-06-27T16:50:43.159Z,39.4,-82,2,-165,0.0
2026-06-27T16:50:43.160Z,39.4,-82,3,-175,0.0
2026-06-27T16:50:43.161Z,39.0,-82,3,-183,0.0
2026-06-27T16:50:43.162Z,39.4,-82,2,-192,0.0
2026-06-27T16:50:43.163Z,39.4,-82,2,-201,0.0
2026-06-27T16:50:43.164Z,39.0,-82,2,-210,0.0
2026-06-27T16:50:43.165Z,39.4,-82,2,-219,0.0
2026-06-27T16:50:43.291Z,39.4,-82,5,-112,0.0
2026-06-27T16:50:43.293Z,39.4,-83,3,-119,0.0
2026-06-27T16:50:43.295Z,39.4,-83,2,-127,0.0
2026-06-27T16:50:43.297Z,39.0,-83,2,-135,0.0
2026-06-27T16:50:43.298Z,39.0,-83,2,-144,0.0
2026-06-27T16:50:43.299Z,39.4,-83,2,-153,0.0
2026-06-27T16:50:43.301Z,39.0,-83,3,-161,0.0
2026-06-27T16:50:43.302Z,39.4,-83,2,-171,0.0
2026-06-27T16:50:43.303Z,39.4,-83,3,-179,0.0
2026-06-27T16:50:43.304Z,39.4,-83,2,-188,0.0
2026-06-27T16:50:43.426Z,39.4,-83,3,-76,0.0
2026-06-27T16:50:43.428Z,39.4,-86,6,-86,0.0
2026-06-27T16:50:43.430Z,39.4,-86,2,-94,0.0
2026-06-27T16:50:43.432Z,39.4,-86,2,-102,0.0
2026-06-27T16:50:43.434Z,39.4,-86,2,-111,0.0
2026-06-27T16:50:43.435Z,39.0,-86,2,-119,0.0
2026-06-27T16:50:43.436Z,39.0,-86,2,-128,0.0
2026-06-27T16:50:43.437Z,39.0,-86,4,-138,0.0
2026-06-27T16:50:43.439Z,39.0,-86,3,-146,0.0
2026-06-27T16:50:43.441Z,39.4,-86,2,-154,0.0
2026-06-27T16:50:43.442Z,39.4,-86,2,-162,0.0
2026-06-27T16:50:43.443Z,39.4,-84,2,-171,0.0
2026-06-27T16:50:43.444Z,39.0,-84,2,-180,0.0
2026-06-27T16:50:43.495Z,39.4,-84,5,-141,0.0
2026-06-27T16:50:43.498Z,39.4,-84,3,-148,0.0
2026-06-27T16:50:43.501Z,39.4,-84,2,-155,0.0
2026-06-27T16:50:43.502Z,39.4,-84,2,-163,0.0
2026-06-27T16:50:43.503Z,39.4,-84,2,-172,0.0
2026-06-27T16:50:43.504Z,39.4,-84,2,-181,0.0
2026-06-27T16:50:43.507Z,39.4,-84,2,-190,0.0
2026-06-27T16:50:43.508Z,39.0,-84,3,-197,0.0
2026-06-27T16:50:43.632Z,39.0,-83,3,-83,0.0
2026-06-27T16:50:43.634Z,39.0,-83,3,-91,0.0
2026-06-27T16:50:43.635Z,39.0,-83,3,-100,0.0
2026-06-27T16:50:43.637Z,39.0,-83,2,-108,0.0
2026-06-27T16:50:43.638Z,39.0,-83,2,-117,0.0
2026-06-27T16:50:43.639Z,39.0,-83,2,-126,0.0
2026-06-27T16:50:43.640Z,39.0,-83,2,-135,0.0
2026-06-27T16:50:43.641Z,39.0,-83,3,-145,0.0
2026-06-27T16:50:43.642Z,39.4,-83,3,-153,0.0
2026-06-27T16:50:43.643Z,39.0,-83,2,-162,0.0
2026-06-27T16:50:43.644Z,39.0,-83,2,-171,0.0
2026-06-27T16:50:43.645Z,39.4,-83,2,-180,0.0
2026-06-27T16:50:43.646Z,39.0,-83,2,-189,0.0
2026-06-27T16:50:43.770Z,39.4,-83,4,-76,0.0
2026-06-27T16:50:43.771Z,39.0,-83,3,-85,0.0
2026-06-27T16:50:43.774Z,39.4,-83,2,-92,0.0
2026-06-27T16:50:43.775Z,39.4,-83,2,-101,0.0
2026-06-27T16:50:43.776Z,39.0,-83,2,-110,0.0
2026-06-27T16:50:43.779Z,39.0,-83,2,-117,0.0
2026-06-27T16:50:43.780Z,39.4,-83,2,-128,0.0
2026-06-27T16:50:43.781Z,39.0,-78,2,-136,0.0
2026-06-27T16:50:43.782Z,39.0,-78,2,-145,0.0
2026-06-27T16:50:43.784Z,39.4,-78,2,-153,0.0
2026-06-27T16:50:43.785Z,39.4,-78,2,-162,0.0
2026-06-27T16:50:43.786Z,39.4,-78,2,-171,0.0
2026-06-27T16:50:43.845Z,39.0,-78,2,-128,0.0
2026-06-27T16:50:43.850Z,39.4,-78,3,-131,0.0
2026-06-27T16:50:43.855Z,39.4,-78,2,-135,0.0
2026-06-27T16:50:43.857Z,39.4,-78,2,-143,0.0
2026-06-27T16:50:43.858Z,39.4,-78,2,-151,0.0
2026-06-27T16:50:43.860Z,39.4,-77,2,-159,0.0
2026-06-27T16:50:43.861Z,39.0,-77,3,-169,0.0
2026-06-27T16:50:43.862Z,39.0,-77,3,-177,0.0
2026-06-27T16:50:43.863Z,39.0,-77,2,-186,0.0
2026-06-27T16:50:43.864Z,39.0,-77,2,-195,0.0
2026-06-27T16:50:43.865Z,39.0,-77,2,-204,0.0
2026-06-27T16:50:43.866Z,39.0,-77,2,-213,0.0
2026-06-27T16:50:43.867Z,39.0,-77,2,-222,0.0
2026-06-27T16:50:43.968Z,39.0,-77,8,-136,0.0
2026-06-27T16:50:43.969Z,39.0,-77,3,-145,0.0
2026-06-27T16:50:43.972Z,39.0,-79,3,-152,0.0
2026-06-27T16:50:43.973Z,39.4,-79,2,-161,0.0
2026-06-27T16:50:43.975Z,39.4,-79,2,-169,0.0
2026-06-27T16:50:43.976Z,39.4,-79,2,-178,0.0
2026-06-27T16:50:43.978Z,39.0,-79,3,-187,0.0
2026-06-27T16:50:43.979Z,39.4,-79,3,-195,0.0
2026-06-27T16:50:43.981Z,39.4,-79,2,-203,0.0
2026-06-27T16:50:43.982Z,39.4,-79,2,-212,0.0
2026-06-27T16:50:43.983Z,39.4,-79,2,-221,0.0
2026-06-27T16:50:43.984Z,39.4,-79,2,-230,0.0
2026-06-27T16:50:44.031Z,39.0,-79,2,-194,0.0
2026-06-27T16:50:44.032Z,39.4,-79,2,-203,0.0
2026-06-27T16:50:44.034Z,39.4,-79,2,-211,0.0
2026-06-27T16:50:44.035Z,39.4,-79,2,-220,0.0
2026-06-27T16:50:44.037Z,39.4,-79,2,-228,0.0
2026-06-27T16:50:44.038Z,39.4,-79,2,-237,0.0
2026-06-27T16:50:44.092Z,39.4,-79,3,-196,0.0
2026-06-27T16:50:44.094Z,39.4,-79,3,-201,0.0
2026-06-27T16:50:44.096Z,39.4,-79,3,-209,0.0
2026-06-27T16:50:44.097Z,39.4,-79,2,-218,0.0
2026-06-27T16:50:44.098Z,39.4,-79,3,-227,0.0
2026-06-27T16:50:44.099Z,39.4,-83,2,-236,0.0
2026-06-27T16:50:44.240Z,39.4,-83,2,-105,0.0
2026-06-27T16:50:44.242Z,39.4,-83,3,-113,0.0
2026-06-27T16:50:44.243Z,39.4,-83,2,-122,0.0
2026-06-27T16:50:44.245Z,39.4,-83,2,-130,0.0
2026-06-27T16:50:44.246Z,39.4,-83,2,-139,0.0
2026-06-27T16:50:44.248Z,39.4,-83,2,-148,0.0
2026-06-27T16:50:44.249Z,39.4,-83,3,-157,0.0
2026-06-27T16:50:44.250Z,39.4,-83,3,-165,0.0
2026-06-27T16:50:44.251Z,39.4,-83,2,-174,0.0
2026-06-27T16:50:44.252Z,39.4,-83,2,-183,0.0
2026-06-27T16:50:44.253Z,39.4,-83,2,-192,0.0
2026-06-27T16:50:44.254Z,39.4,-83,2,-201,0.0
2026-06-27T16:50:44.255Z,39.4,-83,2,-210,0.0
2026-06-27T16:50:44.382Z,39.0,-83,4,-94,0.0
2026-06-27T16:50:44.383Z,39.0,-83,2,-103,0.0
2026-06-27T16:50:44.385Z,39.0,-83,2,-111,0.0
2026-06-27T16:50:44.386Z,39.0,-83,2,-120,0.0
2026-06-27T16:50:44.387Z,39.0,-83,2,-129,0.0
2026-06-27T16:50:44.388Z,39.4,-83,2,-138,0.0
2026-06-27T16:50:44.391Z,39.4,-82,3,-146,0.0
2026-06-27T16:50:44.392Z,39.4,-82,3,-154,0.0
2026-06-27T16:50:44.393Z,39.0,-82,2,-163,0.0
2026-06-27T16:50:44.394Z,39.0,-82,2,-172,0.0
2026-06-27T16:50:44.396Z,39.0,-82,2,-180,0.0
2026-06-27T16:50:44.397Z,39.0,-82,2,-189,0.0
2026-06-27T16:50:44.519Z,39.5,-82,2,-81,0.0
2026-06-27T16:50:44.530Z,39.0,-82,3,-81,0.0
2026-06-27T16:50:44.533Z,39.0,-82,2,-86,0.0
2026-06-27T16:50:44.535Z,39.0,-82,2,-93,0.0
2026-06-27T16:50:44.538Z,39.0,-86,3,-100,0.0
2026-06-27T16:50:44.541Z,39.4,-86,2,-108,0.0
2026-06-27T16:50:44.543Z,39.0,-86,2,-115,0.0
2026-06-27T16:50:44.545Z,39.0,-86,3,-124,0.0
2026-06-27T16:50:44.546Z,39.0,-86,3,-131,0.0
2026-06-27T16:50:44.548Z,39.0,-86,2,-140,0.0
2026-06-27T16:50:44.549Z,39.0,-86,2,-148,0.0
2026-06-27T16:50:44.550Z,39.0,-86,2,-157,0.0
2026-06-27T16:50:44.552Z,39.0,-86,2,-166,0.0
2026-06-27T16:50:44.860Z,39.4,-86,223,-89,0.0
2026-06-27T16:50:44.862Z,39.4,-85,3,-95,0.0
2026-06-27T16:50:44.866Z,39.4,-85,2,-101,0.0
2026-06-27T16:50:44.867Z,39.4,-85,2,-109,0.0
2026-06-27T16:50:44.869Z,39.0,-85,2,-117,0.0
2026-06-27T16:50:44.871Z,39.4,-85,2,-126,0.0
2026-06-27T16:50:44.873Z,39.0,-85,3,-135,0.0
2026-06-27T16:50:44.874Z,39.4,-85,2,-142,0.0
2026-06-27T16:50:44.876Z,39.4,-85,2,-151,0.0
2026-06-27T16:50:44.877Z,39.4,-85,2,-159,0.0
2026-06-27T16:50:44.878Z,39.4,-85,2,-168,0.0
2026-06-27T16:50:44.879Z,39.4,-85,2,-177,0.0
2026-06-27T16:50:44.945Z,39.4,-85,2,-121,0.0
2026-06-27T16:50:44.948Z,39.4,-85,5,-130,0.0
2026-06-27T16:50:44.949Z,39.0,-85,2,-139,0.0
2026-06-27T16:50:44.950Z,39.4,-85,2,-148,0.0
2026-06-27T16:50:44.952Z,39.4,-85,2,-156,0.0
2026-06-27T16:50:44.953Z,39.4,-85,2,-165,0.0
2026-06-27T16:50:44.954Z,39.4,-85,2,-174,0.0
2026-06-27T16:50:44.955Z,39.0,-85,3,-184,0.0
2026-06-27T16:50:44.957Z,39.4,-89,3,-191,0.0
2026-06-27T16:50:44.958Z,39.0,-89,2,-200,0.0
2026-06-27T16:50:44.959Z,39.4,-89,2,-209,0.0
2026-06-27T16:50:44.960Z,39.4,-89,2,-218,0.0
2026-06-27T16:50:44.961Z,39.4,-89,2,-227,0.0
2026-06-27T16:50:45.009Z,39.0,-89,5,-199,0.0
2026-06-27T16:50:45.010Z,39.4,-89,2,-208,0.0
2026-06-27T16:50:45.012Z,39.4,-89,2,-217,0.0
2026-06-27T16:50:45.013Z,39.4,-89,2,-225,0.0
2026-06-27T16:50:45.014Z,39.4,-92,3,-234,0.0
2026-06-27T16:50:45.167Z,39.4,-92,2,-91,0.0
2026-06-27T16:50:45.169Z,39.4,-92,4,-99,0.0
2026-06-27T16:50:45.172Z,39.4,-92,3,-107,0.0
2026-06-27T16:50:45.173Z,39.4,-92,2,-115,0.0
2026-06-27T16:50:45.174Z,39.4,-92,2,-124,0.0
2026-06-27T16:50:45.175Z,39.4,-92,2,-133,0.0
2026-06-27T16:50:45.176Z,39.4,-92,2,-142,0.0
2026-06-27T16:50:45.177Z,39.4,-92,3,-152,0.0
2026-06-27T16:50:45.178Z,39.4,-92,3,-160,0.0
2026-06-27T16:50:45.179Z,39.4,-92,6,-171,0.0
2026-06-27T16:50:45.180Z,39.4,-84,3,-180,0.0
2026-06-27T16:50:45.181Z,39.4,-84,2,-189,0.0
2026-06-27T16:50:45.183Z,39.4,-84,2,-197,0.0
2026-06-27T16:50:45.300Z,39.9,-84,5,-91,0.0
2026-06-27T16:50:45.302Z,37.8,-84,2,-98,0.0
2026-06-27T16:50:45.303Z,39.4,-84,2,-107,0.0
2026-06-27T16:50:45.305Z,39.4,-84,3,-115,0.0
2026-06-27T16:50:45.306Z,37.8,-84,2,-123,0.0
2026-06-27T16:50:45.307Z,39.4,-84,2,-133,0.0
2026-06-27T16:50:45.308Z,39.4,-84,4,-142,0.0
2026-06-27T16:50:45.437Z,39.4,-86,104,-128,0.0
2026-06-27T16:50:45.445Z,39.4,-86,2,-128,0.0
2026-06-27T16:50:45.448Z,39.4,-86,2,-134,0.0
2026-06-27T16:50:45.451Z,39.4,-86,2,-140,0.0
2026-06-27T16:50:45.453Z,39.4,-86,2,-148,0.0
2026-06-27T16:50:45.454Z,39.4,-86,2,-156,0.0
2026-06-27T16:50:45.456Z,39.4,-86,3,-166,0.0
2026-06-27T16:50:45.457Z,39.4,-86,3,-173,0.0
2026-06-27T16:50:45.458Z,39.4,-86,2,-182,0.0
2026-06-27T16:50:45.460Z,39.4,-86,2,-190,0.0
2026-06-27T16:50:45.461Z,39.4,-86,2,-199,0.0
2026-06-27T16:50:45.462Z,39.4,-86,2,-208,0.0
2026-06-27T16:50:45.483Z,39.4,-86,2,-197,0.0
2026-06-27T16:50:45.485Z,39.0,-86,4,-206,0.0
2026-06-27T16:50:45.488Z,39.4,-86,2,-215,0.0
2026-06-27T16:50:45.489Z,39.4,-86,2,-222,0.0
2026-06-27T16:50:45.490Z,39.4,-86,2,-231,0.0
2026-06-27T16:50:45.491Z,39.4,-86,2,-240,0.0
2026-06-27T16:50:45.636Z,39.4,-86,2,-107,0.0
2026-06-27T16:50:45.640Z,39.4,-86,3,-112,0.0
2026-06-27T16:50:45.642Z,39.4,-89,3,-120,0.0
2026-06-27T16:50:45.646Z,39.4,-89,2,-126,0.0
2026-06-27T16:50:45.647Z,39.4,-89,2,-134,0.0
2026-06-27T16:50:45.648Z,39.4,-89,2,-143,0.0
2026-06-27T16:50:45.649Z,39.0,-89,4,-153,0.0
2026-06-27T16:50:45.650Z,39.0,-89,3,-161,0.0
2026-06-27T16:50:45.651Z,39.4,-89,2,-169,0.0
2026-06-27T16:50:45.653Z,39.4,-89,2,-178,0.0
2026-06-27T16:50:45.654Z,39.4,-89,2,-187,0.0
2026-06-27T16:50:45.655Z,39.4,-89,2,-196,0.0
2026-06-27T16:50:45.656Z,39.4,-89,2,-205,0.0
2026-06-27T16:50:45.692Z,39.4,-89,5,-180,0.0
2026-06-27T16:50:45.693Z,39.4,-89,2,-189,0.0
2026-06-27T16:50:45.696Z,39.4,-89,2,-197,0.0
2026-06-27T16:50:45.697Z,39.4,-89,3,-205,0.0
2026-06-27T16:50:45.698Z,39.4,-89,2,-214,0.0
2026-06-27T16:50:45.699Z,39.4,-89,2,-223,0.0
2026-06-27T16:50:45.700Z,39.4,-89,2,-232,0.0
2026-06-27T16:50:48.296Z,39.4,-89,2,2353,0.0
2026-06-27T16:50:48.298Z,39.0,-89,2,2346,0.0
2026-06-27T16:50:48.300Z,39.4,-89,4,2337,0.0
2026-06-27T16:50:48.301Z,39.4,-91,2,2329,0.0
2026-06-27T16:50:48.304Z,39.4,-91,2,2322,0.0
2026-06-27T16:50:48.306Z,39.4,-91,2,2313,0.0
2026-06-27T16:50:48.307Z,39.4,-91,2,2305,0.0
2026-06-27T16:50:48.308Z,39.4,-91,3,2295,0.0
2026-06-27T16:50:48.310Z,39.4,-91,3,2288,0.0
2026-06-27T16:50:48.311Z,38.9,-91,2,2279,0.0
2026-06-27T16:50:48.312Z,39.4,-91,2,2270,0.0
2026-06-27T16:50:48.313Z,39.4,-91,2,2261,0.0
2026-06-27T16:50:48.315Z,39.0,-91,2,2253,0.0
2026-06-27T16:50:48.316Z,39.4,-87,5,2244,0.0
2026-06-27T16:50:48.317Z,39.4,-87,2,2235,0.0
2026-06-27T16:50:48.318Z,39.4,-87,3,2226,0.0
2026-06-27T16:50:48.319Z,39.0,-87,3,2217,0.0
2026-06-27T16:50:48.320Z,39.0,-87,3,2208,0.0
2026-06-27T16:50:48.321Z,39.0,-87,3,2199,0.0
2026-06-27T16:50:48.322Z,39.0,-87,2,2190,0.0
2026-06-27T16:50:48.323Z,39.0,-87,2,2181,0.0
2026-06-27T16:50:48.324Z,39.0,-87,2,2172,0.0
2026-06-27T16:50:48.325Z,39.0,-87,2,2163,0.0
2026-06-27T16:50:48.326Z,39.0,-86,3,2153,0.0
2026-06-27T16:50:48.327Z,39.0,-86,3,2145,0.0
2026-06-27T16:50:48.330Z,39.0,-86,4,2136,0.0
2026-06-27T16:50:48.363Z,46.2,-86,2371,-208,0.0
2026-06-27T16:50:48.365Z,46.2,-80,2,-216,0.0
2026-06-27T16:50:48.367Z,47.2,-80,2,-224,0.0
2026-06-27T16:50:48.369Z,46.8,-80,2,-233,0.0
2026-06-27T16:50:48.370Z,46.8,-80,2,-241,0.0
2026-06-27T16:50:48.482Z,46.8,-80,7,-145,0.0
2026-06-27T16:50:48.485Z,46.4,-84,2,-152,0.0
2026-06-27T16:50:48.487Z,46.4,-84,2,-159,0.0
2026-06-27T16:50:48.491Z,46.4,-84,2,-165,0.0
2026-06-27T16:50:48.493Z,46.4,-84,2,-173,0.0
2026-06-27T16:50:48.495Z,46.0,-84,2,-181,0.0
2026-06-27T16:50:48.496Z,46.0,-84,2,-190,0.0
2026-06-27T16:50:48.497Z,46.0,-84,2,-198,0.0
2026-06-27T16:50:48.498Z,46.4,-84,2,-207,0.0
2026-06-27T16:50:48.499Z,46.0,-84,2,-216,0.0
2026-06-27T16:50:48.588Z,46.4,-84,2,-142,0.0
2026-06-27T16:50:48.594Z,46.4,-83,2,-145,0.0
2026-06-27T16:50:48.599Z,46.4,-83,2,-149,0.0
2026-06-27T16:50:48.601Z,46.4,-83,2,-157,0.0
2026-06-27T16:50:48.603Z,46.4,-83,2,-165,0.0
2026-06-27T16:50:48.605Z,46.4,-83,2,-172,0.0
2026-06-27T16:50:48.606Z,46.4,-83,2,-181,0.0
2026-06-27T16:50:48.607Z,46.4,-83,2,-191,0.0
2026-06-27T16:50:48.608Z,46.4,-83,2,-199,0.0
2026-06-27T16:50:48.609Z,46.4,-83,2,-208,0.0
2026-06-27T16:50:48.687Z,46.4,-83,2,-140,0.0
2026-06-27T16:50:48.689Z,46.8,-83,5,-150,0.0
2026-06-27T16:50:48.692Z,47.8,-83,2,-157,0.0
2026-06-27T16:50:48.693Z,47.4,-83,2,-166,0.0
2026-06-27T16:50:48.695Z,47.4,-83,2,-175,0.0
2026-06-27T16:50:48.696Z,47.0,-83,2,-183,0.0
2026-06-27T16:50:48.697Z,47.0,-83,2,-192,0.0
2026-06-27T16:50:48.698Z,46.6,-83,3,-202,0.0
2026-06-27T16:50:48.699Z,46.6,-83,2,-210,0.0
2026-06-27T16:50:48.700Z,46.6,-83,2,-219,0.0
2026-06-27T16:50:48.793Z,47.5,-83,2,-142,0.0
2026-06-27T16:50:48.800Z,47.2,-81,4,-143,0.0
2026-06-27T16:50:48.805Z,46.8,-81,2,-146,0.0
2026-06-27T16:50:48.808Z,46.8,-81,2,-153,0.0
2026-06-27T16:50:48.810Z,46.8,-81,2,-160,0.0
2026-06-27T16:50:48.812Z,47.8,-81,2,-168,0.0
2026-06-27T16:50:48.813Z,47.4,-81,2,-176,0.0
2026-06-27T16:50:48.815Z,47.0,-81,2,-185,0.0
2026-06-27T16:50:48.816Z,48.3,-81,2,-194,0.0
2026-06-27T16:50:48.817Z,48.0,-81,2,-202,0.0
2026-06-27T16:50:48.818Z,47.5,-81,2,-211,0.0
2026-06-27T16:50:48.839Z,48.9,-78,6,-203,0.0
2026-06-27T16:50:48.840Z,48.2,-78,3,-211,0.0
2026-06-27T16:50:48.842Z,48.2,-78,2,-219,0.0
2026-06-27T16:50:48.843Z,49.1,-78,2,-228,0.0
2026-06-27T16:50:48.844Z,43.0,-78,2,-237,0.0
2026-06-27T16:50:48.845Z,48.7,-78,2,-246,0.0
2026-06-27T16:50:48.975Z,42.8,-78,5,-129,0.0
2026-06-27T16:50:48.978Z,42.4,-78,2,-136,0.0
2026-06-27T16:50:48.979Z,41.3,-78,3,-144,0.0
2026-06-27T16:50:48.981Z,44.4,-78,3,-153,0.0
2026-06-27T16:50:48.982Z,41.5,-75,2,-161,0.0
2026-06-27T16:50:48.984Z,42.4,-75,3,-170,0.0
2026-06-27T16:50:48.985Z,41.7,-75,2,-179,0.0
2026-06-27T16:50:48.986Z,44.4,-75,3,-187,0.0
2026-06-27T16:50:48.987Z,41.9,-75,2,-196,0.0
2026-06-27T16:50:48.989Z,49.1,-75,2,-204,0.0
2026-06-27T16:50:48.990Z,48.8,-75,2,-213,0.0
2026-06-27T16:50:48.992Z,49.3,-75,2,-221,0.0
2026-06-27T16:50:49.095Z,49.3,-75,2,-132,0.0
2026-06-27T16:50:49.097Z,49.3,-75,3,-138,0.0
2026-06-27T16:50:49.100Z,39.0,-74,2,-145,0.0
2026-06-27T16:50:49.101Z,38.3,-74,2,-154,0.0
2026-06-27T16:50:49.103Z,37.6,-74,2,-162,0.0
2026-06-27T16:50:49.104Z,38.9,-74,2,-171,0.0
2026-06-27T16:50:49.105Z,38.3,-74,3,-181,0.0
2026-06-27T16:50:49.107Z,40.1,-74,3,-188,0.0
2026-06-27T16:50:49.108Z,42.4,-74,2,-197,0.0
2026-06-27T16:50:49.109Z,41.2,-74,2,-206,0.0
2026-06-27T16:50:49.110Z,43.2,-74,2,-215,0.0
2026-06-27T16:50:49.111Z,42.4,-74,2,-224,0.0
2026-06-27T16:50:49.190Z,43.4,-74,2,-155,0.0
2026-06-27T16:50:49.193Z,47.8,-74,8,-167,0.0
2026-06-27T16:50:49.195Z,49.1,-74,2,-175,0.0
2026-06-27T16:50:49.196Z,51.8,-74,2,-183,0.0
2026-06-27T16:50:49.197Z,44.2,-74,2,-192,0.0
2026-06-27T16:50:49.199Z,43.0,-74,2,-200,0.0
2026-06-27T16:50:49.200Z,42.6,-74,2,-209,0.0
2026-06-27T16:50:49.201Z,42.8,-74,2,-219,0.0
2026-06-27T16:50:49.202Z,42.4,-74,3,-227,0.0
2026-06-27T16:50:49.203Z,43.4,-74,2,-236,0.0
2026-06-27T16:50:49.318Z,42.6,-84,2,-133,0.0
2026-06-27T16:50:49.321Z,42.6,-84,2,-140,0.0
2026-06-27T16:50:49.322Z,43.6,-84,3,-149,0.0
2026-06-27T16:50:49.324Z,42.8,-84,2,-157,0.0
2026-06-27T16:50:49.325Z,45.0,-84,2,-166,0.0
2026-06-27T16:50:49.327Z,44.2,-84,2,-175,0.0
2026-06-27T16:50:49.329Z,43.4,-84,2,-184,0.0
2026-06-27T16:50:49.331Z,44.8,-84,3,-191,0.0
2026-06-27T16:50:49.332Z,44.0,-84,2,-199,0.0
2026-06-27T16:50:49.334Z,43.2,-84,2,-208,0.0
2026-06-27T16:50:49.336Z,42.4,-84,2,-216,0.0
2026-06-27T16:50:49.337Z,43.8,-84,2,-224,0.0
2026-06-27T16:50:49.369Z,46.0,-84,2,-204,0.0
2026-06-27T16:50:49.372Z,45.2,-84,5,-213,0.0
2026-06-27T16:50:49.373Z,49.6,-84,3,-220,0.0
2026-06-27T16:50:49.375Z,49.1,-84,2,-228,0.0
2026-06-27T16:50:49.377Z,48.8,-84,2,-236,0.0
2026-06-27T16:50:49.491Z,48.7,-84,2,-133,0.0
2026-06-27T16:50:49.494Z,45.4,-84,5,-141,0.0
2026-06-27T16:50:49.497Z,44.6,-84,2,-148,0.0
2026-06-27T16:50:49.498Z,48.9,-72,2,-156,0.0
2026-06-27T16:50:49.500Z,48.6,-72,2,-165,0.0
2026-06-27T16:50:49.501Z,48.6,-72,2,-173,0.0
2026-06-27T16:50:49.502Z,48.1,-72,2,-183,0.0
2026-06-27T16:50:49.503Z,48.1,-72,2,-192,0.0
2026-06-27T16:50:49.504Z,48.1,-72,3,-200,0.0
2026-06-27T16:50:49.505Z,48.6,-72,2,-209,0.0
2026-06-27T16:50:49.507Z,48.5,-72,2,-218,0.0
2026-06-27T16:50:49.508Z,48.6,-72,2,-226,0.0
2026-06-27T16:50:49.509Z,48.9,-72,2,-235,0.0
2026-06-27T16:50:49.594Z,48.9,-72,5,-163,0.0
2026-06-27T16:50:49.598Z,48.0,-72,2,-169,0.0
2026-06-27T16:50:49.600Z,47.6,-72,2,-177,0.0
2026-06-27T16:50:49.602Z,47.2,-72,2,-185,0.0
2026-06-27T16:50:49.604Z,47.5,-72,2,-193,0.0
2026-06-27T16:50:49.607Z,48.0,-72,2,-199,0.0
2026-06-27T16:50:49.609Z,48.0,-72,2,-209,0.0
2026-06-27T16:50:49.610Z,48.3,-72,2,-216,0.0
2026-06-27T16:50:49.611Z,48.3,-72,2,-225,0.0
2026-06-27T16:50:49.612Z,48.3,-72,2,-235,0.0
2026-06-27T16:50:49.651Z,48.8,-72,6,-210,0.0
2026-06-27T16:50:49.654Z,47.4,-72,2,-216,0.0
2026-06-27T16:50:49.656Z,47.4,-72,2,-224,0.0
2026-06-27T16:50:49.657Z,47.8,-72,2,-233,0.0
2026-06-27T16:50:49.658Z,47.8,-72,2,-242,0.0
2026-06-27T16:50:49.777Z,48.2,-72,2,-133,0.0
2026-06-27T16:50:49.780Z,48.2,-72,2,-140,0.0
2026-06-27T16:50:49.782Z,48.6,-72,2,-149,0.0
2026-06-27T16:50:49.783Z,48.6,-72,2,-157,0.0
2026-06-27T16:50:49.784Z,49.0,-72,2,-166,0.0
2026-06-27T16:50:49.785Z,48.9,-73,2,-175,0.0
2026-06-27T16:50:49.787Z,47.6,-73,3,-184,0.0
2026-06-27T16:50:49.788Z,48.0,-73,2,-192,0.0
2026-06-27T16:50:49.790Z,48.9,-73,2,-201,0.0
2026-06-27T16:50:49.791Z,48.9,-73,2,-209,0.0
2026-06-27T16:50:49.795Z,48.9,-73,2,-218,0.0
2026-06-27T16:50:49.796Z,48.6,-73,2,-224,0.0
2026-06-27T16:50:49.797Z,48.6,-73,2,-233,0.0
2026-06-27T16:50:49.834Z,48.2,-73,5,-208,0.0
2026-06-27T16:50:49.836Z,48.2,-73,2,-217,0.0
2026-06-27T16:50:49.837Z,48.2,-74,2,-225,0.0
2026-06-27T16:50:49.839Z,48.2,-74,2,-233,0.0
2026-06-27T16:50:49.841Z,48.1,-74,2,-242,0.0
2026-06-27T16:50:49.958Z,48.2,-74,2,-134,0.0
2026-06-27T16:50:49.961Z,48.2,-74,2,-142,0.0
2026-06-27T16:50:49.962Z,48.6,-74,2,-150,0.0
2026-06-27T16:50:49.964Z,48.2,-74,2,-158,0.0
2026-06-27T16:50:49.965Z,48.2,-74,2,-167,0.0
2026-06-27T16:50:49.966Z,48.2,-74,2,-176,0.0
2026-06-27T16:50:49.967Z,48.2,-74,3,-186,0.0
2026-06-27T16:50:49.968Z,48.1,-74,2,-194,0.0
2026-06-27T16:50:49.969Z,49.1,-74,2,-204,0.0
2026-06-27T16:50:49.970Z,48.7,-74,2,-212,0.0
2026-06-27T16:50:49.972Z,48.8,-74,2,-220,0.0
2026-06-27T16:50:49.973Z,48.3,-74,2,-229,0.0
2026-06-27T16:50:49.974Z,48.3,-74,2,-238,0.0
2026-06-27T16:50:50.093Z,48.3,-74,5,-134,0.0
2026-06-27T16:50:50.095Z,48.3,-74,2,-139,0.0
2026-06-27T16:50:50.096Z,48.3,-74,2,-148,0.0
2026-06-27T16:50:50.098Z,48.3,-74,2,-156,0.0
2026-06-27T16:50:50.100Z,48.3,-74,3,-165,0.0
2026-06-27T16:50:50.101Z,47.9,-75,2,-173,0.0
2026-06-27T16:50:50.102Z,48.0,-75,2,-183,0.0
2026-06-27T16:50:50.103Z,48.3,-75,2,-191,0.0
2026-06-27T16:50:50.104Z,48.3,-75,2,-200,0.0
2026-06-27T16:50:50.107Z,48.3,-75,2,-208,0.0
2026-06-27T16:50:50.108Z,48.3,-75,2,-216,0.0
2026-06-27T16:50:50.109Z,48.8,-75,2,-225,0.0
2026-06-27T16:50:50.209Z,48.7,-75,2,-138,0.0
2026-06-27T16:50:50.210Z,48.7,-75,3,-146,0.0
2026-06-27T16:50:50.213Z,48.7,-75,3,-154,0.0
2026-06-27T16:50:50.215Z,49.1,-74,2,-162,0.0
2026-06-27T16:50:50.216Z,49.1,-74,2,-170,0.0
2026-06-27T16:50:50.217Z,49.1,-74,2,-180,0.0
2026-06-27T16:50:50.218Z,48.1,-74,3,-189,0.0
2026-06-27T16:50:50.221Z,48.2,-74,2,-196,0.0
2026-06-27T16:50:50.222Z,48.2,-74,2,-204,0.0
2026-06-27T16:50:50.223Z,49.5,-74,2,-214,0.0
2026-06-27T16:50:50.224Z,48.9,-74,2,-222,0.0
2026-06-27T16:50:50.225Z,49.0,-74,2,-230,0.0
2026-06-27T16:50:50.321Z,48.9,-74,2,-150,0.0
2026-06-27T16:50:50.327Z,22.2,-74,2,-153,0.0
2026-06-27T16:50:50.333Z,22.2,-74,2,-156,0.0
2026-06-27T16:50:50.336Z,48.9,-74,2,-164,0.0
2026-06-27T16:50:50.338Z,21.3,-74,2,-169,0.0
2026-06-27T16:50:50.340Z,22.5,-74,2,-178,0.0
2026-06-27T16:50:50.341Z,22.5,-74,3,-187,0.0
2026-06-27T16:50:50.343Z,49.3,-74,3,-196,0.0
2026-06-27T16:50:50.344Z,49.3,-74,2,-205,0.0
2026-06-27T16:50:50.345Z,49.3,-74,3,-213,0.0
2026-06-27T16:50:50.419Z,49.6,-74,2,-156,0.0
2026-06-27T16:50:50.426Z,48.8,-72,2,-156,0.0
2026-06-27T16:50:50.429Z,48.3,-72,2,-162,0.0
2026-06-27T16:50:50.432Z,36.7,-72,2,-168,0.0
2026-06-27T16:50:50.434Z,20.9,-72,2,-175,0.0
2026-06-27T16:50:50.436Z,19.7,-72,2,-183,0.0
2026-06-27T16:50:50.437Z,20.0,-72,2,-193,0.0
2026-06-27T16:50:50.438Z,20.0,-72,3,-201,0.0
2026-06-27T16:50:50.439Z,21.3,-72,2,-210,0.0
2026-06-27T16:50:50.440Z,19.0,-72,2,-219,0.0
2026-06-27T16:50:50.469Z,20.3,-72,3,-201,0.0
2026-06-27T16:50:50.471Z,18.1,-72,5,-208,0.0
2026-06-27T16:50:50.472Z,19.3,-72,2,-216,0.0
2026-06-27T16:50:50.475Z,18.4,-72,2,-224,0.0
2026-06-27T16:50:50.476Z,18.4,-72,2,-232,0.0
2026-06-27T16:50:50.477Z,18.7,-72,2,-241,0.0
2026-06-27T16:50:50.602Z,18.7,-72,2,-130,0.0
2026-06-27T16:50:50.610Z,18.7,-72,3,-131,0.0
2026-06-27T16:50:50.617Z,19.0,-72,2,-133,0.0
2026-06-27T16:50:50.619Z,19.0,-72,2,-140,0.0
2026-06-27T16:50:50.622Z,20.3,-72,2,-149,0.0
2026-06-27T16:50:50.624Z,22.8,-71,2,-156,0.0
2026-06-27T16:50:50.626Z,31.7,-71,3,-165,0.0
2026-06-27T16:50:50.628Z,32.4,-71,2,-173,0.0
2026-06-27T16:50:50.629Z,31.9,-71,3,-180,0.0
2026-06-27T16:50:50.631Z,22.8,-71,2,-189,0.0
2026-06-27T16:50:50.632Z,19.4,-71,2,-197,0.0
2026-06-27T16:50:50.634Z,19.3,-71,3,-206,0.0
2026-06-27T16:50:50.635Z,31.7,-71,3,-214,0.0
2026-06-27T16:50:50.727Z,19.7,-71,5,-136,0.0
2026-06-27T16:50:50.734Z,19.7,-71,2,-136,0.0
2026-06-27T16:50:50.740Z,31.9,-71,3,-141,0.0
2026-06-27T16:50:50.743Z,32.7,-71,2,-148,0.0
2026-06-27T16:50:50.745Z,32.2,-71,2,-155,0.0
2026-06-27T16:50:50.747Z,32.9,-71,2,-163,0.0
2026-06-27T16:50:50.748Z,32.4,-71,2,-172,0.0
2026-06-27T16:50:50.749Z,32.4,-71,2,-180,0.0
2026-06-27T16:50:50.750Z,31.9,-71,2,-189,0.0
2026-06-27T16:50:50.751Z,31.9,-71,2,-198,0.0
2026-06-27T16:50:50.752Z,32.7,-71,2,-208,0.0
2026-06-27T16:50:50.753Z,32.7,-71,2,-217,0.0
2026-06-27T16:50:50.828Z,32.2,-71,2,-156,0.0
2026-06-27T16:50:50.834Z,32.2,-71,3,-158,0.0
2026-06-27T16:50:50.840Z,31.7,-71,2,-162,0.0
2026-06-27T16:50:50.842Z,31.7,-71,2,-169,0.0
2026-06-27T16:50:50.844Z,31.7,-71,2,-177,0.0
2026-06-27T16:50:50.846Z,31.1,-71,2,-185,0.0
2026-06-27T16:50:50.847Z,31.1,-71,2,-194,0.0
2026-06-27T16:50:50.848Z,31.2,-71,2,-203,0.0
2026-06-27T16:50:50.849Z,31.1,-71,2,-211,0.0
2026-06-27T16:50:50.851Z,30.6,-71,2,-220,0.0
2026-06-27T16:50:50.954Z,30.6,-71,2,-129,0.0
2026-06-27T16:50:50.960Z,30.6,-73,4,-132,0.0
2026-06-27T16:50:50.963Z,30.6,-73,2,-138,0.0
2026-06-27T16:50:50.967Z,30.6,-73,2,-144,0.0
2026-06-27T16:50:50.969Z,30.6,-73,2,-151,0.0
2026-06-27T16:50:50.971Z,31.4,-73,2,-159,0.0
2026-06-27T16:50:50.973Z,30.1,-73,2,-168,0.0
2026-06-27T16:50:50.974Z,30.1,-73,2,-176,0.0
2026-06-27T16:50:50.975Z,30.1,-73,2,-184,0.0
2026-06-27T16:50:50.976Z,30.1,-73,2,-193,0.0
2026-06-27T16:50:50.977Z,30.6,-73,2,-202,0.0
2026-06-27T16:50:50.978Z,30.6,-73,2,-211,0.0
2026-06-27T16:50:50.979Z,30.6,-73,2,-220,0.0
2026-06-27T16:50:51.034Z,30.6,-73,5,-180,0.0
2026-06-27T16:50:51.040Z,30.6,-73,3,-182,0.0
2026-06-27T16:50:51.043Z,30.6,-73,2,-189,0.0
2026-06-27T16:50:51.047Z,30.6,-73,2,-194,0.0
2026-06-27T16:50:51.049Z,30.6,-73,2,-201,0.0
2026-06-27T16:50:51.051Z,29.9,-73,2,-209,0.0
2026-06-27T16:50:51.053Z,29.9,-73,2,-219,0.0
2026-06-27T16:50:51.056Z,29.9,-73,2,-227,0.0
2026-06-27T16:50:51.170Z,29.9,-72,6,-125,0.0
2026-06-27T16:50:51.174Z,29.9,-72,2,-129,0.0
2026-06-27T16:50:51.177Z,29.9,-72,2,-136,0.0
2026-06-27T16:50:51.179Z,29.9,-72,2,-144,0.0
2026-06-27T16:50:51.181Z,29.9,-72,2,-152,0.0
2026-06-27T16:50:51.183Z,29.9,-72,2,-160,0.0
2026-06-27T16:50:51.185Z,29.9,-72,2,-169,0.0
2026-06-27T16:50:51.186Z,29.9,-72,2,-176,0.0
2026-06-27T16:50:51.187Z,30.4,-72,2,-185,0.0
2026-06-27T16:50:51.188Z,30.4,-72,2,-194,0.0
2026-06-27T16:50:51.189Z,30.4,-72,2,-202,0.0
2026-06-27T16:50:51.190Z,31.1,-72,2,-211,0.0
2026-06-27T16:50:51.285Z,31.1,-72,2,-131,0.0
2026-06-27T16:50:51.294Z,31.1,-72,5,-131,0.0
2026-06-27T16:50:51.298Z,20.3,-72,2,-135,0.0
2026-06-27T16:50:51.300Z,20.3,-72,2,-142,0.0
2026-06-27T16:50:51.303Z,19.0,-72,2,-149,0.0
2026-06-27T16:50:51.306Z,22.5,-72,2,-158,0.0
2026-06-27T16:50:51.308Z,22.5,-72,2,-165,0.0
2026-06-27T16:50:51.310Z,22.5,-72,2,-172,0.0
2026-06-27T16:50:51.312Z,21.3,-72,5,-182,0.0
2026-06-27T16:50:51.313Z,21.3,-75,2,-189,0.0
2026-06-27T16:50:51.315Z,21.3,-75,2,-198,0.0
2026-06-27T16:50:51.316Z,21.3,-75,2,-206,0.0
2026-06-27T16:50:51.317Z,21.3,-75,2,-215,0.0
2026-06-27T16:50:51.415Z,22.5,-75,5,-131,0.0
2026-06-27T16:50:51.416Z,22.5,-75,2,-139,0.0
2026-06-27T16:50:51.419Z,22.5,-75,2,-147,0.0
2026-06-27T16:50:51.421Z,30.6,-75,2,-155,0.0
2026-06-27T16:50:51.424Z,30.1,-75,2,-162,0.0
2026-06-27T16:50:51.425Z,30.1,-75,3,-170,0.0
2026-06-27T16:50:51.426Z,30.1,-73,2,-180,0.0
2026-06-27T16:50:51.427Z,30.1,-73,2,-188,0.0
2026-06-27T16:50:51.428Z,30.1,-73,2,-197,0.0
2026-06-27T16:50:51.429Z,30.1,-73,2,-206,0.0
2026-06-27T16:50:51.430Z,19.3,-73,2,-215,0.0
2026-06-27T16:50:51.431Z,19.3,-73,3,-224,0.0
2026-06-27T16:50:51.467Z,19.3,-73,3,-198,0.0
2026-06-27T16:50:51.470Z,18.1,-73,9,-209,0.0
2026-06-27T16:50:51.471Z,19.3,-73,2,-216,0.0
2026-06-27T16:50:51.474Z,19.3,-73,4,-224,0.0
2026-06-27T16:50:51.475Z,19.3,-75,2,-232,0.0
2026-06-27T16:50:51.476Z,19.3,-75,2,-241,0.0
2026-06-27T16:50:51.600Z,21.9,-75,2,-132,0.0
2026-06-27T16:50:51.608Z,29.1,-75,3,-132,0.0
2026-06-27T16:50:51.611Z,20.9,-75,2,-137,0.0
2026-06-27T16:50:51.613Z,19.7,-75,2,-145,0.0
2026-06-27T16:50:51.615Z,19.7,-75,2,-152,0.0
2026-06-27T16:50:51.617Z,19.7,-75,2,-161,0.0
2026-06-27T16:50:51.619Z,18.4,-75,2,-170,0.0
2026-06-27T16:50:51.621Z,18.4,-75,2,-178,0.0
2026-06-27T16:50:51.622Z,18.4,-75,3,-186,0.0
2026-06-27T16:50:51.624Z,18.4,-75,3,-195,0.0
2026-06-27T16:50:51.626Z,18.4,-75,3,-203,0.0
2026-06-27T16:50:51.627Z,18.4,-75,3,-211,0.0
2026-06-27T16:50:51.628Z,19.7,-75,3,-220,0.0
2026-06-27T16:50:51.652Z,19.7,-75,5,-206,0.0
2026-06-27T16:50:51.654Z,23.1,-75,3,-214,0.0
2026-06-27T16:50:51.655Z,23.9,-75,2,-223,0.0
2026-06-27T16:50:51.657Z,23.1,-75,2,-231,0.0
2026-06-27T16:50:51.658Z,23.9,-75,2,-240,0.0
2026-06-27T16:50:51.785Z,30.6,-76,3,-125,0.0
2026-06-27T16:50:51.789Z,23.1,-76,3,-129,0.0
2026-06-27T16:50:51.790Z,22.2,-76,2,-138,0.0
2026-06-27T16:50:51.792Z,22.2,-76,2,-146,0.0
2026-06-27T16:50:51.793Z,22.2,-76,2,-155,0.0
2026-06-27T16:50:51.794Z,22.2,-76,2,-164,0.0
2026-06-27T16:50:51.795Z,23.1,-76,2,-173,0.0
2026-06-27T16:50:51.796Z,30.6,-76,3,-183,0.0
2026-06-27T16:50:51.797Z,31.4,-76,2,-191,0.0
2026-06-27T16:50:51.798Z,31.4,-76,2,-200,0.0
2026-06-27T16:50:51.799Z,31.4,-76,2,-209,0.0
2026-06-27T16:50:51.800Z,31.4,-76,2,-218,0.0
2026-06-27T16:50:51.801Z,30.9,-76,2,-227,0.0
2026-06-27T16:50:51.904Z,30.9,-76,5,-135,0.0
2026-06-27T16:50:51.906Z,30.9,-76,2,-142,0.0
2026-06-27T16:50:51.908Z,30.9,-76,2,-150,0.0
2026-06-27T16:50:51.909Z,30.9,-76,2,-159,0.0
2026-06-27T16:50:51.911Z,30.9,-76,2,-167,0.0
2026-06-27T16:50:51.912Z,30.9,-76,2,-176,0.0
2026-06-27T16:50:51.914Z,30.4,-76,2,-187,0.0
2026-06-27T16:50:51.916Z,30.4,-79,3,-193,0.0
2026-06-27T16:50:51.917Z,30.4,-79,2,-201,0.0
2026-06-27T16:50:51.918Z,30.4,-79,2,-210,0.0
2026-06-27T16:50:51.919Z,30.4,-79,2,-219,0.0
2026-06-27T16:50:51.920Z,30.4,-79,2,-228,0.0
2026-06-27T16:50:52.035Z,30.4,-79,2,-126,0.0
2026-06-27T16:50:52.036Z,30.4,-79,2,-133,0.0
2026-06-27T16:50:52.037Z,30.4,-79,2,-142,0.0
2026-06-27T16:50:52.039Z,31.1,-79,2,-150,0.0
2026-06-27T16:50:52.041Z,31.1,-79,2,-158,0.0
2026-06-27T16:50:52.042Z,31.1,-79,3,-167,0.0
2026-06-27T16:50:52.043Z,31.1,-79,2,-176,0.0
2026-06-27T16:50:52.044Z,31.1,-79,2,-186,0.0
2026-06-27T16:50:52.045Z,31.1,-79,2,-194,0.0
2026-06-27T16:50:52.046Z,31.1,-79,2,-203,0.0
2026-06-27T16:50:52.047Z,31.1,-79,2,-212,0.0
2026-06-27T16:50:52.048Z,31.1,-79,2,-221,0.0
2026-06-27T16:50:52.049Z,31.1,-79,2,-230,0.0
2026-06-27T16:50:52.093Z,31.1,-79,15,-209,0.0
2026-06-27T16:50:52.097Z,31.1,-79,4,-214,0.0
2026-06-27T16:50:52.100Z,31.1,-79,2,-221,0.0
2026-06-27T16:50:52.103Z,31.1,-79,2,-227,0.0
2026-06-27T16:50:52.219Z,30.4,-79,2,-124,0.0
2026-06-27T16:50:52.221Z,30.4,-79,4,-129,0.0
2026-06-27T16:50:52.224Z,30.4,-79,2,-136,0.0
2026-06-27T16:50:52.225Z,30.4,-79,2,-145,0.0
2026-06-27T16:50:52.226Z,30.4,-79,2,-154,0.0
2026-06-27T16:50:52.228Z,30.9,-79,2,-162,0.0
2026-06-27T16:50:52.229Z,30.9,-79,2,-171,0.0
2026-06-27T16:50:52.230Z,30.9,-79,2,-181,0.0
2026-06-27T16:50:52.231Z,30.9,-80,2,-189,0.0
2026-06-27T16:50:52.232Z,30.9,-80,2,-198,0.0
2026-06-27T16:50:52.233Z,30.9,-80,2,-207,0.0
2026-06-27T16:50:52.234Z,30.9,-80,2,-216,0.0
2026-06-27T16:50:52.235Z,30.9,-80,2,-225,0.0
2026-06-27T16:50:52.332Z,31.4,-80,6,-140,0.0
2026-06-27T16:50:52.333Z,30.9,-80,2,-148,0.0
2026-06-27T16:50:52.335Z,31.4,-80,2,-157,0.0
2026-06-27T16:50:52.336Z,31.4,-80,2,-165,0.0
2026-06-27T16:50:52.337Z,31.4,-80,2,-174,0.0
2026-06-27T16:50:52.339Z,31.4,-80,2,-182,0.0
2026-06-27T16:50:52.340Z,31.4,-80,2,-191,0.0
2026-06-27T16:50:52.341Z,31.4,-80,2,-201,0.0
2026-06-27T16:50:52.343Z,31.4,-80,2,-209,0.0
2026-06-27T16:50:52.345Z,31.4,-80,2,-216,0.0
2026-06-27T16:50:52.346Z,31.4,-80,2,-225,0.0
2026-06-27T16:50:52.347Z,31.4,-80,2,-234,0.0
2026-06-27T16:50:52.383Z,31.4,-80,2,-210,0.0
2026-06-27T16:50:52.385Z,30.6,-80,3,-217,0.0
2026-06-27T16:50:52.387Z,30.6,-80,2,-225,0.0
2026-06-27T16:50:52.388Z,30.6,-81,2,-234,0.0
2026-06-27T16:50:52.389Z,30.6,-81,2,-243,0.0
2026-06-27T16:50:52.462Z,30.6,-81,2,-180,0.0
2026-06-27T16:50:52.465Z,30.6,-81,2,-188,0.0
2026-06-27T16:50:52.467Z,31.9,-81,2,-195,0.0
2026-06-27T16:50:52.468Z,23.1,-81,2,-204,0.0
2026-06-27T16:50:52.470Z,31.9,-81,2,-212,0.0
2026-06-27T16:50:52.471Z,31.9,-81,2,-221,0.0
2026-06-27T16:50:52.472Z,31.9,-81,3,-231,0.0
2026-06-27T16:50:52.473Z,31.9,-81,2,-239,0.0
2026-06-27T16:50:52.592Z,31.9,-81,5,-132,0.0
2026-06-27T16:50:52.595Z,31.9,-81,3,-139,0.0
2026-06-27T16:50:52.597Z,31.9,-81,2,-146,0.0
2026-06-27T16:50:52.598Z,31.9,-81,2,-155,0.0
2026-06-27T16:50:52.599Z,31.9,-81,2,-164,0.0
2026-06-27T16:50:52.600Z,31.9,-81,2,-173,0.0
2026-06-27T16:50:52.602Z,31.9,-81,2,-182,0.0
2026-06-27T16:50:52.603Z,31.9,-81,2,-190,0.0
2026-06-27T16:50:52.604Z,31.9,-81,3,-200,0.0
2026-06-27T16:50:52.605Z,31.9,-81,2,-208,0.0
2026-06-27T16:50:52.606Z,31.9,-81,2,-217,0.0
2026-06-27T16:50:52.607Z,31.1,-81,2,-226,0.0
2026-06-27T16:50:52.608Z,30.6,-81,2,-235,0.0
2026-06-27T16:50:52.672Z,31.1,-81,5,-182,0.0
2026-06-27T16:50:52.673Z,31.1,-81,2,-190,0.0
2026-06-27T16:50:52.674Z,31.1,-81,2,-199,0.0
2026-06-27T16:50:52.677Z,31.1,-81,2,-206,0.0
2026-06-27T16:50:52.678Z,31.1,-81,2,-215,0.0
2026-06-27T16:50:52.679Z,31.1,-81,2,-224,0.0
2026-06-27T16:50:52.680Z,31.1,-81,2,-233,0.0
2026-06-27T16:50:52.792Z,31.1,-81,2,-131,0.0
2026-06-27T16:50:52.795Z,31.2,-81,4,-140,0.0
2026-06-27T16:50:52.796Z,31.2,-81,2,-147,0.0
2026-06-27T16:50:52.797Z,31.2,-81,2,-156,0.0
2026-06-27T16:50:52.798Z,31.1,-81,2,-165,0.0
2026-06-27T16:50:52.799Z,31.1,-81,2,-174,0.0
2026-06-27T16:50:52.801Z,31.1,-81,2,-182,0.0
2026-06-27T16:50:52.802Z,31.1,-81,2,-192,0.0
2026-06-27T16:50:52.803Z,31.1,-81,2,-200,0.0
2026-06-27T16:50:52.804Z,31.1,-81,2,-209,0.0
2026-06-27T16:50:52.805Z,31.1,-81,2,-218,0.0
2026-06-27T16:50:52.806Z,31.7,-81,2,-227,0.0
2026-06-27T16:50:52.807Z,31.7,-81,2,-236,0.0
2026-06-27T16:50:52.877Z,31.7,-81,5,-177,0.0
2026-06-27T16:50:52.878Z,31.7,-81,2,-185,0.0
2026-06-27T16:50:52.881Z,31.7,-81,2,-193,0.0
2026-06-27T16:50:52.882Z,31.7,-81,2,-201,0.0
2026-06-27T16:50:52.883Z,31.7,-81,2,-210,0.0
2026-06-27T16:50:52.884Z,31.7,-81,2,-219,0.0
2026-06-27T16:50:52.885Z,31.7,-81,2,-229,0.0
2026-06-27T16:50:52.887Z,32.2,-81,2,-237,0.0
2026-06-27T16:50:53.006Z,30.9,-81,6,-131,0.0
2026-06-27T16:50:53.007Z,30.9,-81,2,-139,0.0
2026-06-27T16:50:53.008Z,30.9,-81,2,-148,0.0
2026-06-27T16:50:53.010Z,30.9,-81,2,-156,0.0
2026-06-27T16:50:53.011Z,30.9,-81,2,-165,0.0
2026-06-27T16:50:53.012Z,30.9,-81,2,-174,0.0
2026-06-27T16:50:53.013Z,30.9,-81,2,-184,0.0
2026-06-27T16:50:53.014Z,31.4,-81,2,-192,0.0
2026-06-27T16:50:53.015Z,31.4,-81,2,-201,0.0
2026-06-27T16:50:53.017Z,31.4,-81,2,-209,0.0
2026-06-27T16:50:53.018Z,31.4,-81,2,-218,0.0
2026-06-27T16:50:53.019Z,31.4,-81,2,-227,0.0
2026-06-27T16:50:53.054Z,31.4,-81,2,-202,0.0
2026-06-27T16:50:53.056Z,31.9,-81,5,-211,0.0
2026-06-27T16:50:53.057Z,31.9,-81,2,-219,0.0
2026-06-27T16:50:53.060Z,31.9,-81,2,-228,0.0
2026-06-27T16:50:53.062Z,31.9,-81,2,-234,0.0
2026-06-27T16:50:53.064Z,31.9,-81,2,-242,0.0
2026-06-27T16:50:53.211Z,31.1,-81,2,-105,0.0
2026-06-27T16:50:53.213Z,31.2,-81,2,-113,0.0
2026-06-27T16:50:53.216Z,31.1,-81,3,-121,0.0
2026-06-27T16:50:53.217Z,31.1,-80,2,-129,0.0
2026-06-27T16:50:53.218Z,31.7,-80,2,-138,0.0
2026-06-27T16:50:53.220Z,31.7,-80,2,-147,0.0
2026-06-27T16:50:53.221Z,31.7,-80,2,-156,0.0
2026-06-27T16:50:53.222Z,31.7,-80,2,-164,0.0
2026-06-27T16:50:53.223Z,31.7,-80,2,-173,0.0
2026-06-27T16:50:53.224Z,31.7,-80,2,-182,0.0
2026-06-27T16:50:53.225Z,31.7,-80,2,-191,0.0
2026-06-27T16:50:53.226Z,31.7,-80,2,-200,0.0
2026-06-27T16:50:53.303Z,32.2,-80,2,-135,0.0
2026-06-27T16:50:53.305Z,32.2,-80,3,-141,0.0
2026-06-27T16:50:53.308Z,32.2,-80,2,-148,0.0
2026-06-27T16:50:53.311Z,32.2,-80,2,-157,0.0
2026-06-27T16:50:53.312Z,32.2,-80,2,-164,0.0
2026-06-27T16:50:53.313Z,32.2,-80,2,-173,0.0
2026-06-27T16:50:53.314Z,32.2,-80,2,-184,0.0
2026-06-27T16:50:53.315Z,31.4,-80,3,-190,0.0
2026-06-27T16:50:53.316Z,31.4,-80,2,-199,0.0
2026-06-27T16:50:53.318Z,31.4,-80,2,-208,0.0
2026-06-27T16:50:53.319Z,31.4,-80,3,-218,0.0
2026-06-27T16:50:53.320Z,31.4,-80,2,-227,0.0
2026-06-27T16:50:53.321Z,31.4,-80,3,-235,0.0
2026-06-27T16:50:53.431Z,31.9,-80,5,-137,0.0
2026-06-27T16:50:53.432Z,31.9,-80,2,-145,0.0
2026-06-27T16:50:53.434Z,31.9,-80,2,-153,0.0
2026-06-27T16:50:53.436Z,31.9,-80,2,-161,0.0
2026-06-27T16:50:53.437Z,32.4,-80,2,-170,0.0
2026-06-27T16:50:53.438Z,32.4,-80,2,-179,0.0
2026-06-27T16:50:53.441Z,32.4,-80,2,-188,0.0
2026-06-27T16:50:53.442Z,32.4,-80,2,-196,0.0
2026-06-27T16:50:53.443Z,31.7,-80,2,-204,0.0
2026-06-27T16:50:53.444Z,31.7,-80,2,-213,0.0
2026-06-27T16:50:53.445Z,31.7,-80,2,-222,0.0
2026-06-27T16:50:53.446Z,31.7,-80,2,-231,0.0
2026-06-27T16:50:53.555Z,32.2,-80,2,-133,0.0
2026-06-27T16:50:53.557Z,32.2,-80,3,-140,0.0
2026-06-27T16:50:53.560Z,32.2,-80,2,-148,0.0
2026-06-27T16:50:53.562Z,32.7,-80,2,-156,0.0
2026-06-27T16:50:53.563Z,32.7,-80,2,-164,0.0
2026-06-27T16:50:53.564Z,32.7,-80,2,-174,0.0
2026-06-27T16:50:53.566Z,23.1,-79,4,-182,0.0
2026-06-27T16:50:53.567Z,31.9,-79,3,-190,0.0
2026-06-27T16:50:53.568Z,31.9,-79,2,-199,0.0
2026-06-27T16:50:53.569Z,32.4,-79,2,-209,0.0
2026-06-27T16:50:53.570Z,32.4,-79,2,-218,0.0
2026-06-27T16:50:53.571Z,22.8,-79,2,-226,0.0
2026-06-27T16:50:53.572Z,32.9,-79,2,-236,0.0
2026-06-27T16:50:53.681Z,32.9,-79,8,-140,0.0
2026-06-27T16:50:53.682Z,32.2,-79,2,-149,0.0
2026-06-27T16:50:53.684Z,32.2,-79,2,-157,0.0
2026-06-27T16:50:53.685Z,22.5,-78,2,-166,0.0
2026-06-27T16:50:53.686Z,32.2,-78,2,-175,0.0
2026-06-27T16:50:53.687Z,32.7,-78,2,-186,0.0
2026-06-27T16:50:53.689Z,32.7,-78,3,-193,0.0
2026-06-27T16:50:53.690Z,31.9,-78,2,-201,0.0
2026-06-27T16:50:53.691Z,22.2,-78,2,-210,0.0
2026-06-27T16:50:53.692Z,23.9,-78,2,-219,0.0
2026-06-27T16:50:53.693Z,32.4,-78,2,-229,0.0
2026-06-27T16:50:53.694Z,32.4,-78,2,-238,0.0
2026-06-27T16:50:53.812Z,32.4,-78,2,-132,0.0
2026-06-27T16:50:53.816Z,32.9,-79,3,-137,0.0
2026-06-27T16:50:53.817Z,32.9,-79,2,-145,0.0
2026-06-27T16:50:53.818Z,32.9,-79,2,-154,0.0
2026-06-27T16:50:53.819Z,32.9,-79,2,-163,0.0
2026-06-27T16:50:53.820Z,33.5,-79,2,-172,0.0
2026-06-27T16:50:53.822Z,33.5,-79,3,-181,0.0
2026-06-27T16:50:53.823Z,32.7,-79,2,-190,0.0
2026-06-27T16:50:53.824Z,32.7,-79,2,-198,0.0
2026-06-27T16:50:53.825Z,32.7,-79,2,-208,0.0
2026-06-27T16:50:53.827Z,33.2,-79,2,-216,0.0
2026-06-27T16:50:53.828Z,33.2,-79,3,-225,0.0
2026-06-27T16:50:53.829Z,33.2,-79,3,-234,0.0
2026-06-27T16:50:53.877Z,33.7,-79,9,-203,0.0
2026-06-27T16:50:53.882Z,33.7,-79,3,-207,0.0
2026-06-27T16:50:53.888Z,22.8,-79,2,-209,0.0
2026-06-27T16:50:53.891Z,33.0,-79,2,-217,0.0
2026-06-27T16:50:53.894Z,32.9,-79,2,-224,0.0
2026-06-27T16:50:54.003Z,34.2,-79,2,-123,0.0
2026-06-27T16:50:54.005Z,33.5,-79,3,-131,0.0
2026-06-27T16:50:54.009Z,33.5,-79,2,-139,0.0
2026-06-27T16:50:54.011Z,24.2,-80,2,-146,0.0
2026-06-27T16:50:54.013Z,34.0,-80,2,-154,0.0
2026-06-27T16:50:54.014Z,34.0,-80,2,-162,0.0
2026-06-27T16:50:54.016Z,34.0,-80,2,-171,0.0
2026-06-27T16:50:54.018Z,33.2,-80,2,-180,0.0
2026-06-27T16:50:54.019Z,33.2,-80,2,-188,0.0
2026-06-27T16:50:54.021Z,33.2,-80,2,-196,0.0
2026-06-27T16:50:54.023Z,33.2,-80,2,-205,0.0
2026-06-27T16:50:54.024Z,29.6,-80,2,-212,0.0
2026-06-27T16:50:54.025Z,33.7,-80,2,-222,0.0
2026-06-27T16:50:54.112Z,33.7,-80,5,-146,0.0
2026-06-27T16:50:54.113Z,33.7,-80,3,-154,0.0
2026-06-27T16:50:54.115Z,28.8,-80,2,-162,0.0
2026-06-27T16:50:54.116Z,34.2,-80,2,-171,0.0
2026-06-27T16:50:54.118Z,29.3,-80,2,-179,0.0
2026-06-27T16:50:54.119Z,29.3,-80,2,-188,0.0
2026-06-27T16:50:54.120Z,23.4,-80,3,-198,0.0
2026-06-27T16:50:54.122Z,25.1,-80,3,-205,0.0
2026-06-27T16:50:54.124Z,29.9,-80,2,-214,0.0
2026-06-27T16:50:54.125Z,29.9,-80,2,-222,0.0
2026-06-27T16:50:54.230Z,23.1,-80,2,-127,0.0
2026-06-27T16:50:54.232Z,22.2,-81,5,-135,0.0
2026-06-27T16:50:54.234Z,23.1,-81,3,-143,0.0
2026-06-27T16:50:54.235Z,23.9,-81,2,-152,0.0
2026-06-27T16:50:54.237Z,24.8,-81,3,-160,0.0
2026-06-27T16:50:54.238Z,33.7,-81,3,-169,0.0
2026-06-27T16:50:54.239Z,33.7,-81,2,-178,0.0
2026-06-27T16:50:54.240Z,33.7,-81,2,-187,0.0
2026-06-27T16:50:54.241Z,33.7,-81,2,-197,0.0
2026-06-27T16:50:54.242Z,33.7,-81,2,-206,0.0
2026-06-27T16:50:54.243Z,33.7,-81,2,-215,0.0
2026-06-27T16:50:54.245Z,34.3,-81,2,-224,0.0
2026-06-27T16:50:54.246Z,34.2,-81,3,-232,0.0
2026-06-27T16:50:54.302Z,34.3,-81,5,-186,0.0
2026-06-27T16:50:54.303Z,34.8,-81,2,-195,0.0
2026-06-27T16:50:54.304Z,34.8,-81,2,-204,0.0
2026-06-27T16:50:54.306Z,29.1,-81,2,-212,0.0
2026-06-27T16:50:54.307Z,29.1,-81,2,-221,0.0
2026-06-27T16:50:54.308Z,29.6,-81,2,-230,0.0
2026-06-27T16:50:54.418Z,29.6,-81,2,-130,0.0
2026-06-27T16:50:54.420Z,23.6,-81,3,-138,0.0
2026-06-27T16:50:54.422Z,25.4,-81,2,-147,0.0
2026-06-27T16:50:54.423Z,28.8,-81,3,-155,0.0
2026-06-27T16:50:54.425Z,29.3,-81,2,-163,0.0
2026-06-27T16:50:54.427Z,29.3,-81,2,-171,0.0
2026-06-27T16:50:54.428Z,34.8,-81,2,-180,0.0
2026-06-27T16:50:54.429Z,34.8,-81,2,-191,0.0
2026-06-27T16:50:54.430Z,29.9,-81,3,-198,0.0
2026-06-27T16:50:54.431Z,29.1,-81,2,-207,0.0
2026-06-27T16:50:54.432Z,25.7,-81,2,-216,0.0
2026-06-27T16:50:54.433Z,26.5,-81,2,-225,0.0
2026-06-27T16:50:54.434Z,27.4,-81,2,-234,0.0
2026-06-27T16:50:54.517Z,29.6,-81,5,-165,0.0
2026-06-27T16:50:54.523Z,24.5,-81,2,-167,0.0
2026-06-27T16:50:54.527Z,25.4,-81,3,-172,0.0
2026-06-27T16:50:54.530Z,28.8,-81,3,-179,0.0
2026-06-27T16:50:54.532Z,34.7,-81,2,-187,0.0
2026-06-27T16:50:54.533Z,29.3,-81,2,-195,0.0
2026-06-27T16:50:54.535Z,29.3,-81,3,-204,0.0
2026-06-27T16:50:54.536Z,34.8,-81,2,-213,0.0
2026-06-27T16:50:54.537Z,35.3,-81,3,-221,0.0
2026-06-27T16:50:54.618Z,35.3,-81,6,-152,0.0
2026-06-27T16:50:54.620Z,34.5,-77,2,-159,0.0
2026-06-27T16:50:54.622Z,35.8,-77,2,-167,0.0
2026-06-27T16:50:54.623Z,35.0,-77,2,-176,0.0
2026-06-27T16:50:54.624Z,35.0,-77,2,-185,0.0
2026-06-27T16:50:54.625Z,35.5,-77,2,-195,0.0
2026-06-27T16:50:54.626Z,35.5,-77,2,-204,0.0
2026-06-27T16:50:54.627Z,29.3,-77,2,-212,0.0
2026-06-27T16:50:54.628Z,25.1,-77,2,-221,0.0
2026-06-27T16:50:54.629Z,35.3,-77,2,-231,0.0
2026-06-27T16:50:54.728Z,35.8,-77,3,-146,0.0
2026-06-27T16:50:54.737Z,35.8,-78,3,-145,0.0
2026-06-27T16:50:54.739Z,35.8,-78,2,-152,0.0
2026-06-27T16:50:54.742Z,36.2,-78,2,-160,0.0
2026-06-27T16:50:54.744Z,36.7,-78,2,-167,0.0
2026-06-27T16:50:54.746Z,35.5,-78,2,-175,0.0
2026-06-27T16:50:54.747Z,35.5,-78,3,-184,0.0
2026-06-27T16:50:54.748Z,35.5,-78,2,-193,0.0
2026-06-27T16:50:54.749Z,35.5,-78,3,-202,0.0
2026-06-27T16:50:54.750Z,36.0,-78,3,-210,0.0
2026-06-27T16:50:54.841Z,36.4,-78,2,-131,0.0
2026-06-27T16:50:54.843Z,36.9,-78,5,-139,0.0
2026-06-27T16:50:54.845Z,35.8,-78,3,-146,0.0
2026-06-27T16:50:54.846Z,35.8,-78,2,-155,0.0
2026-06-27T16:50:54.848Z,35.8,-78,2,-163,0.0
2026-06-27T16:50:54.849Z,35.8,-78,2,-172,0.0
2026-06-27T16:50:54.850Z,35.8,-78,2,-181,0.0
2026-06-27T16:50:54.851Z,35.8,-78,2,-191,0.0
2026-06-27T16:50:54.852Z,36.2,-78,2,-200,0.0
2026-06-27T16:50:54.853Z,36.7,-78,2,-209,0.0
2026-06-27T16:50:54.854Z,35.5,-78,2,-218,0.0
2026-06-27T16:50:54.855Z,35.5,-78,3,-227,0.0
2026-06-27T16:50:54.856Z,35.5,-78,3,-236,0.0
2026-06-27T16:50:54.926Z,35.5,-78,5,-181,0.0
2026-06-27T16:50:54.932Z,37.1,-78,2,-182,0.0
2026-06-27T16:50:54.935Z,36.7,-78,2,-188,0.0
2026-06-27T16:50:54.938Z,36.2,-78,2,-196,0.0
2026-06-27T16:50:54.940Z,35.8,-78,2,-203,0.0
2026-06-27T16:50:54.941Z,35.8,-78,2,-211,0.0
2026-06-27T16:50:54.942Z,35.8,-78,2,-221,0.0
2026-06-27T16:50:54.943Z,35.8,-78,2,-229,0.0
2026-06-27T16:50:54.974Z,35.8,-77,6,-211,0.0
2026-06-27T16:50:54.975Z,35.8,-77,2,-219,0.0
2026-06-27T16:50:54.977Z,35.8,-77,2,-227,0.0
2026-06-27T16:50:54.979Z,35.8,-77,2,-235,0.0
2026-06-27T16:50:54.980Z,35.8,-77,2,-244,0.0
2026-06-27T16:50:55.103Z,35.8,-77,2,-131,0.0
2026-06-27T16:50:55.105Z,35.8,-77,3,-139,0.0
2026-06-27T16:50:55.106Z,35.8,-77,2,-148,0.0
2026-06-27T16:50:55.109Z,35.8,-77,2,-155,0.0
2026-06-27T16:50:55.110Z,35.8,-77,2,-164,0.0
2026-06-27T16:50:55.112Z,35.8,-78,2,-173,0.0
2026-06-27T16:50:55.113Z,35.8,-78,3,-182,0.0
2026-06-27T16:50:55.114Z,35.8,-78,2,-191,0.0
2026-06-27T16:50:55.115Z,35.8,-78,3,-200,0.0
2026-06-27T16:50:55.116Z,35.8,-78,3,-209,0.0
2026-06-27T16:50:55.117Z,35.8,-78,3,-218,0.0
2026-06-27T16:50:55.118Z,35.8,-78,3,-227,0.0
2026-06-27T16:50:55.119Z,36.2,-78,3,-236,0.0
2026-06-27T16:50:55.239Z,36.2,-78,5,-129,0.0
2026-06-27T16:50:55.240Z,36.7,-78,2,-136,0.0
2026-06-27T16:50:55.243Z,36.7,-74,2,-142,0.0
2026-06-27T16:50:55.244Z,37.1,-74,2,-151,0.0
2026-06-27T16:50:55.245Z,37.1,-74,2,-160,0.0
2026-06-27T16:50:55.247Z,37.1,-74,2,-168,0.0
2026-06-27T16:50:55.248Z,37.6,-74,2,-178,0.0
2026-06-27T16:50:55.249Z,36.0,-74,2,-187,0.0
2026-06-27T16:50:55.250Z,36.0,-74,3,-196,0.0
2026-06-27T16:50:55.251Z,36.0,-74,3,-205,0.0
2026-06-27T16:50:55.252Z,36.4,-74,3,-214,0.0
2026-06-27T16:50:55.253Z,36.4,-74,3,-223,0.0
2026-06-27T16:50:55.282Z,36.9,-74,3,-205,0.0
2026-06-27T16:50:55.285Z,36.9,-74,10,-218,0.0
2026-06-27T16:50:55.286Z,37.4,-74,2,-226,0.0
2026-06-27T16:50:55.287Z,37.4,-74,2,-235,0.0
2026-06-27T16:50:55.288Z,37.4,-74,2,-244,0.0
2026-06-27T16:50:55.545Z,37.8,-74,2,1,0.0
2026-06-27T16:50:55.547Z,37.4,-74,3,-6,0.0
2026-06-27T16:50:55.549Z,37.4,-74,2,-13,0.0
2026-06-27T16:50:55.550Z,37.8,-74,2,-22,0.0
2026-06-27T16:50:55.552Z,37.8,-74,2,-31,0.0
2026-06-27T16:50:55.553Z,38.3,-76,3,-40,0.0
2026-06-27T16:50:55.554Z,53.3,-76,3,-50,0.0
2026-06-27T16:50:55.756Z,50.6,-76,2,-252,0.0
2026-06-27T16:50:56.153Z,49.8,-78,6,-132,0.0
2026-06-27T16:50:56.155Z,49.8,-77,3,-141,0.0
2026-06-27T16:50:56.158Z,49.3,-77,3,-148,0.0
2026-06-27T16:50:56.159Z,49.6,-77,2,-176,0.0
2026-06-27T16:50:56.160Z,49.6,-77,2,-185,0.0
2026-06-27T16:50:56.161Z,49.6,-77,2,-194,0.0
2026-06-27T16:50:56.163Z,49.1,-77,2,-202,0.0
2026-06-27T16:50:56.164Z,49.5,-77,2,-211,0.0
2026-06-27T16:50:56.165Z,49.5,-77,2,-220,0.0
2026-06-27T16:50:56.166Z,49.8,-77,2,-229,0.0
2026-06-27T16:50:56.280Z,49.3,-77,2,-126,0.0
2026-06-27T16:50:56.282Z,49.3,-75,3,-134,0.0
2026-06-27T16:50:56.284Z,49.3,-75,2,-142,0.0
2026-06-27T16:50:56.285Z,49.3,-75,2,-150,0.0
2026-06-27T16:50:56.287Z,49.1,-75,2,-159,0.0
2026-06-27T16:50:56.288Z,49.1,-75,2,-167,0.0
2026-06-27T16:50:56.289Z,49.1,-75,2,-176,0.0
2026-06-27T16:50:56.290Z,49.5,-75,2,-186,0.0
2026-06-27T16:50:56.291Z,48.6,-75,2,-194,0.0
2026-06-27T16:50:56.292Z,48.9,-75,2,-203,0.0
2026-06-27T16:50:56.293Z,48.9,-75,2,-212,0.0
2026-06-27T16:50:56.294Z,49.3,-75,2,-221,0.0
2026-06-27T16:50:56.295Z,49.3,-75,2,-229,0.0
2026-06-27T16:50:56.358Z,49.6,-75,5,-181,0.0
2026-06-27T16:50:56.360Z,48.6,-75,2,-186,0.0
2026-06-27T16:50:56.361Z,49.1,-75,2,-195,0.0
2026-06-27T16:50:56.362Z,49.1,-75,2,-204,0.0
2026-06-27T16:50:56.363Z,48.2,-75,2,-213,0.0
2026-06-27T16:50:56.364Z,48.1,-75,2,-222,0.0
2026-06-27T16:50:56.366Z,48.6,-75,2,-230,0.0
2026-06-27T16:50:56.474Z,48.9,-75,2,-132,0.0
2026-06-27T16:50:56.477Z,48.0,-78,3,-139,0.0
2026-06-27T16:50:56.478Z,48.3,-78,2,-148,0.0
2026-06-27T16:50:56.480Z,48.8,-78,2,-156,0.0
2026-06-27T16:50:56.481Z,49.1,-78,2,-165,0.0
2026-06-27T16:50:56.482Z,48.1,-78,2,-174,0.0
2026-06-27T16:50:56.483Z,48.1,-78,2,-183,0.0
2026-06-27T16:50:56.484Z,48.6,-78,2,-193,0.0
2026-06-27T16:50:56.485Z,48.9,-78,2,-200,0.0
2026-06-27T16:50:56.486Z,47.5,-78,2,-209,0.0
2026-06-27T16:50:56.488Z,47.9,-78,2,-218,0.0
2026-06-27T16:50:56.489Z,48.8,-78,2,-227,0.0
2026-06-27T16:50:56.490Z,47.4,-78,2,-236,0.0
2026-06-27T16:50:56.525Z,47.4,-78,5,-213,0.0
2026-06-27T16:50:56.526Z,47.8,-78,2,-222,0.0
2026-06-27T16:50:56.529Z,48.1,-78,2,-229,0.0
2026-06-27T16:50:56.531Z,47.2,-78,2,-238,0.0
2026-06-27T16:50:56.532Z,47.2,-78,2,-246,0.0
2026-06-27T16:50:56.666Z,47.5,-78,2,-122,0.0
2026-06-27T16:50:56.668Z,48.0,-78,2,-130,0.0
2026-06-27T16:50:56.670Z,48.3,-78,2,-138,0.0
2026-06-27T16:50:56.671Z,47.4,-78,3,-147,0.0
2026-06-27T16:50:56.672Z,47.4,-78,2,-156,0.0
2026-06-27T16:50:56.673Z,47.8,-78,2,-164,0.0
2026-06-27T16:50:56.675Z,48.6,-78,2,-174,0.0
2026-06-27T16:50:56.675Z,47.2,-78,2,-182,0.0
2026-06-27T16:50:56.676Z,47.2,-78,2,-191,0.0
2026-06-27T16:50:56.677Z,47.6,-78,2,-200,0.0
2026-06-27T16:50:56.678Z,48.0,-78,2,-209,0.0
2026-06-27T16:50:56.679Z,46.6,-78,2,-218,0.0
2026-06-27T16:50:56.681Z,47.0,-78,2,-227,0.0
2026-06-27T16:50:56.773Z,47.4,-78,8,-150,0.0
2026-06-27T16:50:56.774Z,47.8,-78,3,-158,0.0
2026-06-27T16:50:56.775Z,46.4,-78,2,-167,0.0
2026-06-27T16:50:56.776Z,46.8,-78,2,-175,0.0
2026-06-27T16:50:56.778Z,46.8,-78,2,-184,0.0
2026-06-27T16:50:56.780Z,47.2,-78,2,-192,0.0
2026-06-27T16:50:56.781Z,47.5,-78,2,-202,0.0
2026-06-27T16:50:56.783Z,47.5,-78,2,-209,0.0
2026-06-27T16:50:56.784Z,48.0,-78,2,-218,0.0
2026-06-27T16:50:56.785Z,47.0,-78,2,-227,0.0
2026-06-27T16:50:56.889Z,47.0,-78,5,-135,0.0
2026-06-27T16:50:56.892Z,47.4,-76,4,-142,0.0
2026-06-27T16:50:56.894Z,47.4,-76,2,-149,0.0
2026-06-27T16:50:56.895Z,47.8,-76,2,-158,0.0
2026-06-27T16:50:56.897Z,48.2,-76,2,-167,0.0
2026-06-27T16:50:56.898Z,48.6,-76,2,-175,0.0
2026-06-27T16:50:56.899Z,48.6,-76,2,-184,0.0
2026-06-27T16:50:56.900Z,47.6,-76,2,-194,0.0
2026-06-27T16:50:56.901Z,47.6,-76,2,-202,0.0
2026-06-27T16:50:56.902Z,47.6,-76,2,-211,0.0
2026-06-27T16:50:56.903Z,47.6,-76,2,-220,0.0
2026-06-27T16:50:56.904Z,47.6,-76,2,-229,0.0
2026-06-27T16:50:56.906Z,47.6,-76,2,-237,0.0
2026-06-27T16:50:57.003Z,47.6,-76,5,-152,0.0
2026-06-27T16:50:57.005Z,47.6,-76,2,-159,0.0
2026-06-27T16:50:57.006Z,48.0,-76,2,-168,0.0
2026-06-27T16:50:57.007Z,48.0,-76,2,-177,0.0
2026-06-27T16:50:57.009Z,48.0,-76,2,-186,0.0
2026-06-27T16:50:57.010Z,48.0,-76,2,-194,0.0
2026-06-27T16:50:57.012Z,48.4,-76,2,-202,0.0
2026-06-27T16:50:57.013Z,48.0,-76,2,-211,0.0
2026-06-27T16:50:57.014Z,48.0,-78,2,-220,0.0
2026-06-27T16:50:57.016Z,48.4,-78,2,-228,0.0
2026-06-27T16:50:57.069Z,48.4,-78,2,-185,0.0
2026-06-27T16:50:57.071Z,48.4,-78,5,-195,0.0
2026-06-27T16:50:57.074Z,48.4,-78,2,-204,0.0
2026-06-27T16:50:57.075Z,48.8,-78,2,-211,0.0
2026-06-27T16:50:57.076Z,48.8,-78,2,-220,0.0
2026-06-27T16:50:57.077Z,48.8,-78,2,-229,0.0
2026-06-27T16:50:57.078Z,48.4,-78,2,-238,0.0
2026-06-27T16:50:57.133Z,48.4,-78,2,-194,0.0
2026-06-27T16:50:57.135Z,48.4,-81,4,-203,0.0
2026-06-27T16:50:57.136Z,48.3,-81,2,-210,0.0
2026-06-27T16:50:57.137Z,48.3,-81,2,-219,0.0
2026-06-27T16:50:57.139Z,48.3,-81,2,-227,0.0
2026-06-27T16:50:57.140Z,48.3,-81,2,-236,0.0
2026-06-27T16:50:57.254Z,48.0,-81,2,-132,0.0
2026-06-27T16:50:57.256Z,48.3,-81,3,-140,0.0
2026-06-27T16:50:57.259Z,48.0,-81,2,-147,0.0
2026-06-27T16:50:57.260Z,47.9,-81,2,-156,0.0
2026-06-27T16:50:57.261Z,48.0,-81,2,-165,0.0
2026-06-27T16:50:57.262Z,48.0,-84,2,-174,0.0
2026-06-27T16:50:57.264Z,48.0,-84,2,-183,0.0
2026-06-27T16:50:57.265Z,47.5,-84,2,-191,0.0
2026-06-27T16:50:57.266Z,47.5,-84,2,-200,0.0
2026-06-27T16:50:57.267Z,47.5,-84,2,-209,0.0
2026-06-27T16:50:57.268Z,47.5,-84,2,-218,0.0
2026-06-27T16:50:57.269Z,47.2,-84,2,-227,0.0
2026-06-27T16:50:57.270Z,47.2,-84,2,-236,0.0
2026-06-27T16:50:57.393Z,47.5,-84,5,-125,0.0
2026-06-27T16:50:57.395Z,49.3,-84,2,-133,0.0
2026-06-27T16:50:57.396Z,49.3,-85,2,-142,0.0
2026-06-27T16:50:57.397Z,49.3,-85,2,-151,0.0
2026-06-27T16:50:57.398Z,49.8,-85,2,-160,0.0
2026-06-27T16:50:57.399Z,49.5,-85,2,-180,0.0
2026-06-27T16:50:57.400Z,49.5,-85,2,-188,0.0
2026-06-27T16:50:57.401Z,49.1,-85,2,-197,0.0
2026-06-27T16:50:57.402Z,49.1,-85,2,-206,0.0
2026-06-27T16:50:57.403Z,49.1,-85,2,-215,0.0
2026-06-27T16:50:57.404Z,49.1,-85,2,-226,0.0
2026-06-27T16:50:57.510Z,49.1,-89,4,-134,0.0
2026-06-27T16:50:57.512Z,49.1,-89,2,-140,0.0
2026-06-27T16:50:57.514Z,49.1,-89,2,-148,0.0
2026-06-27T16:50:57.517Z,49.1,-89,2,-156,0.0
2026-06-27T16:50:57.518Z,49.1,-89,2,-164,0.0
2026-06-27T16:50:57.519Z,49.1,-89,2,-173,0.0
2026-06-27T16:50:57.520Z,49.1,-89,2,-182,0.0
2026-06-27T16:50:57.521Z,49.1,-89,2,-192,0.0
2026-06-27T16:50:57.522Z,49.1,-89,2,-200,0.0
2026-06-27T16:50:57.524Z,49.1,-89,2,-208,0.0
2026-06-27T16:50:57.525Z,49.5,-89,2,-217,0.0
2026-06-27T16:50:57.526Z,48.1,-89,2,-226,0.0
2026-06-27T16:50:57.563Z,49.4,-89,2,-200,0.0
2026-06-27T16:50:57.565Z,49.8,-89,5,-209,0.0
2026-06-27T16:50:57.732Z,48.9,-89,2,-131,0.0
2026-06-27T16:50:57.735Z,48.9,-86,2,-140,0.0
2026-06-27T16:50:57.736Z,46.8,-86,3,-148,0.0
2026-06-27T16:50:57.738Z,46.8,-86,2,-155,0.0
2026-06-27T16:50:57.739Z,46.8,-86,2,-164,0.0
2026-06-27T16:50:57.740Z,46.8,-86,2,-173,0.0
2026-06-27T16:50:57.741Z,46.8,-86,2,-182,0.0
2026-06-27T16:50:57.742Z,46.8,-86,2,-191,0.0
2026-06-27T16:50:57.743Z,46.8,-86,2,-200,0.0
2026-06-27T16:50:57.744Z,47.2,-86,2,-209,0.0
2026-06-27T16:50:57.745Z,47.2,-86,2,-218,0.0
2026-06-27T16:50:57.746Z,46.2,-86,2,-227,0.0
2026-06-27T16:50:57.748Z,46.2,-86,2,-235,0.0
2026-06-27T16:50:57.858Z,45.8,-86,5,-138,0.0
2026-06-27T16:50:57.859Z,45.8,-86,2,-146,0.0
2026-06-27T16:50:57.861Z,45.8,-86,2,-154,0.0
2026-06-27T16:50:57.862Z,45.8,-86,2,-163,0.0
2026-06-27T16:50:57.863Z,45.8,-86,2,-172,0.0
2026-06-27T16:50:57.865Z,45.8,-86,3,-181,0.0
2026-06-27T16:50:57.867Z,45.8,-79,2,-189,0.0
2026-06-27T16:50:57.869Z,45.8,-79,2,-197,0.0
2026-06-27T16:50:57.870Z,46.2,-79,2,-205,0.0
2026-06-27T16:50:57.871Z,46.2,-79,2,-214,0.0
2026-06-27T16:50:57.872Z,46.2,-79,2,-223,0.0
2026-06-27T16:50:57.873Z,46.2,-79,2,-232,0.0
2026-06-27T16:50:57.992Z,46.6,-79,2,-126,0.0
2026-06-27T16:50:57.993Z,46.6,-79,3,-134,0.0
2026-06-27T16:50:57.995Z,46.6,-79,2,-142,0.0
2026-06-27T16:50:57.996Z,46.6,-79,2,-151,0.0
2026-06-27T16:50:57.997Z,46.6,-78,2,-160,0.0
2026-06-27T16:50:57.998Z,46.6,-78,2,-169,0.0
2026-06-27T16:50:57.999Z,46.6,-78,3,-179,0.0
2026-06-27T16:50:58.000Z,46.6,-78,2,-187,0.0
2026-06-27T16:50:58.001Z,46.6,-78,2,-196,0.0
2026-06-27T16:50:58.002Z,47.0,-78,2,-205,0.0
2026-06-27T16:50:58.004Z,47.4,-78,2,-213,0.0
2026-06-27T16:50:58.005Z,50.6,-78,2,-223,0.0
2026-06-27T16:50:58.006Z,49.3,-78,3,-232,0.0
2026-06-27T16:50:58.119Z,48.9,-78,10,-135,0.0
2026-06-27T16:50:58.120Z,46.8,-79,2,-143,0.0
2026-06-27T16:50:58.121Z,46.4,-79,2,-152,0.0
2026-06-27T16:50:58.124Z,46.4,-79,2,-159,0.0
2026-06-27T16:50:58.125Z,46.4,-79,2,-168,0.0
2026-06-27T16:50:58.127Z,46.8,-79,2,-177,0.0
2026-06-27T16:50:58.128Z,46.8,-79,2,-186,0.0
2026-06-27T16:50:58.129Z,46.8,-79,2,-194,0.0
2026-06-27T16:50:58.130Z,47.1,-79,2,-203,0.0
2026-06-27T16:50:58.131Z,47.2,-79,2,-212,0.0
2026-06-27T16:50:58.132Z,45.8,-79,2,-221,0.0
2026-06-27T16:50:58.133Z,45.8,-79,2,-230,0.0
2026-06-27T16:50:58.171Z,46.2,-79,2,-204,0.0
2026-06-27T16:50:58.172Z,46.6,-79,2,-213,0.0
2026-06-27T16:50:58.174Z,45.2,-79,2,-221,0.0
2026-06-27T16:50:58.176Z,45.2,-79,2,-229,0.0
2026-06-27T16:50:58.177Z,45.6,-79,2,-238,0.0
2026-06-27T16:50:58.317Z,46.0,-79,2,-112,0.0
2026-06-27T16:50:58.323Z,46.4,-79,4,-116,0.0
2026-06-27T16:50:58.329Z,47.2,-79,2,-118,0.0
2026-06-27T16:50:58.332Z,45.8,-79,3,-125,0.0
2026-06-27T16:50:58.334Z,45.8,-85,2,-133,0.0
2026-06-27T16:50:58.336Z,46.2,-85,2,-141,0.0
2026-06-27T16:50:58.337Z,46.6,-85,2,-149,0.0
2026-06-27T16:50:58.338Z,47.4,-85,2,-159,0.0
2026-06-27T16:50:58.339Z,45.6,-85,2,-167,0.0
2026-06-27T16:50:58.340Z,45.6,-85,2,-176,0.0
2026-06-27T16:50:58.341Z,46.0,-85,2,-185,0.0
2026-06-27T16:50:58.342Z,46.4,-85,2,-194,0.0
2026-06-27T16:50:58.343Z,46.8,-85,2,-203,0.0
2026-06-27T16:50:58.376Z,50.6,-85,8,-186,0.0
2026-06-27T16:50:58.377Z,45.8,-87,2,-194,0.0
2026-06-27T16:50:58.378Z,46.2,-87,2,-203,0.0
2026-06-27T16:50:58.380Z,44.4,-87,2,-211,0.0
2026-06-27T16:50:58.381Z,44.4,-87,2,-220,0.0
2026-06-27T16:50:58.382Z,44.4,-87,2,-229,0.0
2026-06-27T16:50:58.383Z,44.8,-87,2,-238,0.0
2026-06-27T16:50:58.509Z,45.2,-87,2,-122,0.0
2026-06-27T16:50:58.511Z,45.2,-87,3,-130,0.0
2026-06-27T16:50:58.512Z,45.2,-87,2,-139,0.0
2026-06-27T16:50:58.514Z,45.2,-87,3,-147,0.0
2026-06-27T16:50:58.515Z,45.6,-85,2,-156,0.0
2026-06-27T16:50:58.516Z,46.0,-85,2,-165,0.0
2026-06-27T16:50:58.518Z,44.2,-85,2,-175,0.0
2026-06-27T16:50:58.519Z,44.2,-85,2,-182,0.0
2026-06-27T16:50:58.520Z,44.6,-85,2,-191,0.0
2026-06-27T16:50:58.521Z,45.0,-85,2,-200,0.0
2026-06-27T16:50:58.522Z,45.4,-85,2,-209,0.0
2026-06-27T16:50:58.523Z,43.6,-85,2,-218,0.0
2026-06-27T16:50:58.524Z,44.0,-85,2,-227,0.0
2026-06-27T16:50:58.527Z,44.0,-85,8,-239,0.0
2026-06-27T16:50:58.611Z,44.4,-80,3,-164,0.0
2026-06-27T16:50:58.613Z,44.4,-80,4,-173,0.0
2026-06-27T16:50:58.615Z,44.4,-80,2,-181,0.0
2026-06-27T16:50:58.616Z,44.8,-80,2,-190,0.0
2026-06-27T16:50:58.617Z,44.8,-80,2,-199,0.0
2026-06-27T16:50:58.618Z,43.8,-80,2,-208,0.0
2026-06-27T16:50:58.620Z,43.8,-80,2,-217,0.0
2026-06-27T16:50:58.622Z,43.8,-80,2,-225,0.0
2026-06-27T16:50:58.623Z,43.8,-80,2,-233,0.0
2026-06-27T16:50:58.748Z,44.2,-80,6,-123,0.0
2026-06-27T16:50:58.750Z,44.6,-78,2,-131,0.0
2026-06-27T16:50:58.752Z,43.2,-78,2,-140,0.0
2026-06-27T16:50:58.753Z,43.2,-78,2,-148,0.0
2026-06-27T16:50:58.754Z,43.6,-78,3,-157,0.0
2026-06-27T16:50:58.755Z,43.6,-78,2,-166,0.0
2026-06-27T16:50:58.757Z,43.6,-78,2,-175,0.0
2026-06-27T16:50:58.758Z,44.0,-78,2,-183,0.0
2026-06-27T16:50:58.759Z,44.4,-78,2,-192,0.0
2026-06-27T16:50:58.760Z,44.4,-78,2,-201,0.0
2026-06-27T16:50:58.761Z,44.4,-78,2,-210,0.0
2026-06-27T16:50:58.762Z,44.8,-78,2,-219,0.0
2026-06-27T16:50:58.890Z,43.8,-78,2,-102,0.0
2026-06-27T16:50:58.892Z,43.8,-78,5,-111,0.0
2026-06-27T16:50:58.894Z,44.2,-78,2,-118,0.0
2026-06-27T16:50:58.896Z,43.8,-78,2,-126,0.0
2026-06-27T16:50:58.897Z,44.2,-78,2,-135,0.0
2026-06-27T16:50:58.898Z,44.2,-78,2,-144,0.0
2026-06-27T16:50:58.899Z,44.6,-78,2,-153,0.0
2026-06-27T16:50:58.900Z,45.0,-78,2,-162,0.0
2026-06-27T16:50:58.902Z,43.2,-75,3,-172,0.0
2026-06-27T16:50:58.903Z,43.2,-75,3,-180,0.0
2026-06-27T16:50:58.904Z,43.6,-75,2,-188,0.0
2026-06-27T16:50:58.906Z,44.0,-75,2,-196,0.0
2026-06-27T16:50:58.907Z,44.4,-75,2,-205,0.0
2026-06-27T16:50:59.016Z,43.0,-75,5,-108,0.0
2026-06-27T16:50:59.017Z,43.8,-75,25,-138,0.0
2026-06-27T16:50:59.019Z,44.2,-75,2,-146,0.0
2026-06-27T16:50:59.021Z,42.8,-74,2,-155,0.0
2026-06-27T16:50:59.022Z,42.8,-74,3,-163,0.0
2026-06-27T16:50:59.023Z,43.2,-74,3,-172,0.0
2026-06-27T16:50:59.025Z,43.6,-74,3,-181,0.0
2026-06-27T16:50:59.026Z,42.6,-74,2,-189,0.0
2026-06-27T16:50:59.027Z,42.6,-74,2,-198,0.0
2026-06-27T16:50:59.028Z,42.6,-74,2,-207,0.0
2026-06-27T16:50:59.029Z,43.0,-74,2,-216,0.0
2026-06-27T16:50:59.030Z,43.0,-74,2,-225,0.0
2026-06-27T16:50:59.140Z,43.4,-74,2,-129,0.0
2026-06-27T16:50:59.146Z,43.8,-74,9,-138,0.0
2026-06-27T16:50:59.151Z,42.4,-73,2,-141,0.0
2026-06-27T16:50:59.154Z,42.4,-73,3,-148,0.0
2026-06-27T16:50:59.156Z,42.8,-73,3,-156,0.0
2026-06-27T16:50:59.157Z,42.8,-73,3,-164,0.0
2026-06-27T16:50:59.158Z,42.8,-73,2,-173,0.0
2026-06-27T16:50:59.160Z,43.2,-73,2,-183,0.0
2026-06-27T16:50:59.161Z,43.2,-73,2,-190,0.0
2026-06-27T16:50:59.162Z,29.1,-73,2,-198,0.0
2026-06-27T16:50:59.163Z,29.9,-73,2,-207,0.0
2026-06-27T16:50:59.165Z,30.6,-73,2,-215,0.0
2026-06-27T16:50:59.166Z,29.3,-73,2,-224,0.0
2026-06-27T16:50:59.229Z,28.8,-73,4,-172,0.0
2026-06-27T16:50:59.231Z,28.8,-73,2,-179,0.0
2026-06-27T16:50:59.233Z,29.6,-73,2,-187,0.0
2026-06-27T16:50:59.234Z,29.1,-73,2,-196,0.0
2026-06-27T16:50:59.236Z,27.4,-73,2,-204,0.0
2026-06-27T16:50:59.237Z,25.7,-73,2,-213,0.0
2026-06-27T16:50:59.238Z,29.3,-73,2,-223,0.0
2026-06-27T16:50:59.239Z,26.8,-73,2,-231,0.0
2026-06-27T16:50:59.355Z,28.8,-73,5,-129,0.0
2026-06-27T16:50:59.356Z,27.1,-77,2,-138,0.0
2026-06-27T16:50:59.359Z,25.4,-77,2,-145,0.0
2026-06-27T16:50:59.360Z,42.4,-77,3,-155,0.0
2026-06-27T16:50:59.361Z,25.7,-77,3,-163,0.0
2026-06-27T16:50:59.363Z,24.8,-77,2,-171,0.0
2026-06-27T16:50:59.364Z,41.9,-77,3,-182,0.0
2026-06-27T16:50:59.365Z,25.9,-77,3,-189,0.0
2026-06-27T16:50:59.366Z,25.1,-77,2,-198,0.0
2026-06-27T16:50:59.368Z,25.1,-77,2,-207,0.0
2026-06-27T16:50:59.369Z,27.1,-77,2,-215,0.0
2026-06-27T16:50:59.370Z,25.4,-77,2,-224,0.0
2026-06-27T16:50:59.438Z,24.5,-77,2,-166,0.0
2026-06-27T16:50:59.441Z,41.7,-77,4,-175,0.0
2026-06-27T16:50:59.442Z,25.7,-77,3,-182,0.0
2026-06-27T16:50:59.443Z,23.9,-77,2,-191,0.0
2026-06-27T16:50:59.445Z,23.9,-77,3,-199,0.0
2026-06-27T16:50:59.447Z,24.8,-77,2,-208,0.0
2026-06-27T16:50:59.448Z,26.8,-77,3,-216,0.0
2026-06-27T16:50:59.450Z,24.2,-77,2,-224,0.0
2026-06-27T16:50:59.452Z,24.2,-77,3,-232,0.0
2026-06-27T16:50:59.546Z,24.2,-80,6,-149,0.0
2026-06-27T16:50:59.548Z,27.1,-80,2,-157,0.0
2026-06-27T16:50:59.552Z,25.4,-80,2,-164,0.0
2026-06-27T16:50:59.553Z,23.6,-80,3,-172,0.0
2026-06-27T16:50:59.554Z,23.6,-80,2,-181,0.0
2026-06-27T16:50:59.556Z,23.6,-80,2,-189,0.0
2026-06-27T16:50:59.557Z,23.6,-80,3,-199,0.0
2026-06-27T16:50:59.558Z,26.5,-80,3,-207,0.0
2026-06-27T16:50:59.559Z,24.8,-80,2,-216,0.0
2026-06-27T16:50:59.635Z,23.9,-80,2,-150,0.0
2026-06-27T16:50:59.637Z,23.1,-83,5,-158,0.0
2026-06-27T16:50:59.639Z,23.1,-83,2,-167,0.0
2026-06-27T16:50:59.642Z,23.1,-83,2,-174,0.0
2026-06-27T16:50:59.643Z,26.8,-83,2,-182,0.0
2026-06-27T16:50:59.644Z,25.1,-83,2,-191,0.0
2026-06-27T16:50:59.645Z,24.2,-83,3,-200,0.0
2026-06-27T16:50:59.647Z,23.4,-83,2,-208,0.0
2026-06-27T16:50:59.648Z,22.5,-83,3,-218,0.0
2026-06-27T16:50:59.649Z,22.5,-83,3,-226,0.0
2026-06-27T16:50:59.650Z,22.5,-83,2,-235,0.0
2026-06-27T16:50:59.760Z,22.5,-83,6,-137,0.0
2026-06-27T16:50:59.761Z,22.5,-83,2,-145,0.0
2026-06-27T16:50:59.763Z,23.4,-83,2,-153,0.0
2026-06-27T16:50:59.764Z,23.4,-83,2,-162,0.0
2026-06-27T16:50:59.765Z,25.4,-83,2,-171,0.0
2026-06-27T16:50:59.767Z,25.4,-83,3,-179,0.0
2026-06-27T16:50:59.768Z,24.5,-83,2,-189,0.0
2026-06-27T16:50:59.769Z,23.6,-83,3,-197,0.0
2026-06-27T16:50:59.770Z,22.8,-83,2,-206,0.0
2026-06-27T16:50:59.772Z,22.8,-83,2,-215,0.0
2026-06-27T16:50:59.773Z,22.8,-83,2,-223,0.0
2026-06-27T16:50:59.774Z,22.8,-83,2,-232,0.0
2026-06-27T16:50:59.820Z,22.8,-83,2,-197,0.0
2026-06-27T16:50:59.822Z,22.8,-83,2,-205,0.0
2026-06-27T16:50:59.824Z,22.8,-83,3,-212,0.0
2026-06-27T16:50:59.825Z,22.8,-83,2,-221,0.0
2026-06-27T16:50:59.826Z,22.8,-83,3,-230,0.0
2026-06-27T16:50:59.828Z,22.8,-83,2,-238,0.0
2026-06-27T16:50:59.876Z,22.8,-83,3,-200,0.0
2026-06-27T16:50:59.877Z,22.8,-83,3,-208,0.0
2026-06-27T16:50:59.880Z,22.8,-83,4,-216,0.0
2026-06-27T16:50:59.881Z,22.8,-83,3,-225,0.0
2026-06-27T16:50:59.883Z,22.8,-83,2,-234,0.0
2026-06-27T16:50:59.884Z,22.8,-83,2,-242,0.0
2026-06-27T16:51:00.008Z,22.8,-83,3,-129,0.0
2026-06-27T16:51:00.011Z,22.8,-83,3,-136,0.0
2026-06-27T16:51:00.012Z,22.8,-83,2,-145,0.0
2026-06-27T16:51:00.014Z,22.8,-83,2,-153,0.0
2026-06-27T16:51:00.015Z,22.8,-83,2,-162,0.0
2026-06-27T16:51:00.017Z,22.8,-83,2,-171,0.0
2026-06-27T16:51:00.020Z,21.9,-83,5,-179,0.0
2026-06-27T16:51:00.021Z,21.9,-85,3,-186,0.0
2026-06-27T16:51:00.023Z,21.9,-85,2,-194,0.0
2026-06-27T16:51:00.024Z,22.8,-85,2,-203,0.0
2026-06-27T16:51:00.026Z,22.8,-85,2,-211,0.0
2026-06-27T16:51:00.027Z,22.8,-85,2,-220,0.0
2026-06-27T16:51:00.130Z,22.8,-85,2,-127,0.0
2026-06-27T16:51:00.132Z,22.8,-85,5,-136,0.0
2026-06-27T16:51:00.134Z,22.8,-85,3,-143,0.0
2026-06-27T16:51:00.135Z,22.8,-85,3,-152,0.0
2026-06-27T16:51:00.136Z,22.8,-85,2,-161,0.0
2026-06-27T16:51:00.138Z,22.8,-85,3,-169,0.0
2026-06-27T16:51:00.139Z,22.8,-85,2,-178,0.0
2026-06-27T16:51:00.140Z,22.8,-85,2,-187,0.0
2026-06-27T16:51:00.141Z,22.8,-85,3,-197,0.0
2026-06-27T16:51:00.142Z,21.9,-85,3,-205,0.0
2026-06-27T16:51:00.143Z,21.9,-85,2,-214,0.0
2026-06-27T16:51:00.144Z,21.9,-85,2,-222,0.0
2026-06-27T16:51:00.146Z,21.9,-85,2,-231,0.0
2026-06-27T16:51:00.181Z,25.7,-85,4,-207,0.0
2026-06-27T16:51:00.182Z,23.9,-85,10,-221,0.0
2026-06-27T16:51:00.184Z,22.2,-85,2,-228,0.0
2026-06-27T16:51:00.185Z,22.2,-85,2,-237,0.0
2026-06-27T16:51:00.187Z,22.2,-85,2,-245,0.0
2026-06-27T16:51:00.317Z,22.2,-85,2,-126,0.0
2026-06-27T16:51:00.321Z,23.1,-85,3,-132,0.0
2026-06-27T16:51:00.323Z,25.1,-85,2,-140,0.0
2026-06-27T16:51:00.324Z,22.5,-85,3,-148,0.0
2026-06-27T16:51:00.326Z,22.5,-85,2,-156,0.0
2026-06-27T16:51:00.328Z,22.5,-85,2,-165,0.0
2026-06-27T16:51:00.329Z,22.5,-85,2,-174,0.0
2026-06-27T16:51:00.330Z,25.4,-83,2,-182,0.0
2026-06-27T16:51:00.331Z,23.6,-83,2,-191,0.0
2026-06-27T16:51:00.332Z,22.8,-83,2,-200,0.0
2026-06-27T16:51:00.333Z,21.9,-83,2,-209,0.0
2026-06-27T16:51:00.334Z,21.9,-83,2,-218,0.0
2026-06-27T16:51:00.335Z,21.9,-83,2,-227,0.0
2026-06-27T16:51:00.534Z,21.9,-83,5,-40,0.0
2026-06-27T16:51:00.537Z,24.8,-83,3,-46,0.0
2026-06-27T16:51:00.539Z,23.1,-83,2,-54,0.0
2026-06-27T16:51:00.540Z,22.2,-83,2,-62,0.0
2026-06-27T16:51:00.542Z,22.2,-83,3,-70,0.0
2026-06-27T16:51:00.543Z,22.2,-83,2,-79,0.0
2026-06-27T16:51:00.544Z,22.2,-83,2,-88,0.0
2026-06-27T16:51:00.545Z,22.2,-83,3,-98,0.0
2026-06-27T16:51:00.546Z,22.2,-83,2,-106,0.0
2026-06-27T16:51:00.548Z,22.2,-83,2,-115,0.0
2026-06-27T16:51:00.549Z,22.2,-83,2,-123,0.0
2026-06-27T16:51:00.550Z,25.9,-83,2,-132,0.0
2026-06-27T16:51:00.644Z,24.2,-83,2,-49,0.0
2026-06-27T16:51:00.645Z,21.3,-83,2,-58,0.0
2026-06-27T16:51:00.649Z,22.5,-83,3,-65,0.0
2026-06-27T16:51:00.651Z,22.5,-83,2,-73,0.0
2026-06-27T16:51:00.653Z,22.5,-83,2,-81,0.0
2026-06-27T16:51:00.657Z,22.5,-83,2,-87,0.0
2026-06-27T16:51:00.659Z,21.6,-83,2,-95,0.0
2026-06-27T16:51:00.661Z,21.6,-83,3,-104,0.0
2026-06-27T16:51:00.662Z,22.8,-83,2,-111,0.0
2026-06-27T16:51:00.664Z,21.9,-83,2,-120,0.0
2026-06-27T16:51:00.665Z,21.9,-83,2,-128,0.0
2026-06-27T16:51:00.667Z,21.9,-83,2,-137,0.0
2026-06-27T16:51:00.668Z,20.9,-83,2,-145,0.0
2026-06-27T16:51:00.781Z,21.6,-83,98,-137,0.0
2026-06-27T16:51:00.785Z,22.8,-83,2,-142,0.0
2026-06-27T16:51:00.788Z,21.9,-83,2,-149,0.0
2026-06-27T16:51:00.790Z,20.9,-83,2,-157,0.0
2026-06-27T16:51:00.792Z,20.9,-83,2,-164,0.0
2026-06-27T16:51:00.794Z,21.3,-83,2,-173,0.0
2026-06-27T16:51:00.795Z,21.3,-83,2,-181,0.0
2026-06-27T16:51:00.799Z,22.5,-83,2,-188,0.0
2026-06-27T16:51:00.800Z,21.6,-83,2,-196,0.0
2026-06-27T16:51:00.801Z,22.8,-83,2,-205,0.0
2026-06-27T16:51:00.802Z,21.9,-83,2,-214,0.0
2026-06-27T16:51:00.803Z,37.1,-83,2,-224,0.0
2026-06-27T16:51:00.869Z,23.1,-83,3,-168,0.0
2026-06-27T16:51:00.870Z,22.2,-83,2,-177,0.0
2026-06-27T16:51:00.871Z,22.2,-83,2,-186,0.0
2026-06-27T16:51:00.874Z,25.9,-83,2,-194,0.0
2026-06-27T16:51:00.875Z,24.2,-83,3,-202,0.0
2026-06-27T16:51:00.876Z,23.4,-83,3,-211,0.0
2026-06-27T16:51:00.877Z,37.8,-83,3,-221,0.0
2026-06-27T16:51:00.878Z,37.4,-83,2,-229,0.0
2026-06-27T16:51:00.970Z,39.0,-83,5,-152,0.0
2026-06-27T16:51:00.981Z,38.5,-81,2,-151,0.0
2026-06-27T16:51:00.984Z,37.1,-81,3,-156,0.0
2026-06-27T16:51:00.987Z,36.7,-81,2,-162,0.0
2026-06-27T16:51:00.989Z,36.7,-81,2,-170,0.0
2026-06-27T16:51:00.991Z,37.4,-81,2,-178,0.0
2026-06-27T16:51:00.993Z,36.9,-81,2,-186,0.0
2026-06-27T16:51:00.994Z,36.4,-81,3,-195,0.0
2026-06-27T16:51:00.995Z,36.0,-81,2,-204,0.0
2026-06-27T16:51:00.996Z,37.1,-81,3,-212,0.0
2026-06-27T16:51:01.069Z,36.7,-81,2,-150,0.0
2026-06-27T16:51:01.071Z,36.2,-78,5,-158,0.0
2026-06-27T16:51:01.073Z,36.2,-78,2,-165,0.0
2026-06-27T16:51:01.074Z,36.9,-78,2,-174,0.0
2026-06-27T16:51:01.075Z,36.4,-78,2,-183,0.0
2026-06-27T16:51:01.077Z,36.0,-78,2,-192,0.0
2026-06-27T16:51:01.078Z,36.0,-78,2,-200,0.0
2026-06-27T16:51:01.079Z,37.1,-78,2,-210,0.0
2026-06-27T16:51:01.080Z,36.2,-78,2,-219,0.0
2026-06-27T16:51:01.081Z,35.8,-78,2,-228,0.0
2026-06-27T16:51:01.187Z,35.8,-78,3,-131,0.0
2026-06-27T16:51:01.191Z,36.6,-79,6,-140,0.0
2026-06-27T16:51:01.192Z,36.0,-79,2,-148,0.0
2026-06-27T16:51:01.194Z,35.5,-79,2,-157,0.0
2026-06-27T16:51:01.195Z,37.1,-79,2,-165,0.0
2026-06-27T16:51:01.196Z,36.7,-79,2,-174,0.0
2026-06-27T16:51:01.197Z,35.8,-79,2,-183,0.0
2026-06-27T16:51:01.199Z,35.8,-79,2,-193,0.0
2026-06-27T16:51:01.200Z,36.9,-79,2,-201,0.0
2026-06-27T16:51:01.201Z,36.0,-79,2,-210,0.0
2026-06-27T16:51:01.202Z,35.5,-79,3,-219,0.0
2026-06-27T16:51:01.203Z,35.5,-79,3,-228,0.0
2026-06-27T16:51:01.204Z,37.1,-79,3,-237,0.0
2026-06-27T16:51:01.274Z,35.8,-79,4,-178,0.0
2026-06-27T16:51:01.276Z,35.8,-79,3,-185,0.0
2026-06-27T16:51:01.277Z,35.3,-79,2,-194,0.0
2026-06-27T16:51:01.278Z,36.0,-79,2,-203,0.0
2026-06-27T16:51:01.280Z,35.5,-79,2,-211,0.0
2026-06-27T16:51:01.281Z,35.0,-79,2,-220,0.0
2026-06-27T16:51:01.282Z,35.0,-79,2,-230,0.0
2026-06-27T16:51:01.283Z,35.8,-79,2,-239,0.0
2026-06-27T16:51:01.403Z,35.3,-82,7,-131,0.0
2026-06-27T16:51:01.404Z,34.8,-82,2,-139,0.0
2026-06-27T16:51:01.406Z,34.3,-82,2,-147,0.0
2026-06-27T16:51:01.408Z,35.0,-82,2,-155,0.0
2026-06-27T16:51:01.409Z,35.0,-82,2,-164,0.0
2026-06-27T16:51:01.410Z,34.5,-82,2,-173,0.0
2026-06-27T16:51:01.411Z,35.3,-82,2,-183,0.0
2026-06-27T16:51:01.412Z,34.8,-82,2,-192,0.0
2026-06-27T16:51:01.413Z,34.2,-82,2,-201,0.0
2026-06-27T16:51:01.414Z,34.2,-82,2,-210,0.0
2026-06-27T16:51:01.416Z,35.0,-82,2,-218,0.0
2026-06-27T16:51:01.417Z,34.5,-82,3,-227,0.0
2026-06-27T16:51:01.478Z,34.5,-82,3,-176,0.0
2026-06-27T16:51:01.480Z,34.0,-82,5,-186,0.0
2026-06-27T16:51:01.482Z,34.8,-82,3,-193,0.0
2026-06-27T16:51:01.483Z,34.2,-82,2,-202,0.0
2026-06-27T16:51:01.484Z,34.2,-82,2,-211,0.0
2026-06-27T16:51:01.485Z,33.7,-82,2,-220,0.0
2026-06-27T16:51:01.486Z,33.7,-82,2,-229,0.0
2026-06-27T16:51:01.487Z,34.5,-82,2,-239,0.0
2026-06-27T16:51:01.607Z,34.0,-84,6,-131,0.0
2026-06-27T16:51:01.608Z,34.0,-84,2,-140,0.0
2026-06-27T16:51:01.609Z,34.0,-84,2,-149,0.0
2026-06-27T16:51:01.611Z,34.8,-84,2,-157,0.0
2026-06-27T16:51:01.612Z,33.5,-84,2,-166,0.0
2026-06-27T16:51:01.613Z,34.3,-84,2,-175,0.0
2026-06-27T16:51:01.614Z,34.3,-84,2,-185,0.0
2026-06-27T16:51:01.615Z,33.7,-84,2,-194,0.0
2026-06-27T16:51:01.616Z,33.7,-84,3,-203,0.0
2026-06-27T16:51:01.617Z,33.2,-84,2,-212,0.0
2026-06-27T16:51:01.618Z,33.2,-84,2,-221,0.0
2026-06-27T16:51:01.619Z,34.0,-84,2,-230,0.0
2026-06-27T16:51:01.661Z,34.0,-84,3,-198,0.0
2026-06-27T16:51:01.663Z,33.5,-84,5,-208,0.0
2026-06-27T16:51:01.665Z,33.5,-84,3,-215,0.0
2026-06-27T16:51:01.666Z,33.0,-84,2,-224,0.0
2026-06-27T16:51:01.667Z,33.0,-84,2,-233,0.0
2026-06-27T16:51:01.669Z,32.4,-84,2,-241,0.0
2026-06-27T16:51:01.791Z,32.4,-84,2,-129,0.0
2026-06-27T16:51:01.793Z,33.2,-84,3,-137,0.0
2026-06-27T16:51:01.795Z,33.2,-83,2,-145,0.0
2026-06-27T16:51:01.796Z,32.7,-83,2,-154,0.0
2026-06-27T16:51:01.797Z,32.7,-83,2,-163,0.0
2026-06-27T16:51:01.798Z,32.7,-83,2,-172,0.0
2026-06-27T16:51:01.799Z,33.5,-83,3,-182,0.0
2026-06-27T16:51:01.800Z,32.2,-83,2,-190,0.0
2026-06-27T16:51:01.801Z,32.2,-83,2,-198,0.0
2026-06-27T16:51:01.802Z,32.9,-83,2,-208,0.0
2026-06-27T16:51:01.803Z,32.9,-83,2,-217,0.0
2026-06-27T16:51:01.805Z,32.9,-83,2,-226,0.0
2026-06-27T16:51:01.806Z,32.9,-83,2,-235,0.0
2026-06-27T16:51:01.883Z,34.2,-83,5,-170,0.0
2026-06-27T16:51:01.884Z,36.2,-83,2,-177,0.0
2026-06-27T16:51:01.885Z,37.1,-83,2,-187,0.0
2026-06-27T16:51:01.886Z,33.5,-83,2,-195,0.0
2026-06-27T16:51:01.888Z,33.5,-83,2,-203,0.0
2026-06-27T16:51:01.890Z,33.5,-83,2,-211,0.0
2026-06-27T16:51:01.891Z,33.5,-83,3,-221,0.0
2026-06-27T16:51:01.892Z,33.5,-83,2,-230,0.0
2026-06-27T16:51:01.893Z,32.2,-83,2,-238,0.0
2026-06-27T16:51:01.990Z,32.2,-83,5,-153,0.0
2026-06-27T16:51:01.993Z,32.2,-81,3,-160,0.0
2026-06-27T16:51:01.994Z,32.7,-81,2,-168,0.0
2026-06-27T16:51:01.995Z,32.7,-81,2,-177,0.0
2026-06-27T16:51:01.997Z,32.7,-81,2,-185,0.0
2026-06-27T16:51:01.998Z,32.7,-81,2,-194,0.0
2026-06-27T16:51:01.999Z,31.9,-81,2,-204,0.0
2026-06-27T16:51:02.000Z,31.9,-81,2,-212,0.0
2026-06-27T16:51:02.001Z,31.9,-81,2,-221,0.0
2026-06-27T16:51:02.002Z,32.4,-81,2,-230,0.0
2026-06-27T16:51:02.089Z,32.4,-81,2,-154,0.0
2026-06-27T16:51:02.092Z,32.4,-80,4,-161,0.0
2026-06-27T16:51:02.095Z,32.4,-80,2,-168,0.0
2026-06-27T16:51:02.096Z,32.9,-80,2,-176,0.0
2026-06-27T16:51:02.097Z,32.2,-80,2,-185,0.0
2026-06-27T16:51:02.099Z,32.2,-80,2,-193,0.0
2026-06-27T16:51:02.100Z,32.2,-80,2,-202,0.0
2026-06-27T16:51:02.101Z,32.7,-80,2,-213,0.0
2026-06-27T16:51:02.102Z,32.7,-80,3,-221,0.0
2026-06-27T16:51:02.103Z,33.2,-80,2,-230,0.0
2026-06-27T16:51:02.104Z,32.4,-80,3,-238,0.0
2026-06-27T16:51:02.212Z,32.4,-80,6,-142,0.0
2026-06-27T16:51:02.214Z,32.9,-80,3,-149,0.0
2026-06-27T16:51:02.215Z,33.0,-80,2,-158,0.0
2026-06-27T16:51:02.218Z,33.5,-80,2,-165,0.0
2026-06-27T16:51:02.219Z,33.5,-80,2,-174,0.0
2026-06-27T16:51:02.220Z,32.7,-80,2,-183,0.0
2026-06-27T16:51:02.221Z,33.2,-80,2,-193,0.0
2026-06-27T16:51:02.223Z,33.2,-80,2,-201,0.0
2026-06-27T16:51:02.224Z,33.7,-80,2,-210,0.0
2026-06-27T16:51:02.225Z,33.7,-80,2,-219,0.0
2026-06-27T16:51:02.226Z,34.3,-80,2,-228,0.0
2026-06-27T16:51:02.227Z,34.2,-80,3,-237,0.0
2026-06-27T16:51:02.297Z,34.8,-80,3,-178,0.0
2026-06-27T16:51:02.298Z,34.0,-80,3,-186,0.0
2026-06-27T16:51:02.301Z,35.3,-80,2,-194,0.0
2026-06-27T16:51:02.302Z,34.5,-80,2,-202,0.0
2026-06-27T16:51:02.303Z,35.8,-80,2,-211,0.0
2026-06-27T16:51:02.304Z,35.0,-80,2,-220,0.0
2026-06-27T16:51:02.305Z,35.5,-80,2,-230,0.0
2026-06-27T16:51:02.306Z,35.5,-80,2,-240,0.0
2026-06-27T16:51:02.429Z,35.5,-81,3,-132,0.0
2026-06-27T16:51:02.431Z,36.0,-81,2,-136,0.0
2026-06-27T16:51:02.434Z,35.3,-81,2,-143,0.0
2026-06-27T16:51:02.435Z,35.3,-81,2,-152,0.0
2026-06-27T16:51:02.436Z,35.8,-81,2,-161,0.0
2026-06-27T16:51:02.437Z,35.8,-81,2,-170,0.0
2026-06-27T16:51:02.438Z,35.0,-81,2,-180,0.0
2026-06-27T16:51:02.440Z,35.0,-81,2,-188,0.0
2026-06-27T16:51:02.441Z,35.5,-81,3,-197,0.0
2026-06-27T16:51:02.442Z,34.8,-81,3,-206,0.0
2026-06-27T16:51:02.443Z,35.3,-81,3,-215,0.0
2026-06-27T16:51:02.444Z,35.3,-81,3,-224,0.0
2026-06-27T16:51:02.553Z,35.8,-81,3,-126,0.0
2026-06-27T16:51:02.555Z,35.0,-81,6,-134,0.0
2026-06-27T16:51:02.558Z,35.0,-81,2,-140,0.0
2026-06-27T16:51:02.559Z,35.5,-81,2,-149,0.0
2026-06-27T16:51:02.560Z,34.8,-81,2,-158,0.0
2026-06-27T16:51:02.562Z,35.3,-81,2,-166,0.0
2026-06-27T16:51:02.563Z,35.8,-81,2,-175,0.0
2026-06-27T16:51:02.564Z,35.0,-81,2,-186,0.0
2026-06-27T16:51:02.565Z,35.0,-79,2,-193,0.0
2026-06-27T16:51:02.566Z,35.5,-79,2,-202,0.0
2026-06-27T16:51:02.567Z,36.4,-79,2,-211,0.0
2026-06-27T16:51:02.568Z,35.3,-79,2,-220,0.0
2026-06-27T16:51:02.569Z,35.8,-79,2,-229,0.0
2026-06-27T16:51:02.682Z,36.7,-79,5,-132,0.0
2026-06-27T16:51:02.692Z,35.5,-79,2,-129,0.0
2026-06-27T16:51:02.696Z,35.5,-79,2,-135,0.0
2026-06-27T16:51:02.698Z,36.5,-79,2,-142,0.0
2026-06-27T16:51:02.700Z,35.8,-79,2,-150,0.0
2026-06-27T16:51:02.702Z,35.8,-79,4,-158,0.0
2026-06-27T16:51:02.703Z,37.1,-78,3,-167,0.0
2026-06-27T16:51:02.705Z,35.5,-78,2,-176,0.0
2026-06-27T16:51:02.706Z,36.0,-78,3,-184,0.0
2026-06-27T16:51:02.708Z,37.4,-78,2,-192,0.0
2026-06-27T16:51:02.709Z,35.8,-78,2,-201,0.0
2026-06-27T16:51:02.710Z,36.2,-78,3,-210,0.0
2026-06-27T16:51:02.810Z,36.0,-78,2,-121,0.0
2026-06-27T16:51:02.811Z,36.4,-78,10,-134,0.0
2026-06-27T16:51:02.813Z,37.8,-78,3,-142,0.0
2026-06-27T16:51:02.815Z,36.2,-78,2,-149,0.0
2026-06-27T16:51:02.816Z,36.7,-78,2,-158,0.0
2026-06-27T16:51:02.817Z,36.4,-78,2,-167,0.0
2026-06-27T16:51:02.818Z,36.4,-78,2,-178,0.0
2026-06-27T16:51:02.819Z,37.8,-78,2,-186,0.0
2026-06-27T16:51:02.820Z,36.7,-78,2,-195,0.0
2026-06-27T16:51:02.821Z,37.1,-78,3,-204,0.0
2026-06-27T16:51:02.823Z,36.9,-78,3,-213,0.0
2026-06-27T16:51:02.824Z,36.9,-78,2,-221,0.0
2026-06-27T16:51:02.825Z,38.3,-78,2,-230,0.0
2026-06-27T16:51:02.906Z,37.1,-78,4,-160,0.0
2026-06-27T16:51:02.908Z,38.0,-78,2,-167,0.0
2026-06-27T16:51:02.910Z,37.3,-78,2,-175,0.0
2026-06-27T16:51:02.911Z,37.8,-78,2,-184,0.0
2026-06-27T16:51:02.913Z,39.2,-78,2,-194,0.0
2026-06-27T16:51:02.914Z,37.6,-78,2,-202,0.0
2026-06-27T16:51:02.915Z,39.0,-78,2,-212,0.0
2026-06-27T16:51:02.917Z,37.9,-78,3,-219,0.0
2026-06-27T16:51:02.918Z,38.3,-78,2,-228,0.0
2026-06-27T16:51:02.919Z,38.0,-78,2,-237,0.0
2026-06-27T16:51:03.027Z,39.0,-78,6,-143,0.0
2026-06-27T16:51:03.032Z,38.3,-75,3,-146,0.0
2026-06-27T16:51:03.035Z,38.7,-75,2,-153,0.0
2026-06-27T16:51:03.037Z,38.5,-75,2,-161,0.0
2026-06-27T16:51:03.039Z,39.0,-75,2,-169,0.0
2026-06-27T16:51:03.041Z,40.3,-75,2,-177,0.0
2026-06-27T16:51:03.042Z,38.7,-75,3,-186,0.0
2026-06-27T16:51:03.044Z,40.6,-75,2,-193,0.0
2026-06-27T16:51:03.045Z,39.4,-75,2,-202,0.0
2026-06-27T16:51:03.046Z,40.8,-75,2,-211,0.0
2026-06-27T16:51:03.117Z,39.6,-75,2,-150,0.0
2026-06-27T16:51:03.119Z,41.0,-77,5,-158,0.0
2026-06-27T16:51:03.121Z,39.9,-77,2,-167,0.0
2026-06-27T16:51:03.122Z,41.2,-77,2,-175,0.0
2026-06-27T16:51:03.124Z,39.6,-77,3,-183,0.0
2026-06-27T16:51:03.126Z,41.0,-77,2,-191,0.0
2026-06-27T16:51:03.127Z,39.9,-77,2,-200,0.0
2026-06-27T16:51:03.128Z,40.8,-77,2,-210,0.0
2026-06-27T16:51:03.129Z,40.6,-77,3,-218,0.0
2026-06-27T16:51:03.130Z,41.0,-77,2,-227,0.0
2026-06-27T16:51:03.237Z,42.4,-77,2,-133,0.0
2026-06-27T16:51:03.242Z,40.8,-78,5,-138,0.0
2026-06-27T16:51:03.244Z,41.7,-78,2,-146,0.0
2026-06-27T16:51:03.246Z,41.0,-78,3,-154,0.0
2026-06-27T16:51:03.247Z,41.5,-78,2,-162,0.0
2026-06-27T16:51:03.248Z,42.4,-78,3,-171,0.0
2026-06-27T16:51:03.250Z,41.3,-78,3,-179,0.0
2026-06-27T16:51:03.251Z,41.7,-78,3,-189,0.0
2026-06-27T16:51:03.252Z,43.2,-78,3,-197,0.0
2026-06-27T16:51:03.253Z,41.5,-78,2,-206,0.0
2026-06-27T16:51:03.254Z,41.9,-78,2,-215,0.0
2026-06-27T16:51:03.255Z,43.4,-78,2,-224,0.0
2026-06-27T16:51:03.256Z,42.6,-78,2,-233,0.0
2026-06-27T16:51:03.295Z,42.2,-78,4,-208,0.0
2026-06-27T16:51:03.300Z,43.2,-78,2,-212,0.0
2026-06-27T16:51:03.303Z,42.8,-78,2,-219,0.0
2026-06-27T16:51:03.304Z,41.9,-78,3,-226,0.0
2026-06-27T16:51:03.305Z,42.4,-78,3,-235,0.0
2026-06-27T16:51:03.420Z,43.0,-78,3,-133,0.0
2026-06-27T16:51:03.427Z,42.6,-78,2,-135,0.0
2026-06-27T16:51:03.430Z,42.2,-78,2,-142,0.0
2026-06-27T16:51:03.432Z,42.2,-75,2,-149,0.0
2026-06-27T16:51:03.434Z,43.2,-75,3,-157,0.0
2026-06-27T16:51:03.435Z,42.8,-75,2,-165,0.0
2026-06-27T16:51:03.436Z,42.4,-75,3,-175,0.0
2026-06-27T16:51:03.437Z,42.4,-75,3,-183,0.0
2026-06-27T16:51:03.438Z,43.0,-75,2,-192,0.0
2026-06-27T16:51:03.439Z,42.6,-75,2,-201,0.0
2026-06-27T16:51:03.440Z,42.6,-75,2,-210,0.0
2026-06-27T16:51:03.441Z,42.6,-75,2,-218,0.0
2026-06-27T16:51:03.443Z,43.2,-75,2,-227,0.0
2026-06-27T16:51:03.526Z,42.8,-75,5,-158,0.0
2026-06-27T16:51:03.530Z,42.8,-75,2,-163,0.0
2026-06-27T16:51:03.534Z,42.8,-75,3,-168,0.0
2026-06-27T16:51:03.537Z,42.8,-75,2,-175,0.0
2026-06-27T16:51:03.539Z,43.4,-75,3,-183,0.0
2026-06-27T16:51:03.540Z,43.4,-75,2,-191,0.0
2026-06-27T16:51:03.541Z,43.0,-75,2,-201,0.0
2026-06-27T16:51:03.542Z,43.0,-75,3,-209,0.0
2026-06-27T16:51:03.543Z,43.0,-75,2,-218,0.0
2026-06-27T16:51:03.544Z,44.0,-75,2,-227,0.0
2026-06-27T16:51:03.649Z,43.6,-75,5,-134,0.0
2026-06-27T16:51:03.651Z,43.2,-74,3,-142,0.0
2026-06-27T16:51:03.654Z,43.2,-74,2,-150,0.0
2026-06-27T16:51:03.656Z,43.2,-74,2,-158,0.0
2026-06-27T16:51:03.658Z,44.2,-74,2,-166,0.0
2026-06-27T16:51:03.660Z,43.8,-74,2,-174,0.0
2026-06-27T16:51:03.662Z,43.4,-74,2,-183,0.0
2026-06-27T16:51:03.664Z,43.4,-74,2,-190,0.0
2026-06-27T16:51:03.665Z,44.4,-74,2,-198,0.0
2026-06-27T16:51:03.667Z,44.0,-74,2,-206,0.0
2026-06-27T16:51:03.669Z,43.6,-74,2,-215,0.0
2026-06-27T16:51:03.671Z,43.6,-74,2,-223,0.0
2026-06-27T16:51:03.673Z,43.6,-74,2,-231,0.0
2026-06-27T16:51:03.738Z,43.6,-74,4,-181,0.0
2026-06-27T16:51:03.745Z,43.6,-74,2,-184,0.0
2026-06-27T16:51:03.749Z,45.0,-74,2,-189,0.0
2026-06-27T16:51:03.752Z,44.6,-74,2,-196,0.0
2026-06-27T16:51:03.754Z,44.6,-74,2,-203,0.0
2026-06-27T16:51:03.756Z,44.2,-74,2,-211,0.0
2026-06-27T16:51:03.757Z,44.2,-74,2,-219,0.0
2026-06-27T16:51:03.827Z,45.6,-74,5,-164,0.0
2026-06-27T16:51:03.834Z,44.8,-75,3,-166,0.0
2026-06-27T16:51:03.837Z,44.8,-75,2,-173,0.0
2026-06-27T16:51:03.839Z,44.8,-75,2,-180,0.0
2026-06-27T16:51:03.842Z,45.8,-75,2,-187,0.0
2026-06-27T16:51:03.844Z,45.4,-75,2,-196,0.0
2026-06-27T16:51:03.845Z,47.6,-75,3,-204,0.0
2026-06-27T16:51:03.846Z,46.8,-75,2,-212,0.0
2026-06-27T16:51:03.847Z,46.8,-75,2,-222,0.0
2026-06-27T16:51:03.937Z,49.3,-75,7,-146,0.0
2026-06-27T16:51:03.938Z,47.6,-77,2,-154,0.0
2026-06-27T16:51:03.940Z,46.8,-77,2,-162,0.0
2026-06-27T16:51:03.941Z,46.4,-77,2,-171,0.0
2026-06-27T16:51:03.943Z,46.0,-77,2,-179,0.0
2026-06-27T16:51:03.944Z,46.0,-77,2,-188,0.0
2026-06-27T16:51:03.946Z,47.4,-77,2,-197,0.0
2026-06-27T16:51:03.947Z,47.0,-77,2,-205,0.0
2026-06-27T16:51:03.949Z,47.0,-77,2,-213,0.0
2026-06-27T16:51:03.950Z,47.0,-77,2,-222,0.0
2026-06-27T16:51:03.951Z,47.0,-77,2,-233,0.0
2026-06-27T16:51:04.080Z,48.3,-80,4,-117,0.0
2026-06-27T16:51:04.083Z,49.3,-80,2,-123,0.0
2026-06-27T16:51:04.085Z,48.9,-80,2,-131,0.0
2026-06-27T16:51:04.086Z,47.0,-80,2,-140,0.0
2026-06-27T16:51:04.088Z,46.6,-80,2,-149,0.0
2026-06-27T16:51:04.089Z,47.0,-80,2,-157,0.0
2026-06-27T16:51:04.090Z,47.0,-80,2,-167,0.0
2026-06-27T16:51:04.091Z,47.0,-80,2,-175,0.0
2026-06-27T16:51:04.093Z,47.0,-80,2,-184,0.0
2026-06-27T16:51:04.094Z,47.0,-80,2,-192,0.0
2026-06-27T16:51:04.095Z,46.5,-80,2,-201,0.0
2026-06-27T16:51:04.096Z,46.2,-80,2,-210,0.0
2026-06-27T16:51:04.195Z,45.8,-80,2,-122,0.0
2026-06-27T16:51:04.197Z,45.4,-80,5,-132,0.0
2026-06-27T16:51:04.199Z,45.4,-80,2,-140,0.0
2026-06-27T16:51:04.200Z,45.4,-80,2,-148,0.0
2026-06-27T16:51:04.201Z,46.4,-80,2,-157,0.0
2026-06-27T16:51:04.202Z,46.0,-80,2,-166,0.0
2026-06-27T16:51:04.203Z,45.6,-80,2,-175,0.0
2026-06-27T16:51:04.205Z,45.2,-80,2,-185,0.0
2026-06-27T16:51:04.206Z,44.8,-83,3,-193,0.0
2026-06-27T16:51:04.207Z,45.8,-83,2,-201,0.0
2026-06-27T16:51:04.208Z,45.4,-83,2,-210,0.0
2026-06-27T16:51:04.209Z,45.4,-83,2,-219,0.0
2026-06-27T16:51:04.210Z,46.8,-83,2,-228,0.0
2026-06-27T16:51:04.456Z,46.0,-83,5,5,0.0
2026-06-27T16:51:04.458Z,45.6,-83,15,-14,0.0
2026-06-27T16:51:04.461Z,45.2,-83,2,-21,0.0
2026-06-27T16:51:04.462Z,46.6,-83,2,-29,0.0
2026-06-27T16:51:04.464Z,45.8,-84,2,-38,0.0
2026-06-27T16:51:04.465Z,45.4,-84,2,-46,0.0
2026-06-27T16:51:04.466Z,45.4,-84,3,-55,0.0
2026-06-27T16:51:04.467Z,46.8,-84,2,-65,0.0
2026-06-27T16:51:04.469Z,46.0,-84,2,-72,0.0
2026-06-27T16:51:04.470Z,46.0,-84,2,-81,0.0
2026-06-27T16:51:04.472Z,45.6,-84,2,-90,0.0
2026-06-27T16:51:04.473Z,46.0,-84,2,-98,0.0
2026-06-27T16:51:04.582Z,47.0,-84,2,0,0.0
2026-06-27T16:51:04.585Z,46.2,-84,25,-29,0.0
2026-06-27T16:51:04.587Z,46.2,-84,2,-36,0.0
2026-06-27T16:51:04.589Z,45.8,-84,2,-45,0.0
2026-06-27T16:51:04.590Z,45.8,-84,2,-53,0.0
2026-06-27T16:51:04.591Z,45.8,-84,2,-62,0.0
2026-06-27T16:51:04.592Z,46.8,-84,2,-71,0.0
2026-06-27T16:51:04.593Z,46.4,-84,2,-80,0.0
2026-06-27T16:51:04.594Z,46.4,-84,2,-89,0.0
2026-06-27T16:51:04.595Z,46.4,-84,2,-98,0.0
2026-06-27T16:51:04.597Z,46.4,-84,4,-107,0.0
2026-06-27T16:51:04.598Z,46.0,-83,2,-116,0.0
2026-06-27T16:51:04.599Z,46.0,-83,2,-125,0.0
2026-06-27T16:51:04.914Z,35.8,-83,4,-109,0.0
2026-06-27T16:51:04.916Z,35.8,-80,2,-115,0.0
2026-06-27T16:51:04.918Z,35.8,-80,2,-124,0.0
2026-06-27T16:51:04.920Z,35.8,-80,2,-132,0.0
2026-06-27T16:51:04.921Z,36.9,-80,2,-140,0.0
2026-06-27T16:51:04.923Z,36.4,-80,2,-149,0.0
2026-06-27T16:51:04.924Z,36.4,-80,3,-158,0.0
2026-06-27T16:51:04.926Z,36.0,-80,2,-167,0.0
2026-06-27T16:51:04.927Z,36.0,-80,3,-175,0.0
2026-06-27T16:51:04.928Z,35.5,-80,3,-184,0.0
2026-06-27T16:51:04.930Z,35.5,-80,3,-193,0.0
2026-06-27T16:51:04.931Z,35.5,-80,3,-201,0.0
2026-06-27T16:51:05.014Z,35.5,-80,3,-130,0.0
2026-06-27T16:51:05.021Z,35.0,-80,6,-133,0.0
2026-06-27T16:51:05.023Z,35.0,-80,2,-140,0.0
2026-06-27T16:51:05.025Z,33.7,-80,2,-147,0.0
2026-06-27T16:51:05.027Z,35.8,-80,2,-155,0.0
2026-06-27T16:51:05.032Z,35.8,-80,2,-163,0.0
2026-06-27T16:51:05.034Z,35.8,-80,2,-169,0.0
2026-06-27T16:51:05.035Z,35.8,-80,2,-177,0.0
2026-06-27T16:51:05.037Z,35.8,-76,2,-186,0.0
2026-06-27T16:51:05.038Z,35.8,-76,2,-195,0.0
2026-06-27T16:51:05.039Z,36.9,-76,2,-204,0.0
2026-06-27T16:51:05.040Z,36.9,-76,2,-213,0.0
2026-06-27T16:51:05.041Z,36.4,-76,2,-222,0.0
2026-06-27T16:51:05.161Z,36.4,-76,5,-115,0.0
2026-06-27T16:51:05.165Z,36.4,-76,3,-121,0.0
2026-06-27T16:51:05.167Z,36.0,-76,2,-127,0.0
2026-06-27T16:51:05.169Z,36.0,-76,2,-134,0.0
2026-06-27T16:51:05.171Z,30.6,-76,2,-142,0.0
2026-06-27T16:51:05.173Z,30.6,-75,2,-151,0.0
2026-06-27T16:51:05.174Z,36.0,-75,3,-159,0.0
2026-06-27T16:51:05.175Z,36.0,-75,2,-169,0.0
2026-06-27T16:51:05.176Z,46.8,-75,2,-178,0.0
2026-06-27T16:51:05.177Z,48.6,-75,2,-187,0.0
2026-06-27T16:51:05.178Z,48.6,-75,2,-196,0.0
2026-06-27T16:51:05.179Z,48.6,-75,2,-205,0.0
2026-06-27T16:51:05.270Z,48.6,-75,2,-127,0.0
2026-06-27T16:51:05.278Z,50.0,-75,19,-145,0.0
2026-06-27T16:51:05.282Z,50.0,-75,2,-151,0.0
2026-06-27T16:51:05.286Z,35.5,-75,2,-155,0.0
2026-06-27T16:51:05.290Z,35.5,-75,2,-162,0.0
2026-06-27T16:51:05.293Z,36.0,-75,2,-168,0.0
2026-06-27T16:51:05.294Z,36.0,-75,2,-175,0.0
2026-06-27T16:51:05.296Z,36.4,-75,2,-184,0.0
2026-06-27T16:51:05.297Z,36.9,-75,2,-192,0.0
2026-06-27T16:51:05.298Z,36.9,-75,2,-201,0.0
2026-06-27T16:51:05.299Z,37.4,-75,2,-210,0.0
2026-06-27T16:51:05.324Z,37.5,-75,2,-198,0.0
2026-06-27T16:51:05.328Z,37.4,-73,3,-203,0.0
2026-06-27T16:51:05.330Z,37.4,-73,2,-209,0.0
2026-06-27T16:51:05.331Z,37.4,-73,2,-218,0.0
2026-06-27T16:51:05.332Z,37.8,-73,2,-227,0.0
2026-06-27T16:51:05.333Z,37.8,-73,2,-237,0.0
2026-06-27T16:51:05.457Z,37.8,-73,2,-128,0.0
2026-06-27T16:51:05.466Z,35.8,-73,3,-124,0.0
2026-06-27T16:51:05.469Z,35.8,-73,2,-131,0.0
2026-06-27T16:51:05.471Z,35.8,-73,2,-139,0.0
2026-06-27T16:51:05.472Z,35.8,-73,2,-147,0.0
2026-06-27T16:51:05.474Z,35.8,-73,2,-156,0.0
2026-06-27T16:51:05.475Z,35.8,-73,2,-165,0.0
2026-06-27T16:51:05.476Z,35.8,-73,2,-174,0.0
2026-06-27T16:51:05.477Z,35.8,-73,3,-183,0.0
2026-06-27T16:51:05.478Z,35.8,-73,3,-192,0.0
2026-06-27T16:51:05.479Z,35.8,-73,3,-201,0.0
2026-06-27T16:51:05.481Z,37.4,-73,3,-209,0.0
2026-06-27T16:51:05.482Z,37.4,-73,2,-218,0.0
2026-06-27T16:51:05.574Z,37.4,-73,4,-137,0.0
2026-06-27T16:51:05.576Z,36.9,-73,2,-144,0.0
2026-06-27T16:51:05.578Z,36.9,-73,2,-152,0.0
2026-06-27T16:51:05.579Z,30.4,-73,2,-161,0.0
2026-06-27T16:51:05.580Z,30.4,-73,2,-170,0.0
2026-06-27T16:51:05.583Z,30.4,-73,2,-178,0.0
2026-06-27T16:51:05.584Z,30.4,-73,2,-188,0.0
2026-06-27T16:51:05.585Z,30.4,-73,3,-195,0.0
2026-06-27T16:51:05.586Z,35.5,-73,2,-205,0.0
2026-06-27T16:51:05.587Z,31.1,-73,3,-213,0.0
2026-06-27T16:51:05.588Z,31.1,-73,2,-222,0.0
2026-06-27T16:51:05.589Z,23.9,-73,2,-231,0.0
2026-06-27T16:51:05.702Z,22.2,-73,5,-133,0.0
2026-06-27T16:51:05.710Z,22.2,-73,2,-135,0.0
2026-06-27T16:51:05.719Z,22.2,-73,2,-135,0.0
2026-06-27T16:51:05.722Z,22.2,-73,2,-142,0.0
2026-06-27T16:51:05.724Z,22.2,-73,2,-149,0.0
2026-06-27T16:51:05.726Z,34.0,-73,2,-157,0.0
2026-06-27T16:51:05.728Z,32.7,-73,2,-166,0.0
2026-06-27T16:51:05.729Z,34.0,-73,2,-174,0.0
2026-06-27T16:51:05.731Z,33.5,-73,2,-182,0.0
2026-06-27T16:51:05.732Z,33.5,-73,2,-191,0.0
2026-06-27T16:51:05.733Z,34.2,-73,3,-200,0.0
2026-06-27T16:51:05.734Z,33.0,-73,2,-209,0.0
2026-06-27T16:51:05.735Z,32.9,-73,2,-218,0.0
2026-06-27T16:51:05.779Z,32.4,-73,8,-187,0.0
2026-06-27T16:51:05.785Z,32.4,-73,2,-192,0.0
2026-06-27T16:51:05.786Z,31.9,-73,2,-200,0.0
2026-06-27T16:51:05.787Z,31.9,-73,2,-209,0.0
2026-06-27T16:51:05.788Z,31.4,-73,2,-218,0.0
2026-06-27T16:51:05.790Z,31.4,-73,2,-227,0.0
2026-06-27T16:51:05.791Z,31.4,-73,2,-237,0.0
2026-06-27T16:51:05.999Z,30.9,-75,7,-41,0.0
2026-06-27T16:51:06.000Z,30.9,-75,2,-49,0.0
2026-06-27T16:51:06.002Z,32.2,-75,2,-57,0.0
2026-06-27T16:51:06.003Z,31.7,-75,2,-66,0.0
2026-06-27T16:51:06.004Z,31.7,-75,2,-75,0.0
2026-06-27T16:51:06.005Z,31.7,-75,2,-84,0.0
2026-06-27T16:51:06.006Z,31.1,-75,2,-94,0.0
2026-06-27T16:51:06.007Z,31.1,-75,2,-101,0.0
2026-06-27T16:51:06.009Z,31.2,-75,2,-110,0.0
2026-06-27T16:51:06.010Z,31.1,-75,2,-119,0.0
2026-06-27T16:51:06.011Z,31.9,-75,2,-128,0.0
2026-06-27T16:51:06.012Z,31.9,-75,2,-137,0.0
2026-06-27T16:51:06.086Z,31.9,-75,2,-73,0.0
2026-06-27T16:51:06.088Z,31.9,-75,5,-82,0.0
2026-06-27T16:51:06.091Z,31.4,-75,2,-88,0.0
2026-06-27T16:51:06.092Z,31.4,-75,2,-97,0.0
2026-06-27T16:51:06.094Z,31.4,-75,2,-105,0.0
2026-06-27T16:51:06.095Z,31.4,-75,2,-114,0.0
2026-06-27T16:51:06.096Z,32.2,-75,55,-174,0.0
2026-06-27T16:51:06.097Z,32.2,-74,3,-182,0.0
2026-06-27T16:51:06.098Z,31.7,-74,2,-191,0.0
2026-06-27T16:51:06.099Z,31.7,-74,2,-200,0.0
2026-06-27T16:51:06.100Z,31.7,-74,2,-209,0.0
2026-06-27T16:51:06.101Z,31.7,-74,2,-219,0.0
2026-06-27T16:51:06.102Z,31.7,-74,2,-227,0.0
2026-06-27T16:51:06.195Z,31.1,-74,8,-156,0.0
2026-06-27T16:51:06.197Z,31.1,-77,2,-163,0.0
2026-06-27T16:51:06.200Z,31.1,-77,2,-170,0.0
2026-06-27T16:51:06.201Z,31.1,-77,2,-179,0.0
2026-06-27T16:51:06.203Z,31.9,-77,2,-187,0.0
2026-06-27T16:51:06.204Z,31.9,-77,2,-196,0.0
2026-06-27T16:51:06.205Z,30.6,-77,2,-206,0.0
2026-06-27T16:51:06.206Z,30.6,-77,2,-214,0.0
2026-06-27T16:51:06.207Z,30.6,-77,2,-223,0.0
2026-06-27T16:51:06.310Z,30.6,-77,2,-131,0.0
2026-06-27T16:51:06.312Z,31.4,-76,5,-139,0.0
2026-06-27T16:51:06.314Z,31.4,-76,2,-147,0.0
2026-06-27T16:51:06.316Z,31.4,-76,2,-154,0.0
2026-06-27T16:51:06.317Z,30.1,-76,2,-163,0.0
2026-06-27T16:51:06.319Z,30.1,-76,2,-171,0.0
2026-06-27T16:51:06.320Z,30.9,-76,2,-180,0.0
2026-06-27T16:51:06.321Z,30.9,-76,2,-189,0.0
2026-06-27T16:51:06.322Z,30.9,-76,2,-199,0.0
2026-06-27T16:51:06.323Z,30.9,-76,2,-207,0.0
2026-06-27T16:51:06.324Z,29.6,-76,2,-216,0.0
2026-06-27T16:51:06.325Z,30.4,-76,2,-225,0.0
2026-06-27T16:51:06.326Z,30.4,-76,2,-234,0.0
2026-06-27T16:51:06.408Z,30.4,-76,5,-163,0.0
2026-06-27T16:51:06.409Z,30.4,-76,3,-171,0.0
2026-06-27T16:51:06.410Z,29.1,-76,2,-180,0.0
2026-06-27T16:51:06.411Z,29.9,-76,2,-189,0.0
2026-06-27T16:51:06.414Z,29.9,-76,2,-197,0.0
2026-06-27T16:51:06.415Z,29.9,-76,2,-205,0.0
2026-06-27T16:51:06.416Z,29.9,-76,3,-215,0.0
2026-06-27T16:51:06.417Z,29.9,-76,2,-225,0.0
2026-06-27T16:51:06.418Z,29.9,-78,3,-232,0.0
2026-06-27T16:51:06.419Z,29.3,-78,2,-241,0.0
2026-06-27T16:51:06.460Z,29.3,-78,5,-211,0.0
2026-06-27T16:51:06.461Z,29.3,-78,2,-220,0.0
2026-06-27T16:51:06.464Z,29.3,-78,2,-227,0.0
2026-06-27T16:51:06.465Z,29.3,-78,2,-236,0.0
2026-06-27T16:51:06.466Z,29.3,-78,2,-245,0.0
2026-06-27T16:51:06.589Z,29.3,-78,2,-133,0.0
2026-06-27T16:51:06.591Z,30.1,-78,2,-141,0.0
2026-06-27T16:51:06.592Z,30.1,-78,2,-149,0.0
2026-06-27T16:51:06.594Z,30.1,-78,3,-157,0.0
2026-06-27T16:51:06.595Z,30.1,-78,2,-166,0.0
2026-06-27T16:51:06.596Z,30.1,-78,2,-175,0.0
2026-06-27T16:51:06.597Z,30.1,-78,3,-185,0.0
2026-06-27T16:51:06.598Z,29.6,-78,2,-193,0.0
2026-06-27T16:51:06.599Z,29.6,-78,2,-202,0.0
2026-06-27T16:51:06.600Z,29.6,-78,2,-211,0.0
2026-06-27T16:51:06.601Z,29.6,-78,2,-220,0.0
2026-06-27T16:51:06.602Z,29.6,-78,2,-229,0.0
2026-06-27T16:51:06.603Z,32.2,-78,2,-238,0.0
2026-06-27T16:51:06.716Z,35.5,-78,8,-141,0.0
2026-06-27T16:51:06.718Z,35.5,-78,2,-148,0.0
2026-06-27T16:51:06.720Z,29.1,-78,2,-155,0.0
2026-06-27T16:51:06.721Z,29.1,-78,2,-164,0.0
2026-06-27T16:51:06.722Z,29.1,-78,2,-173,0.0
2026-06-27T16:51:06.724Z,35.5,-78,2,-184,0.0
2026-06-27T16:51:06.725Z,35.5,-78,2,-191,0.0
2026-06-27T16:51:06.726Z,29.9,-78,3,-199,0.0
2026-06-27T16:51:06.727Z,29.9,-78,2,-208,0.0
2026-06-27T16:51:06.728Z,29.9,-78,2,-217,0.0
2026-06-27T16:51:06.729Z,29.9,-78,2,-226,0.0
2026-06-27T16:51:06.730Z,29.9,-78,2,-235,0.0
2026-06-27T16:51:06.767Z,47.8,-78,2,-210,0.0
2026-06-27T16:51:06.768Z,46.0,-78,2,-218,0.0
2026-06-27T16:51:06.771Z,46.4,-78,2,-226,0.0
2026-06-27T16:51:06.772Z,46.4,-78,2,-234,0.0
2026-06-27T16:51:06.773Z,44.6,-78,2,-243,0.0
2026-06-27T16:51:06.896Z,44.6,-78,2,-130,0.0
2026-06-27T16:51:06.899Z,45.0,-78,3,-137,0.0
2026-06-27T16:51:06.902Z,45.0,-78,2,-144,0.0
2026-06-27T16:51:06.903Z,45.4,-78,2,-153,0.0
2026-06-27T16:51:06.905Z,45.8,-78,2,-161,0.0
2026-06-27T16:51:06.906Z,45.8,-78,2,-170,0.0
2026-06-27T16:51:06.907Z,46.2,-78,3,-180,0.0
2026-06-27T16:51:06.908Z,44.4,-78,2,-188,0.0
2026-06-27T16:51:06.909Z,44.4,-78,2,-197,0.0
2026-06-27T16:51:06.910Z,44.4,-78,2,-206,0.0
2026-06-27T16:51:06.911Z,44.4,-78,2,-215,0.0
2026-06-27T16:51:06.912Z,44.8,-78,2,-224,0.0
2026-06-27T16:51:06.914Z,44.8,-78,2,-232,0.0
2026-06-27T16:51:07.001Z,43.8,-78,5,-160,0.0
2026-06-27T16:51:07.002Z,43.8,-75,2,-168,0.0
2026-06-27T16:51:07.005Z,43.8,-75,2,-176,0.0
2026-06-27T16:51:07.006Z,44.2,-75,2,-185,0.0
2026-06-27T16:51:07.008Z,44.2,-75,2,-194,0.0
2026-06-27T16:51:07.010Z,44.2,-75,2,-201,0.0
2026-06-27T16:51:07.011Z,44.2,-75,2,-211,0.0
2026-06-27T16:51:07.012Z,44.6,-75,2,-219,0.0
2026-06-27T16:51:07.013Z,44.6,-75,2,-228,0.0
2026-06-27T16:51:07.015Z,45.0,-75,2,-237,0.0
2026-06-27T16:51:07.114Z,43.6,-75,2,-152,0.0
2026-06-27T16:51:07.124Z,43.6,-75,2,-152,0.0
2026-06-27T16:51:07.128Z,44.0,-75,2,-158,0.0
2026-06-27T16:51:07.130Z,44.0,-75,2,-164,0.0
2026-06-27T16:51:07.132Z,44.4,-75,2,-172,0.0
2026-06-27T16:51:07.134Z,44.4,-75,2,-179,0.0
2026-06-27T16:51:07.135Z,44.4,-75,2,-189,0.0
2026-06-27T16:51:07.136Z,44.8,-75,2,-197,0.0
2026-06-27T16:51:07.137Z,43.4,-75,2,-206,0.0
2026-06-27T16:51:07.138Z,43.0,-75,2,-215,0.0
2026-06-27T16:51:07.210Z,43.4,-75,2,-155,0.0
2026-06-27T16:51:07.218Z,43.8,-74,4,-158,0.0
2026-06-27T16:51:07.222Z,43.8,-74,3,-163,0.0
2026-06-27T16:51:07.224Z,44.2,-74,2,-170,0.0
2026-06-27T16:51:07.226Z,44.6,-74,2,-178,0.0
2026-06-27T16:51:07.228Z,44.6,-74,2,-185,0.0
2026-06-27T16:51:07.230Z,43.2,-74,2,-193,0.0
2026-06-27T16:51:07.232Z,43.2,-74,2,-202,0.0
2026-06-27T16:51:07.234Z,43.2,-74,2,-210,0.0
2026-06-27T16:51:07.235Z,43.6,-74,2,-218,0.0
2026-06-27T16:51:07.237Z,44.0,-74,2,-227,0.0
2026-06-27T16:51:07.333Z,44.4,-75,5,-142,0.0
2026-06-27T16:51:07.334Z,43.4,-75,2,-150,0.0
2026-06-27T16:51:07.336Z,43.4,-75,3,-158,0.0
2026-06-27T16:51:07.338Z,43.4,-75,3,-166,0.0
2026-06-27T16:51:07.340Z,43.4,-75,3,-175,0.0
2026-06-27T16:51:07.341Z,43.8,-75,3,-183,0.0
2026-06-27T16:51:07.342Z,42.8,-75,2,-193,0.0
2026-06-27T16:51:07.343Z,42.8,-75,3,-201,0.0
2026-06-27T16:51:07.344Z,42.8,-75,2,-210,0.0
2026-06-27T16:51:07.345Z,42.8,-75,2,-219,0.0
2026-06-27T16:51:07.347Z,43.2,-75,2,-227,0.0
2026-06-27T16:51:07.348Z,43.6,-75,2,-236,0.0
2026-06-27T16:51:07.389Z,44.0,-75,2,-206,0.0
2026-06-27T16:51:07.392Z,43.0,-75,3,-213,0.0
2026-06-27T16:51:07.394Z,42.6,-75,2,-222,0.0
2026-06-27T16:51:07.396Z,42.6,-75,3,-230,0.0
2026-06-27T16:51:07.397Z,43.0,-75,3,-238,0.0
2026-06-27T16:51:07.514Z,43.4,-75,3,-132,0.0
2026-06-27T16:51:07.517Z,43.8,-75,5,-141,0.0
2026-06-27T16:51:07.518Z,43.8,-75,2,-150,0.0
2026-06-27T16:51:07.520Z,42.8,-75,2,-158,0.0
2026-06-27T16:51:07.521Z,42.8,-75,2,-167,0.0
2026-06-27T16:51:07.522Z,42.8,-75,2,-176,0.0
2026-06-27T16:51:07.523Z,43.2,-75,3,-186,0.0
2026-06-27T16:51:07.524Z,42.6,-75,2,-194,0.0
2026-06-27T16:51:07.525Z,42.6,-75,2,-203,0.0
2026-06-27T16:51:07.526Z,42.6,-75,2,-212,0.0
2026-06-27T16:51:07.527Z,42.6,-75,2,-221,0.0
2026-06-27T16:51:07.528Z,43.0,-75,2,-230,0.0
2026-06-27T16:51:07.529Z,43.4,-75,2,-239,0.0
2026-06-27T16:51:07.629Z,42.4,-75,5,-151,0.0
2026-06-27T16:51:07.630Z,42.4,-75,2,-159,0.0
2026-06-27T16:51:07.634Z,42.4,-75,3,-166,0.0
2026-06-27T16:51:07.636Z,42.8,-75,3,-174,0.0
2026-06-27T16:51:07.637Z,42.8,-75,2,-182,0.0
2026-06-27T16:51:07.638Z,43.2,-75,3,-191,0.0
2026-06-27T16:51:07.639Z,43.2,-75,2,-201,0.0
2026-06-27T16:51:07.640Z,42.6,-75,3,-209,0.0
2026-06-27T16:51:07.641Z,42.6,-75,2,-218,0.0
2026-06-27T16:51:07.643Z,42.1,-75,2,-228,0.0
2026-06-27T16:51:07.764Z,42.6,-82,3,-118,0.0
2026-06-27T16:51:07.766Z,42.6,-82,3,-125,0.0
2026-06-27T16:51:07.767Z,43.0,-82,3,-133,0.0
2026-06-27T16:51:07.768Z,43.4,-82,3,-142,0.0
2026-06-27T16:51:07.770Z,43.4,-82,3,-150,0.0
2026-06-27T16:51:07.771Z,43.8,-82,3,-159,0.0
2026-06-27T16:51:07.772Z,42.8,-82,2,-168,0.0
2026-06-27T16:51:07.773Z,42.8,-82,2,-178,0.0
2026-06-27T16:51:07.774Z,42.8,-82,2,-186,0.0
2026-06-27T16:51:07.775Z,43.2,-82,2,-195,0.0
2026-06-27T16:51:07.776Z,43.6,-82,2,-204,0.0
2026-06-27T16:51:07.777Z,44.0,-82,2,-213,0.0
2026-06-27T16:51:07.778Z,43.2,-82,2,-222,0.0
2026-06-27T16:51:07.872Z,42.8,-82,4,-140,0.0
2026-06-27T16:51:07.875Z,43.6,-82,2,-146,0.0
2026-06-27T16:51:07.877Z,44.0,-82,2,-155,0.0
2026-06-27T16:51:07.878Z,44.0,-82,2,-163,0.0
2026-06-27T16:51:07.879Z,44.0,-82,2,-172,0.0
2026-06-27T16:51:07.880Z,44.4,-82,2,-181,0.0
2026-06-27T16:51:07.881Z,42.2,-82,2,-190,0.0
2026-06-27T16:51:07.882Z,42.2,-82,4,-201,0.0
2026-06-27T16:51:07.883Z,42.2,-76,2,-209,0.0
2026-06-27T16:51:07.884Z,42.2,-76,2,-218,0.0
2026-06-27T16:51:07.885Z,41.7,-76,2,-227,0.0
2026-06-27T16:51:07.886Z,41.7,-76,2,-236,0.0
2026-06-27T16:51:09.298Z,42.4,-76,2,1164,0.0
2026-06-27T16:51:09.301Z,42.4,-76,2,1156,0.0
2026-06-27T16:51:09.302Z,41.9,-76,2,1148,0.0
2026-06-27T16:51:09.304Z,41.9,-76,3,1140,0.0
2026-06-27T16:51:09.306Z,41.9,-76,3,1131,0.0
2026-06-27T16:51:09.307Z,42.8,-76,3,1123,0.0
2026-06-27T16:51:09.308Z,43.2,-77,2,1113,0.0
2026-06-27T16:51:09.309Z,42.2,-77,2,1105,0.0
2026-06-27T16:51:09.310Z,42.2,-77,2,1096,0.0
2026-06-27T16:51:09.312Z,41.7,-77,2,1087,0.0
2026-06-27T16:51:09.313Z,41.7,-77,2,1079,0.0
2026-06-27T16:51:09.314Z,43.0,-77,2,1070,0.0
2026-06-27T16:51:09.315Z,43.4,-77,2,1061,0.0
2026-06-27T16:51:09.316Z,42.4,-77,9,1047,0.0
2026-06-27T16:51:09.317Z,42.4,-77,2,1038,0.0
2026-06-27T16:51:09.318Z,41.9,-79,2,1029,0.0
2026-06-27T16:51:09.320Z,42.8,-79,3,1021,0.0
2026-06-27T16:51:09.321Z,43.2,-79,3,1012,0.0
2026-06-27T16:51:09.322Z,43.2,-79,2,1002,0.0
2026-06-27T16:51:09.323Z,43.6,-79,2,994,0.0
2026-06-27T16:51:09.324Z,42.6,-79,2,985,0.0
2026-06-27T16:51:09.325Z,42.2,-79,2,976,0.0
2026-06-27T16:51:09.326Z,42.2,-79,2,967,0.0
2026-06-27T16:51:09.327Z,43.0,-79,2,958,0.0
2026-06-27T16:51:09.328Z,43.4,-79,2,949,0.0
2026-06-27T16:51:09.331Z,44.2,-79,2,940,0.0
2026-06-27T16:51:09.454Z,39.2,-79,1185,-133,0.0
2026-06-27T16:51:09.457Z,39.2,-89,2,-138,0.0
2026-06-27T16:51:09.464Z,38.7,-89,2,-140,0.0
2026-06-27T16:51:09.467Z,31.1,-89,2,-146,0.0
2026-06-27T16:51:09.469Z,31.1,-89,2,-154,0.0
2026-06-27T16:51:09.470Z,38.3,-89,2,-163,0.0
2026-06-27T16:51:09.471Z,30.6,-89,3,-172,0.0
2026-06-27T16:51:09.472Z,30.6,-89,2,-180,0.0
2026-06-27T16:51:09.473Z,38.3,-89,2,-190,0.0
2026-06-27T16:51:09.475Z,31.4,-89,2,-197,0.0
2026-06-27T16:51:09.476Z,30.1,-89,2,-206,0.0
2026-06-27T16:51:09.477Z,30.9,-89,2,-215,0.0
2026-06-27T16:51:09.585Z,29.6,-89,2,-122,0.0
2026-06-27T16:51:09.593Z,29.6,-89,2,-123,0.0
2026-06-27T16:51:09.596Z,29.6,-84,2,-129,0.0
2026-06-27T16:51:09.598Z,29.6,-84,2,-136,0.0
2026-06-27T16:51:09.600Z,28.8,-84,2,-144,0.0
2026-06-27T16:51:09.602Z,26.2,-84,2,-152,0.0
2026-06-27T16:51:09.603Z,24.2,-84,2,-160,0.0
2026-06-27T16:51:09.604Z,26.8,-84,3,-170,0.0
2026-06-27T16:51:09.605Z,23.9,-84,2,-178,0.0
2026-06-27T16:51:09.606Z,25.7,-84,2,-187,0.0
2026-06-27T16:51:09.607Z,30.1,-84,2,-196,0.0
2026-06-27T16:51:09.608Z,28.8,-84,2,-205,0.0
2026-06-27T16:51:09.674Z,28.8,-84,2,-149,0.0
2026-06-27T16:51:09.676Z,29.6,-84,10,-163,0.0
2026-06-27T16:51:09.677Z,29.6,-84,2,-172,0.0
2026-06-27T16:51:09.679Z,26.5,-84,2,-180,0.0
2026-06-27T16:51:09.680Z,26.5,-84,2,-189,0.0
2026-06-27T16:51:09.682Z,25.7,-84,2,-197,0.0
2026-06-27T16:51:09.683Z,25.7,-84,3,-206,0.0
2026-06-27T16:51:09.684Z,25.7,-84,2,-216,0.0
2026-06-27T16:51:09.685Z,26.5,-84,3,-224,0.0
2026-06-27T16:51:09.686Z,26.5,-84,2,-233,0.0
2026-06-27T16:51:09.728Z,26.5,-81,2,-201,0.0
2026-06-27T16:51:09.731Z,26.5,-81,4,-209,0.0
2026-06-27T16:51:09.732Z,26.5,-81,2,-217,0.0
2026-06-27T16:51:09.734Z,26.5,-81,2,-225,0.0
2026-06-27T16:51:09.735Z,26.5,-81,2,-234,0.0
2026-06-27T16:51:09.736Z,26.5,-81,3,-243,0.0
2026-06-27T16:51:09.878Z,29.6,-81,2,-111,0.0
2026-06-27T16:51:09.880Z,26.5,-81,2,-119,0.0
2026-06-27T16:51:09.883Z,26.5,-81,2,-126,0.0
2026-06-27T16:51:09.884Z,26.5,-81,2,-135,0.0
2026-06-27T16:51:09.886Z,27.4,-81,3,-144,0.0
2026-06-27T16:51:09.887Z,27.4,-85,2,-152,0.0
2026-06-27T16:51:09.888Z,26.5,-85,3,-162,0.0
2026-06-27T16:51:09.889Z,26.5,-85,2,-170,0.0
2026-06-27T16:51:09.890Z,26.5,-85,2,-179,0.0
2026-06-27T16:51:09.891Z,26.5,-85,2,-188,0.0
2026-06-27T16:51:09.892Z,26.5,-85,2,-197,0.0
2026-06-27T16:51:09.893Z,26.5,-85,2,-206,0.0
2026-06-27T16:51:09.894Z,26.5,-85,2,-215,0.0
2026-06-27T16:51:09.989Z,26.5,-85,5,-131,0.0
2026-06-27T16:51:09.991Z,29.6,-85,3,-138,0.0
2026-06-27T16:51:09.993Z,26.5,-85,2,-146,0.0
2026-06-27T16:51:09.995Z,26.5,-85,2,-155,0.0
2026-06-27T16:51:09.996Z,26.5,-85,2,-163,0.0
2026-06-27T16:51:09.997Z,26.5,-85,2,-172,0.0
2026-06-27T16:51:10.000Z,26.5,-85,2,-179,0.0
2026-06-27T16:51:10.001Z,26.5,-85,2,-188,0.0
2026-06-27T16:51:10.002Z,26.5,-85,2,-197,0.0
2026-06-27T16:51:10.003Z,26.5,-85,2,-206,0.0
2026-06-27T16:51:10.004Z,26.5,-85,2,-215,0.0
2026-06-27T16:51:10.005Z,26.5,-85,2,-224,0.0
2026-06-27T16:51:10.081Z,26.5,-85,2,-159,0.0
2026-06-27T16:51:10.201Z,26.5,-85,98,-142,0.0
2026-06-27T16:51:10.202Z,26.5,-83,2,-151,0.0
2026-06-27T16:51:10.204Z,27.4,-83,2,-159,0.0
2026-06-27T16:51:10.205Z,26.5,-83,2,-168,0.0
2026-06-27T16:51:10.206Z,27.4,-83,2,-177,0.0
2026-06-27T16:51:10.208Z,27.4,-83,2,-185,0.0
2026-06-27T16:51:10.209Z,27.4,-83,2,-195,0.0
2026-06-27T16:51:10.210Z,27.4,-83,2,-203,0.0
2026-06-27T16:51:10.212Z,27.4,-83,2,-211,0.0
2026-06-27T16:51:10.214Z,26.5,-83,2,-220,0.0
2026-06-27T16:51:10.215Z,26.5,-83,2,-228,0.0
2026-06-27T16:51:10.216Z,27.4,-83,2,-237,0.0
2026-06-27T16:51:10.254Z,26.5,-83,2,-210,0.0
2026-06-27T16:51:10.255Z,26.5,-83,2,-218,0.0
2026-06-27T16:51:10.256Z,27.4,-83,2,-227,0.0
2026-06-27T16:51:10.260Z,26.5,-83,2,-234,0.0
2026-06-27T16:51:10.261Z,26.5,-83,2,-242,0.0
2026-06-27T16:51:10.390Z,27.4,-83,2,-124,0.0
2026-06-27T16:51:10.393Z,27.4,-83,2,-131,0.0
2026-06-27T16:51:10.395Z,27.4,-83,2,-138,0.0
2026-06-27T16:51:10.397Z,27.4,-81,2,-146,0.0
2026-06-27T16:51:10.399Z,27.4,-81,2,-154,0.0
2026-06-27T16:51:10.401Z,26.5,-81,2,-163,0.0
2026-06-27T16:51:10.402Z,26.5,-81,3,-172,0.0
2026-06-27T16:51:10.403Z,27.4,-81,3,-180,0.0
2026-06-27T16:51:10.404Z,26.5,-81,2,-189,0.0
2026-06-27T16:51:10.406Z,27.4,-81,2,-198,0.0
2026-06-27T16:51:10.407Z,27.4,-81,2,-206,0.0
2026-06-27T16:51:10.408Z,29.6,-81,2,-215,0.0
2026-06-27T16:51:10.409Z,27.4,-81,2,-224,0.0
2026-06-27T16:51:10.495Z,27.4,-81,5,-149,0.0
2026-06-27T16:51:10.497Z,27.4,-81,3,-156,0.0
2026-06-27T16:51:10.500Z,27.4,-81,2,-164,0.0
2026-06-27T16:51:10.501Z,27.4,-81,2,-172,0.0
2026-06-27T16:51:10.502Z,27.4,-81,2,-181,0.0
2026-06-27T16:51:10.504Z,27.4,-81,2,-189,0.0
2026-06-27T16:51:10.505Z,26.5,-81,2,-199,0.0
2026-06-27T16:51:10.507Z,27.4,-81,3,-207,0.0
2026-06-27T16:51:10.508Z,27.4,-81,2,-215,0.0
2026-06-27T16:51:10.509Z,26.5,-81,2,-224,0.0
2026-06-27T16:51:10.548Z,27.4,-81,2,-196,0.0
2026-06-27T16:51:10.551Z,26.5,-81,3,-202,0.0
2026-06-27T16:51:10.553Z,27.4,-81,2,-211,0.0
2026-06-27T16:51:10.554Z,26.5,-81,2,-219,0.0
2026-06-27T16:51:10.555Z,27.4,-81,2,-228,0.0
2026-06-27T16:51:10.556Z,27.4,-81,2,-237,0.0
2026-06-27T16:51:10.557Z,27.4,-81,2,-246,0.0
2026-06-27T16:51:10.685Z,27.4,-81,5,-129,0.0
2026-06-27T16:51:10.686Z,27.4,-81,2,-137,0.0
2026-06-27T16:51:10.688Z,27.4,-81,2,-145,0.0
2026-06-27T16:51:10.690Z,27.4,-81,2,-154,0.0
2026-06-27T16:51:10.693Z,26.5,-81,2,-161,0.0
2026-06-27T16:51:10.694Z,27.4,-81,2,-169,0.0
2026-06-27T16:51:10.695Z,27.4,-81,2,-179,0.0
2026-06-27T16:51:10.696Z,27.4,-81,2,-187,0.0
2026-06-27T16:51:10.697Z,26.5,-81,2,-196,0.0
2026-06-27T16:51:10.698Z,27.4,-81,2,-205,0.0
2026-06-27T16:51:10.699Z,27.4,-81,2,-214,0.0
2026-06-27T16:51:10.700Z,27.4,-81,2,-223,0.0
2026-06-27T16:51:10.737Z,27.4,-81,2,-196,0.0
2026-06-27T16:51:10.739Z,29.6,-81,6,-206,0.0
2026-06-27T16:51:10.741Z,27.4,-82,3,-213,0.0
2026-06-27T16:51:10.742Z,27.4,-82,2,-222,0.0
2026-06-27T16:51:10.743Z,26.5,-82,2,-231,0.0
2026-06-27T16:51:10.744Z,26.5,-82,2,-240,0.0
2026-06-27T16:51:10.870Z,26.5,-82,2,-127,0.0
2026-06-27T16:51:10.874Z,27.4,-82,4,-133,0.0
2026-06-27T16:51:10.879Z,26.5,-82,2,-137,0.0
2026-06-27T16:51:10.881Z,27.4,-82,2,-144,0.0
2026-06-27T16:51:10.883Z,27.4,-82,2,-151,0.0
2026-06-27T16:51:10.885Z,27.4,-82,2,-161,0.0
2026-06-27T16:51:10.887Z,26.5,-82,3,-168,0.0
2026-06-27T16:51:10.888Z,26.5,-82,2,-177,0.0
2026-06-27T16:51:10.890Z,27.4,-82,2,-185,0.0
2026-06-27T16:51:10.891Z,26.5,-82,2,-193,0.0
2026-06-27T16:51:10.892Z,27.4,-82,2,-202,0.0
2026-06-27T16:51:10.893Z,29.6,-82,2,-211,0.0
2026-06-27T16:51:10.894Z,27.4,-82,2,-220,0.0
2026-06-27T16:51:10.995Z,29.6,-82,6,-131,0.0
2026-06-27T16:51:10.996Z,29.6,-82,3,-139,0.0
2026-06-27T16:51:10.997Z,29.6,-82,2,-148,0.0
2026-06-27T16:51:10.999Z,29.6,-82,3,-156,0.0
2026-06-27T16:51:11.000Z,29.6,-82,2,-165,0.0
2026-06-27T16:51:11.001Z,27.4,-82,2,-174,0.0
2026-06-27T16:51:11.002Z,27.4,-82,3,-184,0.0
2026-06-27T16:51:11.003Z,29.6,-82,2,-192,0.0
2026-06-27T16:51:11.004Z,27.4,-82,2,-201,0.0
2026-06-27T16:51:11.005Z,27.4,-82,2,-210,0.0
2026-06-27T16:51:11.006Z,27.4,-82,2,-218,0.0
2026-06-27T16:51:11.007Z,29.6,-82,2,-227,0.0
2026-06-27T16:51:11.052Z,27.4,-82,2,-194,0.0
2026-06-27T16:51:11.054Z,26.5,-82,4,-202,0.0
2026-06-27T16:51:11.056Z,29.6,-85,2,-211,0.0
2026-06-27T16:51:11.057Z,29.6,-85,2,-219,0.0
2026-06-27T16:51:11.058Z,29.6,-85,2,-228,0.0
2026-06-27T16:51:11.059Z,29.6,-85,2,-237,0.0
2026-06-27T16:51:11.178Z,29.6,-85,2,-129,0.0
2026-06-27T16:51:11.180Z,29.6,-85,4,-137,0.0
2026-06-27T16:51:11.181Z,29.6,-85,2,-145,0.0
2026-06-27T16:51:11.182Z,29.6,-85,2,-154,0.0
2026-06-27T16:51:11.183Z,29.6,-85,2,-163,0.0
2026-06-27T16:51:11.184Z,29.6,-85,2,-172,0.0
2026-06-27T16:51:11.185Z,29.6,-85,2,-181,0.0
2026-06-27T16:51:11.187Z,29.6,-85,2,-190,0.0
2026-06-27T16:51:11.189Z,29.6,-85,2,-197,0.0
2026-06-27T16:51:11.190Z,29.6,-85,2,-206,0.0
2026-06-27T16:51:11.192Z,29.6,-85,2,-214,0.0
2026-06-27T16:51:11.193Z,29.6,-85,2,-223,0.0
2026-06-27T16:51:11.194Z,29.6,-85,2,-232,0.0
2026-06-27T16:51:11.302Z,30.1,-85,5,-135,0.0
2026-06-27T16:51:11.304Z,29.6,-85,3,-142,0.0
2026-06-27T16:51:11.305Z,29.6,-85,2,-151,0.0
2026-06-27T16:51:11.306Z,29.6,-82,2,-158,0.0
2026-06-27T16:51:11.309Z,29.6,-82,2,-187,0.0
2026-06-27T16:51:11.310Z,29.6,-82,2,-195,0.0
2026-06-27T16:51:11.312Z,29.6,-82,3,-202,0.0
2026-06-27T16:51:11.313Z,29.6,-82,3,-208,0.0
2026-06-27T16:51:11.314Z,29.6,-82,3,-215,0.0
2026-06-27T16:51:11.315Z,29.6,-82,3,-222,0.0
2026-06-27T16:51:11.316Z,29.6,-82,3,-229,0.0
2026-06-27T16:51:11.317Z,29.6,-82,3,-235,0.0
2026-06-27T16:51:11.408Z,30.1,-82,2,-161,0.0
2026-06-27T16:51:11.412Z,29.6,-81,2,-165,0.0
2026-06-27T16:51:11.416Z,29.6,-81,2,-192,0.0
2026-06-27T16:51:11.419Z,29.6,-81,3,-221,0.0
2026-06-27T16:51:11.421Z,29.6,-81,2,-226,0.0
2026-06-27T16:51:11.422Z,29.6,-81,2,-232,0.0
2026-06-27T16:51:11.509Z,30.1,-81,2,-154,0.0
2026-06-27T16:51:11.511Z,29.6,-79,5,-162,0.0
2026-06-27T16:51:11.513Z,29.6,-79,2,-168,0.0
2026-06-27T16:51:11.515Z,29.6,-79,2,-198,0.0
2026-06-27T16:51:11.516Z,29.6,-79,2,-228,0.0
2026-06-27T16:51:11.517Z,29.6,-79,2,-235,0.0
2026-06-27T16:51:11.518Z,29.6,-79,2,-242,0.0
2026-06-27T16:51:11.560Z,29.6,-79,4,-211,0.0
2026-06-27T16:51:11.561Z,29.6,-80,2,-218,0.0
2026-06-27T16:51:11.563Z,29.6,-80,2,-247,0.0
2026-06-27T16:51:11.718Z,29.6,-80,2,-123,0.0
2026-06-27T16:51:11.720Z,29.6,-80,3,-129,0.0
2026-06-27T16:51:11.721Z,29.6,-80,2,-160,0.0
2026-06-27T16:51:11.723Z,29.6,-81,3,-167,0.0
2026-06-27T16:51:11.724Z,29.6,-81,2,-173,0.0
2026-06-27T16:51:11.725Z,29.6,-81,2,-180,0.0
2026-06-27T16:51:11.726Z,29.6,-81,2,-187,0.0
2026-06-27T16:51:11.727Z,30.1,-81,2,-194,0.0
2026-06-27T16:51:11.728Z,29.6,-81,2,-202,0.0
2026-06-27T16:51:11.729Z,30.1,-81,2,-209,0.0
2026-06-27T16:51:11.730Z,29.5,-81,2,-216,0.0
2026-06-27T16:51:11.731Z,29.6,-81,2,-222,0.0
2026-06-27T16:51:11.732Z,30.1,-81,2,-228,0.0
2026-06-27T16:51:11.804Z,30.1,-81,8,-172,0.0
2026-06-27T16:51:11.805Z,29.6,-83,3,-178,0.0
2026-06-27T16:51:11.806Z,29.6,-83,2,-208,0.0
2026-06-27T16:51:11.987Z,30.1,-83,3,-59,0.0
2026-06-27T16:51:11.990Z,30.1,-83,3,-65,0.0
2026-06-27T16:51:11.993Z,29.6,-83,2,-69,0.0
2026-06-27T16:51:11.994Z,29.6,-83,2,-75,0.0
2026-06-27T16:51:11.996Z,30.1,-86,2,-81,0.0
2026-06-27T16:51:11.997Z,29.6,-86,2,-111,0.0
2026-06-27T16:51:11.999Z,29.6,-86,2,-141,0.0
2026-06-27T16:51:12.000Z,29.6,-86,2,-149,0.0
2026-06-27T16:51:12.001Z,29.6,-86,2,-156,0.0
2026-06-27T16:51:12.002Z,29.6,-86,2,-163,0.0
2026-06-27T16:51:12.002Z,30.1,-86,3,-170,0.0
2026-06-27T16:51:12.003Z,30.1,-83,3,-177,0.0
2026-06-27T16:51:12.140Z,30.1,-83,3,-72,0.0
2026-06-27T16:51:12.141Z,30.1,-83,2,-79,0.0
2026-06-27T16:51:12.143Z,30.1,-83,2,-108,0.0
2026-06-27T16:51:12.144Z,30.1,-83,2,-139,0.0
2026-06-27T16:51:12.145Z,29.6,-82,3,-147,0.0
2026-06-27T16:51:12.146Z,30.1,-82,2,-155,0.0
2026-06-27T16:51:12.147Z,30.1,-82,2,-162,0.0
2026-06-27T16:51:12.148Z,29.6,-82,2,-169,0.0
2026-06-27T16:51:12.149Z,29.6,-82,2,-176,0.0
2026-06-27T16:51:12.150Z,29.6,-82,2,-183,0.0
2026-06-27T16:51:12.151Z,29.6,-82,2,-189,0.0
2026-06-27T16:51:12.153Z,29.6,-82,2,-196,0.0
2026-06-27T16:51:12.154Z,30.1,-82,2,-204,0.0
2026-06-27T16:51:12.270Z,29.6,-82,5,-99,0.0
2026-06-27T16:51:12.271Z,30.1,-82,14,-117,0.0
2026-06-27T16:51:12.272Z,29.6,-83,2,-123,0.0
2026-06-27T16:51:12.274Z,30.1,-83,2,-152,0.0
2026-06-27T16:51:12.275Z,30.1,-83,2,-183,0.0
2026-06-27T16:51:12.276Z,30.1,-83,3,-190,0.0
2026-06-27T16:51:12.277Z,30.1,-83,2,-198,0.0
2026-06-27T16:51:12.278Z,30.1,-83,2,-205,0.0
2026-06-27T16:51:12.279Z,29.6,-83,3,-212,0.0
2026-06-27T16:51:12.281Z,29.6,-83,3,-218,0.0
2026-06-27T16:51:12.282Z,29.6,-83,3,-225,0.0
2026-06-27T16:51:12.283Z,29.6,-83,3,-232,0.0
2026-06-27T16:51:12.325Z,30.1,-83,3,-202,0.0
2026-06-27T16:51:12.326Z,29.6,-83,3,-208,0.0
2026-06-27T16:51:12.327Z,30.1,-83,3,-238,0.0
2026-06-27T16:51:12.469Z,29.6,-83,3,-127,0.0
2026-06-27T16:51:12.471Z,29.6,-85,2,-133,0.0
2026-06-27T16:51:12.472Z,29.6,-85,2,-163,0.0
2026-06-27T16:51:12.475Z,29.6,-85,2,-169,0.0
2026-06-27T16:51:12.476Z,29.6,-85,2,-176,0.0
2026-06-27T16:51:12.477Z,29.6,-85,2,-183,0.0
2026-06-27T16:51:12.479Z,29.6,-85,2,-189,0.0
2026-06-27T16:51:12.480Z,29.6,-85,2,-196,0.0
2026-06-27T16:51:12.481Z,29.6,-85,2,-203,0.0
2026-06-27T16:51:12.482Z,29.6,-85,2,-210,0.0
2026-06-27T16:51:12.483Z,29.6,-85,2,-217,0.0
2026-06-27T16:51:12.484Z,29.6,-85,2,-224,0.0
2026-06-27T16:51:12.485Z,29.6,-85,2,-231,0.0
2026-06-27T16:51:12.527Z,29.6,-85,5,-200,0.0
2026-06-27T16:51:12.529Z,27.4,-85,2,-206,0.0
2026-06-27T16:51:12.530Z,29.6,-85,3,-236,0.0
2026-06-27T16:51:12.663Z,29.6,-85,2,-134,0.0
2026-06-27T16:51:12.664Z,29.6,-84,2,-141,0.0
2026-06-27T16:51:12.665Z,27.4,-84,2,-171,0.0
2026-06-27T16:51:12.667Z,27.4,-84,2,-177,0.0
2026-06-27T16:51:12.668Z,27.4,-84,2,-185,0.0
2026-06-27T16:51:12.669Z,27.4,-84,2,-192,0.0
2026-06-27T16:51:12.670Z,27.4,-84,2,-199,0.0
2026-06-27T16:51:12.671Z,27.4,-84,3,-206,0.0
2026-06-27T16:51:12.672Z,27.4,-84,3,-212,0.0
2026-06-27T16:51:12.674Z,27.4,-84,2,-218,0.0
2026-06-27T16:51:12.675Z,27.4,-84,2,-225,0.0
2026-06-27T16:51:12.676Z,27.4,-84,2,-232,0.0
2026-06-27T16:51:12.677Z,27.4,-84,2,-239,0.0
2026-06-27T16:51:12.742Z,27.4,-84,4,-185,0.0
2026-06-27T16:51:12.743Z,27.4,-84,3,-191,0.0
2026-06-27T16:51:12.745Z,27.4,-84,2,-220,0.0
2026-06-27T16:51:12.886Z,29.6,-84,2,-110,0.0
2026-06-27T16:51:12.888Z,27.4,-82,3,-117,0.0
2026-06-27T16:51:12.889Z,29.6,-82,3,-147,0.0
2026-06-27T16:51:12.890Z,29.6,-82,2,-178,0.0
2026-06-27T16:51:12.892Z,29.6,-82,2,-184,0.0
2026-06-27T16:51:12.893Z,29.6,-82,2,-191,0.0
2026-06-27T16:51:12.894Z,29.6,-82,2,-198,0.0
2026-06-27T16:51:12.895Z,29.6,-82,2,-205,0.0
2026-06-27T16:51:12.896Z,29.6,-82,2,-212,0.0
2026-06-27T16:51:12.897Z,29.6,-82,2,-219,0.0
2026-06-27T16:51:12.898Z,29.6,-82,2,-226,0.0
2026-06-27T16:51:12.899Z,29.6,-82,2,-233,0.0
2026-06-27T16:51:12.900Z,29.6,-82,2,-240,0.0
2026-06-27T16:51:13.045Z,29.6,-82,5,-107,0.0
2026-06-27T16:51:13.046Z,29.6,-82,2,-113,0.0
2026-06-27T16:51:13.047Z,29.6,-82,3,-143,0.0
2026-06-27T16:51:13.049Z,29.6,-82,2,-173,0.0
2026-06-27T16:51:13.050Z,29.6,-81,2,-180,0.0
2026-06-27T16:51:13.051Z,29.6,-81,2,-187,0.0
2026-06-27T16:51:13.052Z,29.6,-81,2,-194,0.0
2026-06-27T16:51:13.053Z,29.6,-81,2,-201,0.0
2026-06-27T16:51:13.054Z,29.6,-81,2,-208,0.0
2026-06-27T16:51:13.055Z,29.6,-81,2,-215,0.0
2026-06-27T16:51:13.056Z,29.6,-81,2,-222,0.0
2026-06-27T16:51:13.057Z,29.6,-81,2,-229,0.0
2026-06-27T16:51:13.156Z,29.6,-81,2,-142,0.0
2026-06-27T16:51:13.158Z,29.6,-81,3,-148,0.0
2026-06-27T16:51:13.160Z,29.6,-81,2,-179,0.0
2026-06-27T16:51:13.161Z,29.6,-81,2,-209,0.0
2026-06-27T16:51:13.163Z,29.6,-81,3,-215,0.0
2026-06-27T16:51:13.164Z,29.6,-81,2,-222,0.0
2026-06-27T16:51:13.165Z,29.6,-81,2,-229,0.0
2026-06-27T16:51:13.166Z,29.6,-81,2,-236,0.0
2026-06-27T16:51:13.297Z,29.6,-80,6,-116,0.0
2026-06-27T16:51:13.298Z,29.6,-80,2,-123,0.0
2026-06-27T16:51:13.300Z,29.6,-80,2,-152,0.0
2026-06-27T16:51:13.301Z,29.6,-80,2,-183,0.0
2026-06-27T16:51:13.302Z,28.8,-80,2,-190,0.0
2026-06-27T16:51:13.304Z,28.8,-80,2,-196,0.0
2026-06-27T16:51:13.305Z,28.8,-80,2,-203,0.0
2026-06-27T16:51:13.306Z,28.8,-80,2,-210,0.0
2026-06-27T16:51:13.308Z,29.6,-80,2,-216,0.0
2026-06-27T16:51:13.311Z,28.8,-80,2,-223,0.0
2026-06-27T16:51:13.312Z,29.6,-80,2,-228,0.0
2026-06-27T16:51:13.313Z,28.8,-80,2,-234,0.0
2026-06-27T16:51:13.348Z,29.6,-80,2,-211,0.0
2026-06-27T16:51:13.350Z,29.6,-80,2,-217,0.0
2026-06-27T16:51:13.351Z,29.6,-80,2,-247,0.0
2026-06-27T16:51:13.506Z,30.1,-80,2,-104,0.0
2026-06-27T16:51:13.513Z,30.1,-81,5,-107,0.0
2026-06-27T16:51:13.515Z,29.6,-81,2,-111,0.0
2026-06-27T16:51:13.518Z,29.6,-81,3,-139,0.0
2026-06-27T16:51:13.520Z,29.6,-81,2,-169,0.0
2026-06-27T16:51:13.522Z,28.8,-81,2,-175,0.0
2026-06-27T16:51:13.524Z,28.8,-81,2,-181,0.0
2026-06-27T16:51:13.526Z,29.6,-81,2,-187,0.0
2026-06-27T16:51:13.527Z,29.6,-81,2,-193,0.0
2026-06-27T16:51:13.529Z,28.8,-81,2,-200,0.0
2026-06-27T16:51:13.530Z,28.8,-81,2,-206,0.0
2026-06-27T16:51:13.531Z,28.8,-81,2,-213,0.0
2026-06-27T16:51:13.533Z,29.6,-81,2,-220,0.0
2026-06-27T16:51:13.636Z,29.6,-81,4,-132,0.0
2026-06-27T16:51:13.640Z,28.8,-81,2,-135,0.0
2026-06-27T16:51:13.644Z,28.8,-81,2,-160,0.0
2026-06-27T16:51:13.646Z,28.8,-81,3,-166,0.0
2026-06-27T16:51:13.647Z,28.8,-82,4,-175,0.0
2026-06-27T16:51:13.648Z,28.8,-82,3,-182,0.0
2026-06-27T16:51:13.649Z,28.8,-82,3,-189,0.0
2026-06-27T16:51:13.651Z,28.8,-82,3,-195,0.0
2026-06-27T16:51:13.652Z,28.8,-82,3,-202,0.0
2026-06-27T16:51:13.653Z,28.8,-82,3,-209,0.0
2026-06-27T16:51:13.654Z,28.8,-82,2,-216,0.0
2026-06-27T16:51:13.655Z,28.8,-82,2,-223,0.0
2026-06-27T16:51:13.657Z,30.1,-82,2,-232,0.0
2026-06-27T16:51:13.692Z,28.8,-82,3,-204,0.0
2026-06-27T16:51:13.694Z,28.8,-82,4,-212,0.0
2026-06-27T16:51:13.695Z,28.8,-82,2,-219,0.0
2026-06-27T16:51:13.696Z,28.8,-81,2,-226,0.0
2026-06-27T16:51:13.844Z,30.1,-81,2,-109,0.0
2026-06-27T16:51:13.846Z,28.8,-81,3,-115,0.0
2026-06-27T16:51:13.848Z,28.8,-81,2,-144,0.0
2026-06-27T16:51:13.851Z,28.8,-81,2,-175,0.0
2026-06-27T16:51:13.852Z,28.9,-81,3,-181,0.0
2026-06-27T16:51:13.853Z,28.8,-81,2,-188,0.0
2026-06-27T16:51:13.854Z,28.8,-81,2,-195,0.0
2026-06-27T16:51:13.855Z,28.8,-81,2,-202,0.0
2026-06-27T16:51:13.856Z,25.4,-81,2,-209,0.0
2026-06-27T16:51:13.857Z,28.8,-81,3,-215,0.0
2026-06-27T16:51:13.858Z,28.8,-81,2,-222,0.0
2026-06-27T16:51:13.859Z,28.8,-81,2,-229,0.0
2026-06-27T16:51:13.861Z,25.4,-81,2,-236,0.0
2026-06-27T16:51:13.978Z,28.8,-81,6,-131,0.0
2026-06-27T16:51:13.979Z,28.8,-81,2,-138,0.0
2026-06-27T16:51:13.980Z,28.8,-83,2,-145,0.0
2026-06-27T16:51:13.981Z,28.8,-83,2,-175,0.0
2026-06-27T16:51:13.984Z,28.8,-83,4,-182,0.0
2026-06-27T16:51:13.985Z,28.8,-83,2,-189,0.0
2026-06-27T16:51:13.986Z,28.8,-83,2,-196,0.0
2026-06-27T16:51:13.987Z,25.4,-83,2,-203,0.0
2026-06-27T16:51:13.988Z,28.8,-83,3,-210,0.0
2026-06-27T16:51:13.989Z,28.8,-83,3,-217,0.0
2026-06-27T16:51:13.990Z,28.8,-83,3,-223,0.0
2026-06-27T16:51:13.991Z,28.8,-83,2,-229,0.0
2026-06-27T16:51:14.118Z,30.1,-82,5,-114,0.0
2026-06-27T16:51:14.120Z,25.4,-82,2,-121,0.0
2026-06-27T16:51:14.121Z,25.4,-82,2,-150,0.0
2026-06-27T16:51:14.123Z,25.4,-82,3,-181,0.0
2026-06-27T16:51:14.124Z,25.4,-82,3,-187,0.0
2026-06-27T16:51:14.125Z,25.4,-82,3,-193,0.0
2026-06-27T16:51:14.126Z,25.4,-82,2,-200,0.0
2026-06-27T16:51:14.127Z,25.4,-82,2,-207,0.0
2026-06-27T16:51:14.128Z,25.4,-82,2,-214,0.0
2026-06-27T16:51:14.129Z,25.4,-82,2,-221,0.0
2026-06-27T16:51:14.130Z,25.4,-82,2,-227,0.0
2026-06-27T16:51:14.131Z,28.8,-82,2,-234,0.0
2026-06-27T16:51:14.244Z,30.1,-82,2,-132,0.0
2026-06-27T16:51:14.245Z,28.8,-82,2,-139,0.0
2026-06-27T16:51:14.248Z,28.8,-82,2,-167,0.0
2026-06-27T16:51:14.249Z,28.8,-82,2,-175,0.0
2026-06-27T16:51:14.251Z,28.8,-82,2,-183,0.0
2026-06-27T16:51:14.252Z,28.8,-82,2,-190,0.0
2026-06-27T16:51:14.254Z,28.8,-82,3,-196,0.0
2026-06-27T16:51:14.255Z,28.8,-82,3,-203,0.0
2026-06-27T16:51:14.257Z,28.8,-82,3,-209,0.0
2026-06-27T16:51:14.258Z,28.8,-82,3,-216,0.0
2026-06-27T16:51:14.259Z,28.8,-82,2,-223,0.0
2026-06-27T16:51:14.260Z,28.8,-82,2,-230,0.0
2026-06-27T16:51:14.302Z,28.8,-82,2,-198,0.0
2026-06-27T16:51:14.310Z,28.8,-82,11,-206,0.0
2026-06-27T16:51:14.312Z,28.8,-82,2,-210,0.0
2026-06-27T16:51:14.317Z,28.8,-82,2,-239,0.0
2026-06-27T16:51:14.376Z,28.8,-81,3,-188,0.0
2026-06-27T16:51:14.377Z,28.8,-81,3,-194,0.0
2026-06-27T16:51:14.379Z,28.8,-81,2,-223,0.0
2026-06-27T16:51:14.525Z,28.8,-81,2,-110,0.0
2026-06-27T16:51:14.527Z,28.8,-82,4,-117,0.0
2026-06-27T16:51:14.529Z,28.8,-82,2,-146,0.0
2026-06-27T16:51:14.530Z,28.8,-82,2,-177,0.0
2026-06-27T16:51:14.532Z,28.8,-82,3,-184,0.0
2026-06-27T16:51:14.533Z,28.8,-82,2,-190,0.0
2026-06-27T16:51:14.534Z,28.8,-82,2,-197,0.0
2026-06-27T16:51:14.535Z,25.4,-82,2,-204,0.0
2026-06-27T16:51:14.536Z,28.8,-82,3,-211,0.0
2026-06-27T16:51:14.537Z,25.4,-82,3,-217,0.0
2026-06-27T16:51:14.538Z,25.4,-82,2,-224,0.0
2026-06-27T16:51:14.539Z,28.8,-82,2,-231,0.0
2026-06-27T16:51:14.540Z,28.8,-82,2,-238,0.0
2026-06-27T16:51:14.586Z,28.8,-82,4,-203,0.0
2026-06-27T16:51:14.587Z,28.8,-82,3,-209,0.0
2026-06-27T16:51:14.589Z,28.8,-82,2,-238,0.0
2026-06-27T16:51:14.726Z,28.8,-82,2,-109,0.0
2026-06-27T16:51:14.728Z,28.8,-83,5,-118,0.0
2026-06-27T16:51:14.730Z,28.8,-83,2,-124,0.0
2026-06-27T16:51:14.731Z,28.8,-83,3,-154,0.0
2026-06-27T16:51:14.732Z,28.8,-83,3,-185,0.0
2026-06-27T16:51:14.735Z,28.8,-83,2,-190,0.0
2026-06-27T16:51:14.736Z,28.8,-83,2,-197,0.0
2026-06-27T16:51:14.737Z,28.8,-83,2,-204,0.0
2026-06-27T16:51:14.738Z,28.8,-83,2,-211,0.0
2026-06-27T16:51:14.740Z,28.8,-83,2,-217,0.0
2026-06-27T16:51:14.741Z,25.4,-83,2,-224,0.0
2026-06-27T16:51:14.742Z,28.8,-83,3,-231,0.0
2026-06-27T16:51:14.743Z,25.4,-83,3,-238,0.0
2026-06-27T16:51:14.881Z,24.5,-83,5,-111,0.0
2026-06-27T16:51:14.882Z,28.8,-83,3,-116,0.0
2026-06-27T16:51:14.884Z,28.8,-83,2,-145,0.0
2026-06-27T16:51:14.885Z,28.8,-83,2,-177,0.0
2026-06-27T16:51:14.886Z,28.8,-83,3,-184,0.0
2026-06-27T16:51:14.888Z,28.8,-83,3,-190,0.0
2026-06-27T16:51:14.889Z,25.4,-83,2,-197,0.0
2026-06-27T16:51:14.892Z,28.8,-83,3,-203,0.0
2026-06-27T16:51:14.893Z,28.8,-83,3,-209,0.0
2026-06-27T16:51:14.894Z,28.8,-83,3,-216,0.0
2026-06-27T16:51:14.895Z,28.8,-83,3,-223,0.0
2026-06-27T16:51:14.896Z,25.4,-83,2,-229,0.0
2026-06-27T16:51:14.989Z,28.8,-83,2,-147,0.0
2026-06-27T16:51:14.991Z,28.8,-83,2,-155,0.0
2026-06-27T16:51:14.992Z,28.8,-83,2,-185,0.0
2026-06-27T16:51:14.993Z,24.5,-83,2,-216,0.0
2026-06-27T16:51:14.994Z,24.5,-83,3,-223,0.0
2026-06-27T16:51:14.996Z,24.5,-83,3,-228,0.0
2026-06-27T16:51:14.997Z,25.4,-83,2,-235,0.0
2026-06-27T16:51:14.998Z,25.4,-83,2,-242,0.0
2026-06-27T16:51:15.149Z,30.1,-83,5,-102,0.0
2026-06-27T16:51:15.151Z,28.8,-83,3,-108,0.0
2026-06-27T16:51:15.153Z,28.8,-83,3,-137,0.0
2026-06-27T16:51:15.154Z,25.4,-83,3,-168,0.0
2026-06-27T16:51:15.155Z,25.4,-83,3,-175,0.0
2026-06-27T16:51:15.156Z,25.4,-83,3,-181,0.0
2026-06-27T16:51:15.157Z,24.5,-83,2,-187,0.0
2026-06-27T16:51:15.158Z,24.5,-83,2,-194,0.0
2026-06-27T16:51:15.159Z,24.5,-83,2,-201,0.0
2026-06-27T16:51:15.160Z,25.4,-83,3,-207,0.0
2026-06-27T16:51:15.161Z,25.4,-83,2,-214,0.0
2026-06-27T16:51:15.162Z,24.5,-83,2,-221,0.0
2026-06-27T16:51:15.164Z,25.4,-83,2,-228,0.0
2026-06-27T16:51:15.298Z,25.4,-83,5,-104,0.0
2026-06-27T16:51:15.300Z,28.8,-83,2,-109,0.0
2026-06-27T16:51:15.301Z,28.8,-83,2,-140,0.0
2026-06-27T16:51:15.303Z,25.4,-83,3,-145,0.0
2026-06-27T16:51:15.304Z,25.4,-92,3,-152,0.0
2026-06-27T16:51:15.305Z,25.4,-92,2,-183,0.0
2026-06-27T16:51:15.306Z,25.4,-92,2,-190,0.0
2026-06-27T16:51:15.307Z,25.4,-92,2,-197,0.0
2026-06-27T16:51:15.308Z,25.4,-92,2,-204,0.0
2026-06-27T16:51:15.309Z,25.4,-92,2,-210,0.0
2026-06-27T16:51:15.310Z,25.4,-92,2,-217,0.0
2026-06-27T16:51:15.311Z,25.4,-92,2,-224,0.0
2026-06-27T16:51:15.415Z,25.4,-92,2,-131,0.0
2026-06-27T16:51:15.417Z,24.5,-92,9,-143,0.0
2026-06-27T16:51:15.419Z,25.4,-87,2,-149,0.0
2026-06-27T16:51:15.420Z,25.4,-87,2,-178,0.0
2026-06-27T16:51:15.421Z,25.4,-87,2,-209,0.0
2026-06-27T16:51:15.422Z,28.8,-87,2,-216,0.0
2026-06-27T16:51:15.423Z,25.4,-87,2,-223,0.0
2026-06-27T16:51:15.424Z,25.4,-87,2,-230,0.0
2026-06-27T16:51:15.559Z,24.5,-82,6,-107,0.0
2026-06-27T16:51:15.560Z,24.5,-82,2,-113,0.0
2026-06-27T16:51:15.562Z,25.4,-82,2,-142,0.0
2026-06-27T16:51:15.563Z,25.4,-82,2,-173,0.0
2026-06-27T16:51:15.564Z,24.5,-82,2,-180,0.0
2026-06-27T16:51:15.567Z,24.5,-82,2,-186,0.0
2026-06-27T16:51:15.570Z,25.4,-82,3,-190,0.0
2026-06-27T16:51:15.571Z,25.4,-82,2,-196,0.0
2026-06-27T16:51:15.572Z,25.4,-82,2,-203,0.0
2026-06-27T16:51:15.573Z,24.5,-82,2,-210,0.0
2026-06-27T16:51:15.574Z,25.4,-82,3,-217,0.0
2026-06-27T16:51:15.574Z,25.4,-82,2,-223,0.0
2026-06-27T16:51:15.715Z,28.8,-82,2,-91,0.0
2026-06-27T16:51:15.718Z,30.1,-82,5,-100,0.0
2026-06-27T16:51:15.720Z,29.6,-82,4,-106,0.0
2026-06-27T16:51:15.721Z,25.7,-82,2,-137,0.0
2026-06-27T16:51:15.722Z,25.7,-84,3,-143,0.0
2026-06-27T16:51:15.723Z,25.7,-84,2,-174,0.0
2026-06-27T16:51:15.724Z,25.7,-84,2,-181,0.0
2026-06-27T16:51:15.725Z,24.8,-84,2,-188,0.0
2026-06-27T16:51:15.726Z,24.8,-84,2,-195,0.0
2026-06-27T16:51:15.727Z,25.7,-84,2,-201,0.0
2026-06-27T16:51:15.728Z,25.7,-84,2,-208,0.0
2026-06-27T16:51:15.729Z,24.8,-84,2,-215,0.0
2026-06-27T16:51:15.731Z,24.8,-84,2,-221,0.0
2026-06-27T16:51:15.830Z,25.7,-84,5,-157,0.0
2026-06-27T16:51:15.835Z,25.7,-85,3,-158,0.0
2026-06-27T16:51:15.836Z,26.5,-85,2,-186,0.0
2026-06-27T16:51:15.837Z,25.7,-85,2,-217,0.0
2026-06-27T16:51:15.838Z,24.8,-85,2,-225,0.0
2026-06-27T16:51:15.968Z,29.1,-84,3,-109,0.0
2026-06-27T16:51:15.969Z,25.1,-84,2,-114,0.0
2026-06-27T16:51:15.970Z,24.2,-84,2,-121,0.0
2026-06-27T16:51:15.972Z,26.5,-84,2,-150,0.0
2026-06-27T16:51:15.973Z,29.1,-84,3,-181,0.0
2026-06-27T16:51:15.974Z,25.1,-84,2,-188,0.0
2026-06-27T16:51:15.976Z,24.2,-84,3,-193,0.0
2026-06-27T16:51:15.977Z,29.9,-84,2,-201,0.0
2026-06-27T16:51:15.978Z,26.2,-84,2,-207,0.0
2026-06-27T16:51:15.979Z,24.5,-84,2,-214,0.0
2026-06-27T16:51:15.980Z,23.6,-84,2,-221,0.0
2026-06-27T16:51:15.981Z,28.8,-84,3,-228,0.0
2026-06-27T16:51:16.084Z,24.8,-84,3,-132,0.0
2026-06-27T16:51:16.088Z,23.9,-84,5,-140,0.0
2026-06-27T16:51:16.091Z,29.1,-84,3,-144,0.0
2026-06-27T16:51:16.092Z,24.2,-84,2,-151,0.0
2026-06-27T16:51:16.094Z,24.5,-84,3,-180,0.0
2026-06-27T16:51:16.095Z,23.6,-85,3,-186,0.0
2026-06-27T16:51:16.096Z,29.3,-85,2,-194,0.0
2026-06-27T16:51:16.098Z,29.3,-85,2,-200,0.0
2026-06-27T16:51:16.099Z,24.8,-85,2,-207,0.0
2026-06-27T16:51:16.100Z,23.9,-85,2,-214,0.0
2026-06-27T16:51:16.101Z,23.1,-85,3,-220,0.0
2026-06-27T16:51:16.102Z,30.1,-85,2,-227,0.0
2026-06-27T16:51:16.103Z,30.1,-85,2,-234,0.0
2026-06-27T16:51:16.135Z,30.1,-85,5,-213,0.0
2026-06-27T16:51:16.136Z,30.1,-85,2,-220,0.0
2026-06-27T16:51:16.139Z,23.9,-85,2,-249,0.0
2026-06-27T16:51:16.218Z,24.8,-87,3,-176,0.0
2026-06-27T16:51:16.220Z,23.9,-87,5,-184,0.0
2026-06-27T16:51:16.222Z,23.9,-87,2,-189,0.0
2026-06-27T16:51:16.223Z,28.9,-87,2,-219,0.0
2026-06-27T16:51:16.226Z,29.6,-87,2,-248,0.0
2026-06-27T16:51:16.373Z,29.1,-91,7,-113,0.0
2026-06-27T16:51:16.375Z,29.1,-91,2,-119,0.0
2026-06-27T16:51:16.377Z,29.9,-91,2,-148,0.0
2026-06-27T16:51:16.379Z,28.8,-91,2,-177,0.0
2026-06-27T16:51:16.380Z,27.9,-91,2,-184,0.0
2026-06-27T16:51:16.381Z,27.9,-91,2,-191,0.0
2026-06-27T16:51:16.382Z,28.8,-91,2,-198,0.0
2026-06-27T16:51:16.383Z,29.6,-91,2,-205,0.0
2026-06-27T16:51:16.385Z,29.6,-91,2,-211,0.0
2026-06-27T16:51:16.386Z,28.3,-91,2,-218,0.0
2026-06-27T16:51:16.387Z,28.3,-91,2,-225,0.0
2026-06-27T16:51:16.388Z,29.1,-91,2,-232,0.0
2026-06-27T16:51:16.499Z,28.5,-91,2,-132,0.0
2026-06-27T16:51:16.509Z,28.5,-91,5,-132,0.0
2026-06-27T16:51:16.512Z,28.8,-91,3,-136,0.0
2026-06-27T16:51:16.513Z,29.6,-91,2,-164,0.0
2026-06-27T16:51:16.515Z,29.1,-79,2,-171,0.0
2026-06-27T16:51:16.516Z,28.2,-79,2,-179,0.0
2026-06-27T16:51:16.517Z,28.3,-79,2,-186,0.0
2026-06-27T16:51:16.518Z,29.1,-79,2,-193,0.0
2026-06-27T16:51:16.519Z,29.1,-79,2,-200,0.0
2026-06-27T16:51:16.520Z,29.9,-79,2,-207,0.0
2026-06-27T16:51:16.521Z,28.5,-79,2,-214,0.0
2026-06-27T16:51:16.522Z,29.3,-79,2,-221,0.0
2026-06-27T16:51:16.523Z,29.3,-79,2,-228,0.0
2026-06-27T16:51:16.629Z,28.8,-79,5,-135,0.0
2026-06-27T16:51:16.630Z,28.8,-79,3,-141,0.0
2026-06-27T16:51:16.633Z,29.9,-79,2,-169,0.0
2026-06-27T16:51:16.634Z,29.3,-77,2,-176,0.0
2026-06-27T16:51:16.635Z,29.3,-77,2,-184,0.0
2026-06-27T16:51:16.636Z,28.8,-77,2,-191,0.0
2026-06-27T16:51:16.637Z,28.8,-77,2,-198,0.0
2026-06-27T16:51:16.638Z,29.6,-77,2,-205,0.0
2026-06-27T16:51:16.640Z,29.1,-77,2,-211,0.0
2026-06-27T16:51:16.641Z,29.1,-77,2,-218,0.0
2026-06-27T16:51:16.642Z,29.1,-77,2,-225,0.0
2026-06-27T16:51:16.643Z,29.9,-77,2,-232,0.0
2026-06-27T16:51:16.684Z,29.9,-77,2,-199,0.0
2026-06-27T16:51:16.687Z,29.3,-77,10,-213,0.0
2026-06-27T16:51:16.688Z,29.3,-77,2,-218,0.0
2026-06-27T16:51:16.691Z,37.8,-77,2,-248,0.0
2026-06-27T16:51:16.839Z,37.8,-77,5,-109,0.0
2026-06-27T16:51:16.841Z,37.4,-77,2,-115,0.0
2026-06-27T16:51:16.846Z,29.1,-77,2,-143,0.0
2026-06-27T16:51:16.847Z,29.9,-77,2,-174,0.0
2026-06-27T16:51:16.850Z,29.9,-77,3,-181,0.0
2026-06-27T16:51:16.852Z,29.9,-77,2,-186,0.0
2026-06-27T16:51:16.855Z,29.9,-77,2,-190,0.0
2026-06-27T16:51:16.856Z,29.9,-77,2,-197,0.0
2026-06-27T16:51:16.857Z,29.9,-77,2,-204,0.0
2026-06-27T16:51:16.858Z,29.9,-77,2,-211,0.0
2026-06-27T16:51:16.859Z,29.9,-77,2,-218,0.0
2026-06-27T16:51:16.860Z,29.9,-77,2,-225,0.0
2026-06-27T16:51:16.939Z,36.9,-77,4,-163,0.0
2026-06-27T16:51:16.945Z,36.9,-78,3,-162,0.0
2026-06-27T16:51:16.948Z,29.3,-78,2,-188,0.0
2026-06-27T16:51:16.949Z,29.3,-78,2,-219,0.0
2026-06-27T16:51:16.950Z,36.4,-78,2,-227,0.0
2026-06-27T16:51:16.951Z,36.4,-78,3,-234,0.0
2026-06-27T16:51:17.037Z,36.4,-78,6,-160,0.0
2026-06-27T16:51:17.039Z,36.4,-79,2,-166,0.0
2026-06-27T16:51:17.041Z,28.8,-79,2,-195,0.0
2026-06-27T16:51:17.042Z,28.8,-79,2,-226,0.0
2026-06-27T16:51:17.043Z,28.8,-79,3,-234,0.0
2026-06-27T16:51:17.044Z,28.8,-79,3,-241,0.0
2026-06-27T16:51:17.046Z,29.3,-79,3,-247,0.0
2026-06-27T16:51:17.199Z,29.3,-77,6,-105,0.0
2026-06-27T16:51:17.201Z,29.3,-77,2,-112,0.0
2026-06-27T16:51:17.202Z,29.9,-77,2,-141,0.0
2026-06-27T16:51:17.203Z,37.3,-77,2,-173,0.0
2026-06-27T16:51:17.205Z,37.3,-77,3,-179,0.0
2026-06-27T16:51:17.206Z,37.8,-77,2,-187,0.0
2026-06-27T16:51:17.207Z,37.8,-77,2,-194,0.0
2026-06-27T16:51:17.208Z,38.3,-77,2,-202,0.0
2026-06-27T16:51:17.209Z,38.3,-77,2,-209,0.0
2026-06-27T16:51:17.210Z,38.3,-77,2,-217,0.0
2026-06-27T16:51:17.211Z,38.3,-77,2,-224,0.0
2026-06-27T16:51:17.212Z,38.7,-77,2,-232,0.0
2026-06-27T16:51:17.326Z,39.2,-77,2,-127,0.0
2026-06-27T16:51:17.329Z,37.6,-77,5,-137,0.0
2026-06-27T16:51:17.330Z,37.6,-77,3,-143,0.0
2026-06-27T16:51:17.335Z,38.5,-77,2,-173,0.0
2026-06-27T16:51:17.337Z,38.5,-76,2,-177,0.0
2026-06-27T16:51:17.338Z,39.0,-76,2,-184,0.0
2026-06-27T16:51:17.339Z,39.4,-76,2,-192,0.0
2026-06-27T16:51:17.340Z,37.8,-76,3,-199,0.0
2026-06-27T16:51:17.341Z,37.8,-76,2,-207,0.0
2026-06-27T16:51:17.342Z,37.8,-76,2,-213,0.0
2026-06-27T16:51:17.343Z,37.8,-76,2,-221,0.0
2026-06-27T16:51:17.344Z,37.8,-76,2,-228,0.0
2026-06-27T16:51:17.345Z,37.8,-76,2,-236,0.0
2026-06-27T16:51:17.382Z,38.3,-76,5,-213,0.0
2026-06-27T16:51:17.383Z,38.7,-76,3,-222,0.0
2026-06-27T16:51:17.384Z,37.6,-75,2,-252,0.0
2026-06-27T16:51:17.535Z,38.0,-75,2,-115,0.0
2026-06-27T16:51:17.538Z,38.5,-75,2,-118,0.0
2026-06-27T16:51:17.539Z,37.3,-75,2,-148,0.0
2026-06-27T16:51:17.540Z,22.5,-75,2,-179,0.0
2026-06-27T16:51:17.542Z,22.5,-76,2,-185,0.0
2026-06-27T16:51:17.543Z,21.3,-76,3,-191,0.0
2026-06-27T16:51:17.544Z,21.3,-76,2,-198,0.0
2026-06-27T16:51:17.545Z,21.3,-76,2,-204,0.0
2026-06-27T16:51:17.546Z,21.3,-76,2,-211,0.0
2026-06-27T16:51:17.547Z,21.3,-76,2,-217,0.0
2026-06-27T16:51:17.548Z,21.3,-76,2,-224,0.0
2026-06-27T16:51:17.549Z,21.3,-76,2,-231,0.0
2026-06-27T16:51:17.665Z,21.3,-76,2,-124,0.0
2026-06-27T16:51:17.670Z,21.3,-76,6,-130,0.0
2026-06-27T16:51:17.673Z,21.3,-76,2,-136,0.0
2026-06-27T16:51:17.676Z,21.3,-74,2,-139,0.0
2026-06-27T16:51:17.677Z,20.9,-74,2,-169,0.0
2026-06-27T16:51:17.678Z,20.9,-74,3,-175,0.0
2026-06-27T16:51:17.679Z,20.9,-74,2,-206,0.0
2026-06-27T16:51:17.680Z,20.9,-74,2,-212,0.0
2026-06-27T16:51:17.681Z,22.2,-74,2,-219,0.0
2026-06-27T16:51:17.682Z,20.9,-74,2,-225,0.0
2026-06-27T16:51:17.760Z,22.2,-75,2,-156,0.0
2026-06-27T16:51:17.762Z,22.2,-75,5,-162,0.0
2026-06-27T16:51:17.763Z,20.9,-75,2,-168,0.0
2026-06-27T16:51:17.764Z,21.9,-75,2,-198,0.0
2026-06-27T16:51:17.766Z,23.6,-75,2,-228,0.0
2026-06-27T16:51:17.767Z,29.3,-75,3,-235,0.0
2026-06-27T16:51:17.768Z,29.3,-75,2,-242,0.0
2026-06-27T16:51:17.858Z,22.5,-77,6,-165,0.0
2026-06-27T16:51:17.860Z,22.5,-77,2,-170,0.0
2026-06-27T16:51:17.861Z,29.1,-77,2,-199,0.0
2026-06-27T16:51:17.863Z,28.8,-77,2,-229,0.0
2026-06-27T16:51:17.864Z,29.3,-77,2,-236,0.0
2026-06-27T16:51:17.866Z,29.3,-77,2,-242,0.0
2026-06-27T16:51:17.910Z,29.9,-77,6,-216,0.0
2026-06-27T16:51:17.915Z,29.9,-77,2,-218,0.0
2026-06-27T16:51:17.918Z,29.6,-77,3,-246,0.0
2026-06-27T16:51:18.040Z,29.6,-77,3,-131,0.0
2026-06-27T16:51:18.042Z,28.8,-77,2,-136,0.0
2026-06-27T16:51:18.044Z,38.0,-77,3,-165,0.0
2026-06-27T16:51:18.045Z,38.0,-77,2,-174,0.0
2026-06-27T16:51:18.047Z,38.0,-78,3,-182,0.0
2026-06-27T16:51:18.048Z,30.9,-78,3,-189,0.0
2026-06-27T16:51:18.049Z,30.1,-78,2,-196,0.0
2026-06-27T16:51:18.050Z,29.3,-78,2,-203,0.0
2026-06-27T16:51:18.051Z,30.6,-78,2,-210,0.0
2026-06-27T16:51:18.052Z,41.7,-78,2,-218,0.0
2026-06-27T16:51:18.053Z,40.1,-78,2,-225,0.0
2026-06-27T16:51:18.054Z,40.6,-78,2,-233,0.0
2026-06-27T16:51:18.056Z,41.5,-78,2,-240,0.0
2026-06-27T16:51:18.095Z,40.8,-78,4,-214,0.0
2026-06-27T16:51:18.097Z,40.8,-78,3,-221,0.0
2026-06-27T16:51:18.098Z,40.8,-77,2,-227,0.0
2026-06-27T16:51:18.259Z,41.9,-77,2,-99,0.0
2026-06-27T16:51:18.261Z,40.3,-77,3,-105,0.0
2026-06-27T16:51:18.263Z,42.2,-77,2,-135,0.0
2026-06-27T16:51:18.264Z,42.4,-77,2,-167,0.0
2026-06-27T16:51:18.265Z,43.0,-77,2,-175,0.0
2026-06-27T16:51:18.267Z,43.0,-77,2,-182,0.0
2026-06-27T16:51:18.268Z,43.4,-77,2,-190,0.0
2026-06-27T16:51:18.269Z,41.5,-77,3,-198,0.0
2026-06-27T16:51:18.270Z,41.0,-77,2,-205,0.0
2026-06-27T16:51:18.271Z,41.0,-77,2,-213,0.0
2026-06-27T16:51:18.272Z,41.5,-77,2,-221,0.0
2026-06-27T16:51:18.273Z,41.5,-77,3,-228,0.0
2026-06-27T16:51:18.274Z,41.5,-77,2,-236,0.0
2026-06-27T16:51:18.308Z,41.5,-77,5,-215,0.0
2026-06-27T16:51:18.309Z,41.5,-75,3,-223,0.0
2026-06-27T16:51:18.311Z,41.5,-75,2,-252,0.0
2026-06-27T16:51:18.471Z,41.5,-75,2,-124,0.0
2026-06-27T16:51:18.474Z,41.9,-75,2,-131,0.0
2026-06-27T16:51:18.475Z,45.4,-75,2,-163,0.0
2026-06-27T16:51:18.476Z,42.6,-75,3,-171,0.0
2026-06-27T16:51:18.477Z,45.4,-75,3,-179,0.0
2026-06-27T16:51:18.478Z,45.4,-75,2,-187,0.0
2026-06-27T16:51:18.479Z,40.1,-75,2,-194,0.0
2026-06-27T16:51:18.481Z,40.1,-75,2,-201,0.0
2026-06-27T16:51:18.482Z,40.1,-75,2,-208,0.0
2026-06-27T16:51:18.483Z,40.1,-75,2,-216,0.0
2026-06-27T16:51:18.484Z,40.1,-75,2,-224,0.0
2026-06-27T16:51:18.485Z,40.1,-75,3,-231,0.0
2026-06-27T16:51:18.486Z,40.6,-75,2,-240,0.0
2026-06-27T16:51:18.629Z,40.6,-82,6,-109,0.0
2026-06-27T16:51:18.630Z,40.6,-82,2,-117,0.0
2026-06-27T16:51:18.633Z,40.6,-82,2,-145,0.0
2026-06-27T16:51:18.634Z,39.0,-82,2,-177,0.0
2026-06-27T16:51:18.635Z,39.0,-82,2,-185,0.0
2026-06-27T16:51:18.636Z,39.0,-82,2,-192,0.0
2026-06-27T16:51:18.638Z,39.0,-82,2,-199,0.0
2026-06-27T16:51:18.639Z,38.9,-82,2,-207,0.0
2026-06-27T16:51:18.640Z,38.5,-82,3,-214,0.0
2026-06-27T16:51:18.641Z,38.5,-82,2,-222,0.0
2026-06-27T16:51:18.642Z,38.9,-82,3,-229,0.0
2026-06-27T16:51:18.643Z,38.9,-82,2,-237,0.0
2026-06-27T16:51:18.763Z,39.4,-82,2,-128,0.0
2026-06-27T16:51:18.764Z,39.9,-82,2,-136,0.0
2026-06-27T16:51:18.767Z,38.3,-82,2,-166,0.0
2026-06-27T16:51:18.768Z,38.3,-80,3,-172,0.0
2026-06-27T16:51:18.769Z,38.7,-80,3,-181,0.0
2026-06-27T16:51:18.771Z,39.2,-80,2,-188,0.0
2026-06-27T16:51:18.773Z,39.7,-80,3,-194,0.0
2026-06-27T16:51:18.775Z,38.0,-80,2,-202,0.0
2026-06-27T16:51:18.776Z,38.0,-80,2,-209,0.0
2026-06-27T16:51:18.777Z,38.0,-80,2,-216,0.0
2026-06-27T16:51:18.778Z,38.0,-80,2,-224,0.0
2026-06-27T16:51:18.779Z,38.5,-80,2,-231,0.0
2026-06-27T16:51:18.780Z,38.5,-80,2,-239,0.0
2026-06-27T16:51:18.895Z,39.9,-80,8,-143,0.0
2026-06-27T16:51:18.900Z,38.3,-76,2,-144,0.0
2026-06-27T16:51:18.904Z,38.7,-76,2,-170,0.0
2026-06-27T16:51:18.905Z,39.2,-76,3,-178,0.0
2026-06-27T16:51:18.906Z,38.0,-76,2,-186,0.0
2026-06-27T16:51:18.907Z,38.0,-76,2,-194,0.0
2026-06-27T16:51:18.909Z,38.5,-76,2,-200,0.0
2026-06-27T16:51:18.910Z,38.5,-76,2,-208,0.0
2026-06-27T16:51:18.911Z,38.5,-76,3,-215,0.0
2026-06-27T16:51:18.912Z,38.5,-76,2,-224,0.0
2026-06-27T16:51:19.059Z,39.4,-80,7,-89,0.0
2026-06-27T16:51:19.062Z,39.9,-80,2,-96,0.0
2026-06-27T16:51:19.063Z,38.7,-80,3,-125,0.0
2026-06-27T16:51:19.065Z,39.0,-80,2,-156,0.0
2026-06-27T16:51:19.067Z,39.0,-80,2,-164,0.0
2026-06-27T16:51:19.069Z,38.9,-80,2,-170,0.0
2026-06-27T16:51:19.071Z,38.9,-80,2,-177,0.0
2026-06-27T16:51:19.073Z,38.9,-80,2,-184,0.0
2026-06-27T16:51:19.075Z,39.4,-80,3,-190,0.0
2026-06-27T16:51:19.077Z,39.4,-80,2,-197,0.0
2026-06-27T16:51:19.078Z,39.9,-80,2,-203,0.0
2026-06-27T16:51:19.080Z,39.9,-80,2,-210,0.0
2026-06-27T16:51:19.178Z,40.3,-80,2,-122,0.0
2026-06-27T16:51:19.182Z,40.8,-80,5,-129,0.0
2026-06-27T16:51:19.184Z,41.2,-80,3,-135,0.0
2026-06-27T16:51:19.186Z,41.2,-80,3,-143,0.0
2026-06-27T16:51:19.187Z,39.7,-80,3,-172,0.0
2026-06-27T16:51:19.188Z,39.6,-84,2,-180,0.0
2026-06-27T16:51:19.190Z,39.6,-84,3,-187,0.0
2026-06-27T16:51:19.191Z,39.6,-84,2,-195,0.0
2026-06-27T16:51:19.193Z,39.6,-84,2,-203,0.0
2026-06-27T16:51:19.195Z,39.7,-84,2,-210,0.0
2026-06-27T16:51:19.197Z,39.6,-84,2,-216,0.0
2026-06-27T16:51:19.199Z,40.1,-84,2,-223,0.0
2026-06-27T16:51:19.200Z,40.1,-84,2,-230,0.0
2026-06-27T16:51:19.328Z,40.1,-84,5,-117,0.0
2026-06-27T16:51:19.329Z,40.6,-79,2,-124,0.0
2026-06-27T16:51:19.333Z,40.6,-79,2,-152,0.0
2026-06-27T16:51:19.334Z,41.0,-79,2,-183,0.0
2026-06-27T16:51:19.336Z,41.5,-79,2,-191,0.0
2026-06-27T16:51:19.340Z,41.5,-79,2,-198,0.0
2026-06-27T16:51:19.341Z,41.9,-79,3,-204,0.0
2026-06-27T16:51:19.343Z,42.4,-78,3,-212,0.0
2026-06-27T16:51:19.466Z,41.7,-78,2,-121,0.0
2026-06-27T16:51:19.468Z,42.2,-78,2,-127,0.0
2026-06-27T16:51:19.470Z,16.2,-78,2,-155,0.0
2026-06-27T16:51:19.472Z,15.9,-78,2,-161,0.0
2026-06-27T16:51:19.473Z,15.9,-78,2,-167,0.0
2026-06-27T16:51:19.474Z,15.9,-78,2,-174,0.0
2026-06-27T16:51:19.475Z,15.9,-80,2,-181,0.0
2026-06-27T16:51:19.477Z,16.8,-80,2,-187,0.0
2026-06-27T16:51:19.479Z,16.8,-80,2,-192,0.0
2026-06-27T16:51:19.481Z,16.8,-80,2,-197,0.0
2026-06-27T16:51:19.483Z,16.5,-80,2,-203,0.0
2026-06-27T16:51:19.485Z,16.5,-80,3,-208,0.0
2026-06-27T16:51:19.487Z,16.5,-80,2,-213,0.0
2026-06-27T16:51:19.596Z,16.2,-80,6,-114,0.0
2026-06-27T16:51:19.599Z,16.2,-80,2,-118,0.0
2026-06-27T16:51:19.602Z,15.9,-80,2,-146,0.0
2026-06-27T16:51:19.604Z,15.9,-80,3,-152,0.0
2026-06-27T16:51:19.606Z,41.9,-80,2,-182,0.0
2026-06-27T16:51:19.610Z,41.9,-80,2,-188,0.0
2026-06-27T16:51:19.612Z,41.9,-80,2,-195,0.0
2026-06-27T16:51:19.614Z,42.4,-80,3,-201,0.0
2026-06-27T16:51:19.616Z,42.4,-80,2,-207,0.0
2026-06-27T16:51:19.618Z,43.0,-80,2,-215,0.0
2026-06-27T16:51:19.620Z,41.3,-80,2,-222,0.0
2026-06-27T16:51:19.621Z,41.2,-80,2,-228,0.0
2026-06-27T16:51:19.707Z,41.2,-80,2,-154,0.0
2026-06-27T16:51:19.711Z,41.3,-80,2,-160,0.0
2026-06-27T16:51:19.713Z,42.2,-80,2,-189,0.0
2026-06-27T16:51:19.714Z,41.5,-80,2,-220,0.0
2026-06-27T16:51:19.717Z,41.5,-80,2,-226,0.0
2026-06-27T16:51:19.718Z,41.5,-80,2,-233,0.0
2026-06-27T16:51:19.808Z,29.1,-80,5,-155,0.0
2026-06-27T16:51:19.811Z,29.1,-78,3,-161,0.0
2026-06-27T16:51:19.813Z,29.1,-78,2,-190,0.0
2026-06-27T16:51:19.814Z,29.6,-78,2,-221,0.0
2026-06-27T16:51:19.816Z,29.6,-78,3,-227,0.0
2026-06-27T16:51:19.817Z,29.6,-78,2,-234,0.0
2026-06-27T16:51:19.818Z,29.6,-78,2,-241,0.0
2026-06-27T16:51:19.908Z,29.6,-77,2,-162,0.0
2026-06-27T16:51:19.913Z,28.8,-77,3,-165,0.0
2026-06-27T16:51:19.916Z,28.8,-77,2,-192,0.0
2026-06-27T16:51:19.918Z,28.8,-77,2,-221,0.0
2026-06-27T16:51:19.919Z,28.8,-77,3,-228,0.0
2026-06-27T16:51:19.920Z,29.3,-77,2,-235,0.0
2026-06-27T16:51:20.052Z,29.3,-77,3,-114,0.0
2026-06-27T16:51:20.055Z,29.3,-78,3,-119,0.0
2026-06-27T16:51:20.057Z,28.5,-78,2,-149,0.0
2026-06-27T16:51:20.059Z,27.7,-78,2,-178,0.0
2026-06-27T16:51:20.061Z,27.7,-78,2,-184,0.0
2026-06-27T16:51:20.062Z,27.7,-78,2,-191,0.0
2026-06-27T16:51:20.063Z,27.7,-78,2,-198,0.0
2026-06-27T16:51:20.064Z,27.7,-78,2,-205,0.0
2026-06-27T16:51:20.065Z,27.7,-78,3,-212,0.0
2026-06-27T16:51:20.066Z,27.7,-78,3,-219,0.0
2026-06-27T16:51:20.067Z,27.7,-78,2,-224,0.0
2026-06-27T16:51:20.069Z,27.7,-78,2,-231,0.0
2026-06-27T16:51:20.070Z,27.7,-78,2,-238,0.0
2026-06-27T16:51:20.201Z,27.7,-78,5,-118,0.0
2026-06-27T16:51:20.202Z,27.7,-78,3,-124,0.0
2026-06-27T16:51:20.204Z,29.3,-78,2,-153,0.0
2026-06-27T16:51:20.205Z,28.8,-78,2,-185,0.0
2026-06-27T16:51:20.206Z,28.0,-83,3,-192,0.0
2026-06-27T16:51:20.208Z,28.0,-83,2,-198,0.0
2026-06-27T16:51:20.209Z,28.0,-83,3,-205,0.0
2026-06-27T16:51:20.210Z,27.1,-83,3,-212,0.0
2026-06-27T16:51:20.211Z,27.1,-83,2,-218,0.0
2026-06-27T16:51:20.212Z,27.1,-83,2,-225,0.0
2026-06-27T16:51:20.213Z,27.1,-83,2,-232,0.0
2026-06-27T16:51:20.214Z,27.1,-83,2,-239,0.0
2026-06-27T16:51:20.319Z,27.1,-83,2,-146,0.0
2026-06-27T16:51:20.323Z,27.1,-83,4,-150,0.0
2026-06-27T16:51:20.326Z,28.0,-82,2,-178,0.0
2026-06-27T16:51:20.328Z,28.8,-82,2,-209,0.0
2026-06-27T16:51:20.329Z,28.8,-82,3,-215,0.0
2026-06-27T16:51:20.331Z,28.8,-82,3,-221,0.0
2026-06-27T16:51:20.332Z,28.8,-82,3,-228,0.0
2026-06-27T16:51:20.333Z,29.3,-82,2,-236,0.0
2026-06-27T16:51:20.471Z,29.3,-81,3,-110,0.0
2026-06-27T16:51:20.476Z,29.3,-81,2,-114,0.0
2026-06-27T16:51:20.478Z,29.3,-81,3,-143,0.0
2026-06-27T16:51:20.479Z,29.3,-81,2,-173,0.0
2026-06-27T16:51:20.481Z,29.3,-81,2,-180,0.0
2026-06-27T16:51:20.482Z,29.3,-81,2,-186,0.0
2026-06-27T16:51:20.483Z,29.3,-81,2,-193,0.0
2026-06-27T16:51:20.484Z,29.3,-81,2,-200,0.0
2026-06-27T16:51:20.485Z,29.3,-81,2,-207,0.0
2026-06-27T16:51:20.486Z,29.3,-81,2,-214,0.0
2026-06-27T16:51:20.487Z,29.3,-81,2,-221,0.0
2026-06-27T16:51:20.488Z,29.3,-81,2,-228,0.0
2026-06-27T16:51:20.593Z,29.3,-81,2,-131,0.0
2026-06-27T16:51:20.595Z,29.3,-81,5,-140,0.0
2026-06-27T16:51:20.597Z,29.3,-81,2,-146,0.0
2026-06-27T16:51:20.598Z,29.3,-81,2,-176,0.0
2026-06-27T16:51:20.602Z,29.9,-85,2,-183,0.0
2026-06-27T16:51:20.603Z,29.9,-85,3,-188,0.0
2026-06-27T16:51:20.604Z,29.9,-85,2,-195,0.0
2026-06-27T16:51:20.605Z,29.9,-85,2,-203,0.0
2026-06-27T16:51:20.606Z,29.9,-85,3,-209,0.0
2026-06-27T16:51:20.607Z,29.1,-85,3,-216,0.0
2026-06-27T16:51:20.608Z,29.1,-85,3,-223,0.0
2026-06-27T16:51:20.609Z,29.1,-85,3,-230,0.0
2026-06-27T16:51:20.611Z,45.0,-85,3,-238,0.0
2026-06-27T16:51:20.734Z,45.0,-85,5,-126,0.0
2026-06-27T16:51:20.736Z,45.0,-85,2,-133,0.0
2026-06-27T16:51:20.737Z,46.4,-85,2,-164,0.0
2026-06-27T16:51:20.738Z,45.6,-83,2,-197,0.0
2026-06-27T16:51:20.739Z,45.6,-83,3,-205,0.0
2026-06-27T16:51:20.741Z,45.2,-83,3,-212,0.0
2026-06-27T16:51:20.742Z,45.2,-83,3,-220,0.0
2026-06-27T16:51:20.743Z,45.2,-83,3,-228,0.0
2026-06-27T16:51:20.744Z,44.8,-83,3,-235,0.0
2026-06-27T16:51:20.890Z,44.8,-83,2,-101,0.0
2026-06-27T16:51:20.892Z,46.6,-87,2,-108,0.0
2026-06-27T16:51:20.894Z,45.7,-87,2,-138,0.0
2026-06-27T16:51:20.896Z,45.8,-87,2,-170,0.0
2026-06-27T16:51:20.897Z,45.4,-87,2,-178,0.0
2026-06-27T16:51:20.898Z,45.4,-87,2,-186,0.0
2026-06-27T16:51:20.899Z,45.4,-87,2,-194,0.0
2026-06-27T16:51:20.900Z,45.4,-87,2,-202,0.0
2026-06-27T16:51:20.901Z,45.8,-87,2,-210,0.0
2026-06-27T16:51:20.902Z,45.8,-87,2,-218,0.0
2026-06-27T16:51:20.903Z,46.2,-87,2,-226,0.0
2026-06-27T16:51:20.904Z,46.2,-87,2,-234,0.0
2026-06-27T16:51:20.905Z,45.7,-87,2,-242,0.0
2026-06-27T16:51:21.039Z,45.8,-87,4,-125,0.0
2026-06-27T16:51:21.043Z,46.2,-87,3,-126,0.0
2026-06-27T16:51:21.050Z,58.0,-87,2,-152,0.0
2026-06-27T16:51:21.052Z,48.0,-90,2,-158,0.0
2026-06-27T16:51:21.054Z,45.4,-90,2,-166,0.0
2026-06-27T16:51:21.056Z,45.4,-90,2,-173,0.0
2026-06-27T16:51:21.057Z,45.4,-90,2,-180,0.0
2026-06-27T16:51:21.059Z,57.8,-90,2,-188,0.0
2026-06-27T16:51:21.060Z,51.5,-90,2,-196,0.0
2026-06-27T16:51:21.062Z,49.3,-90,2,-203,0.0
2026-06-27T16:51:21.063Z,49.3,-90,2,-211,0.0
2026-06-27T16:51:21.065Z,47.2,-90,2,-219,0.0
2026-06-27T16:51:21.134Z,47.2,-90,2,-162,0.0
2026-06-27T16:51:21.138Z,46.8,-90,2,-167,0.0
2026-06-27T16:51:21.139Z,48.9,-90,2,-197,0.0
2026-06-27T16:51:21.141Z,48.1,-90,2,-230,0.0
2026-06-27T16:51:21.142Z,47.8,-90,3,-237,0.0
2026-06-27T16:51:21.143Z,47.8,-90,2,-246,0.0
2026-06-27T16:51:21.284Z,47.4,-86,7,-120,0.0
2026-06-27T16:51:21.285Z,47.4,-86,2,-125,0.0
2026-06-27T16:51:21.286Z,47.0,-86,2,-157,0.0
2026-06-27T16:51:21.288Z,47.0,-86,2,-165,0.0
2026-06-27T16:51:21.289Z,47.0,-86,3,-173,0.0
2026-06-27T16:51:21.290Z,47.0,-86,3,-181,0.0
2026-06-27T16:51:21.291Z,46.6,-86,3,-189,0.0
2026-06-27T16:51:21.292Z,46.6,-86,2,-197,0.0
2026-06-27T16:51:21.293Z,46.6,-86,2,-205,0.0
2026-06-27T16:51:21.294Z,46.6,-86,2,-213,0.0
2026-06-27T16:51:21.295Z,46.6,-86,2,-221,0.0
2026-06-27T16:51:21.296Z,46.6,-86,2,-229,0.0
2026-06-27T16:51:21.420Z,46.6,-86,2,-115,0.0
2026-06-27T16:51:21.422Z,47.0,-86,4,-125,0.0
2026-06-27T16:51:21.423Z,48.8,-86,3,-132,0.0
2026-06-27T16:51:21.425Z,46.6,-86,2,-163,0.0
2026-06-27T16:51:21.426Z,46.2,-86,3,-174,0.0
2026-06-27T16:51:21.427Z,46.2,-88,2,-182,0.0
2026-06-27T16:51:21.428Z,46.2,-88,2,-190,0.0
2026-06-27T16:51:21.429Z,48.3,-88,2,-198,0.0
2026-06-27T16:51:21.430Z,48.3,-88,2,-206,0.0
2026-06-27T16:51:21.431Z,49.6,-88,2,-215,0.0
2026-06-27T16:51:21.432Z,49.7,-88,3,-223,0.0
2026-06-27T16:51:21.433Z,46.6,-88,2,-230,0.0
2026-06-27T16:51:21.435Z,46.2,-88,2,-238,0.0
2026-06-27T16:51:21.543Z,45.8,-88,5,-145,0.0
2026-06-27T16:51:21.544Z,45.8,-88,2,-153,0.0
2026-06-27T16:51:21.546Z,45.4,-86,3,-159,0.0
2026-06-27T16:51:21.547Z,47.6,-86,2,-192,0.0
2026-06-27T16:51:21.548Z,47.5,-86,2,-200,0.0
2026-06-27T16:51:21.549Z,47.6,-86,2,-208,0.0
2026-06-27T16:51:21.551Z,45.8,-86,2,-215,0.0
2026-06-27T16:51:21.552Z,45.8,-86,2,-223,0.0
2026-06-27T16:51:21.553Z,45.4,-86,2,-231,0.0
2026-06-27T16:51:21.554Z,45.4,-86,2,-239,0.0
2026-06-27T16:51:21.707Z,45.4,-86,2,-98,0.0
2026-06-27T16:51:21.709Z,45.8,-83,2,-105,0.0
2026-06-27T16:51:21.710Z,47.2,-83,2,-136,0.0
2026-06-27T16:51:21.711Z,46.8,-83,2,-169,0.0
2026-06-27T16:51:21.713Z,45.0,-83,3,-176,0.0
2026-06-27T16:51:21.714Z,45.0,-83,3,-184,0.0
2026-06-27T16:51:21.715Z,46.8,-83,2,-192,0.0
2026-06-27T16:51:21.717Z,46.8,-83,2,-199,0.0
2026-06-27T16:51:21.718Z,46.4,-83,3,-207,0.0
2026-06-27T16:51:21.719Z,46.4,-83,3,-215,0.0
2026-06-27T16:51:21.720Z,46.4,-83,3,-223,0.0
2026-06-27T16:51:21.721Z,46.8,-83,3,-231,0.0
2026-06-27T16:51:21.722Z,46.4,-83,3,-239,0.0
2026-06-27T16:51:21.774Z,46.4,-83,5,-201,0.0
2026-06-27T16:51:21.777Z,44.2,-83,2,-205,0.0
2026-06-27T16:51:21.778Z,45.6,-83,2,-235,0.0
2026-06-27T16:51:21.921Z,46.0,-82,2,-105,0.0
2026-06-27T16:51:21.932Z,46.0,-82,5,-103,0.0
2026-06-27T16:51:21.935Z,46.0,-82,2,-108,0.0
2026-06-27T16:51:21.937Z,47.2,-82,3,-138,0.0
2026-06-27T16:51:21.939Z,29.1,-82,2,-168,0.0
2026-06-27T16:51:21.941Z,29.1,-82,2,-174,0.0
2026-06-27T16:51:21.942Z,48.3,-82,2,-181,0.0
2026-06-27T16:51:21.944Z,29.9,-82,2,-187,0.0
2026-06-27T16:51:21.945Z,29.9,-82,2,-194,0.0
2026-06-27T16:51:21.947Z,29.9,-82,2,-201,0.0
2026-06-27T16:51:21.948Z,46.6,-82,2,-208,0.0
2026-06-27T16:51:21.949Z,29.3,-82,2,-215,0.0
2026-06-27T16:51:21.951Z,29.3,-82,2,-221,0.0
2026-06-27T16:51:22.040Z,29.3,-82,5,-143,0.0
2026-06-27T16:51:22.042Z,28.8,-82,2,-149,0.0
2026-06-27T16:51:22.043Z,29.6,-82,2,-179,0.0
2026-06-27T16:51:22.045Z,29.6,-80,2,-185,0.0
2026-06-27T16:51:22.046Z,29.6,-80,2,-193,0.0
2026-06-27T16:51:22.048Z,29.6,-80,2,-199,0.0
2026-06-27T16:51:22.049Z,29.1,-80,2,-206,0.0
2026-06-27T16:51:22.050Z,29.1,-80,2,-213,0.0
2026-06-27T16:51:22.051Z,29.1,-80,2,-220,0.0
2026-06-27T16:51:22.052Z,29.1,-80,2,-227,0.0
2026-06-27T16:51:22.053Z,29.1,-80,2,-234,0.0
2026-06-27T16:51:22.054Z,29.1,-80,2,-241,0.0
2026-06-27T16:51:22.158Z,29.9,-80,2,-148,0.0
2026-06-27T16:51:22.160Z,29.9,-80,4,-156,0.0
2026-06-27T16:51:22.161Z,29.3,-78,2,-186,0.0
2026-06-27T16:51:22.163Z,29.3,-78,2,-216,0.0
2026-06-27T16:51:22.164Z,29.3,-78,3,-223,0.0
2026-06-27T16:51:22.165Z,29.3,-78,2,-230,0.0
2026-06-27T16:51:22.166Z,29.3,-78,2,-237,0.0
2026-06-27T16:51:22.167Z,29.3,-78,2,-245,0.0
2026-06-27T16:51:22.322Z,29.3,-78,3,-102,0.0
2026-06-27T16:51:22.323Z,29.3,-78,2,-109,0.0
2026-06-27T16:51:22.325Z,45.6,-78,2,-139,0.0
2026-06-27T16:51:22.326Z,47.0,-78,2,-172,0.0
2026-06-27T16:51:22.327Z,47.0,-78,3,-180,0.0
2026-06-27T16:51:22.329Z,47.0,-78,3,-187,0.0
2026-06-27T16:51:22.330Z,47.0,-78,2,-195,0.0
2026-06-27T16:51:22.331Z,47.0,-78,2,-203,0.0
2026-06-27T16:51:22.333Z,47.0,-78,2,-211,0.0
2026-06-27T16:51:22.334Z,47.0,-78,2,-218,0.0
2026-06-27T16:51:22.335Z,46.6,-78,2,-226,0.0
2026-06-27T16:51:22.336Z,46.6,-78,2,-234,0.0
2026-06-27T16:51:22.466Z,47.0,-78,2,-116,0.0
2026-06-27T16:51:22.474Z,47.0,-78,5,-120,0.0
2026-06-27T16:51:22.477Z,46.6,-78,2,-125,0.0
2026-06-27T16:51:22.480Z,46.6,-78,3,-154,0.0
2026-06-27T16:51:22.482Z,46.6,-77,3,-163,0.0
2026-06-27T16:51:22.484Z,46.6,-77,2,-169,0.0
2026-06-27T16:51:22.486Z,46.6,-77,2,-176,0.0
2026-06-27T16:51:22.488Z,46.6,-77,2,-184,0.0
2026-06-27T16:51:22.489Z,46.6,-77,2,-191,0.0
2026-06-27T16:51:22.491Z,46.5,-77,2,-198,0.0
2026-06-27T16:51:22.492Z,46.6,-77,2,-206,0.0
2026-06-27T16:51:22.494Z,46.6,-77,2,-213,0.0
2026-06-27T16:51:22.495Z,46.2,-77,2,-221,0.0
2026-06-27T16:51:22.567Z,46.2,-77,5,-161,0.0
2026-06-27T16:51:22.568Z,46.2,-77,2,-169,0.0
2026-06-27T16:51:22.571Z,46.2,-77,2,-199,0.0
2026-06-27T16:51:22.572Z,28.8,-77,2,-229,0.0
2026-06-27T16:51:22.573Z,28.8,-77,2,-236,0.0
2026-06-27T16:51:22.574Z,28.8,-77,2,-243,0.0
2026-06-27T16:51:22.623Z,28.8,-77,2,-208,0.0
2026-06-27T16:51:22.628Z,28.8,-78,3,-209,0.0
2026-06-27T16:51:22.631Z,28.8,-78,2,-238,0.0
2026-06-27T16:51:22.766Z,29.6,-78,2,-133,0.0
2026-06-27T16:51:22.768Z,29.6,-78,3,-139,0.0
2026-06-27T16:51:22.770Z,29.6,-78,2,-168,0.0
2026-06-27T16:51:22.772Z,29.6,-77,2,-176,0.0
2026-06-27T16:51:22.773Z,29.6,-77,3,-182,0.0
2026-06-27T16:51:22.774Z,29.6,-77,3,-189,0.0
2026-06-27T16:51:22.775Z,29.6,-77,2,-196,0.0
2026-06-27T16:51:22.776Z,29.6,-77,2,-203,0.0
2026-06-27T16:51:22.777Z,29.6,-77,2,-210,0.0
2026-06-27T16:51:22.778Z,29.6,-77,2,-217,0.0
2026-06-27T16:51:22.780Z,29.6,-77,2,-223,0.0
2026-06-27T16:51:22.781Z,29.6,-77,2,-230,0.0
2026-06-27T16:51:22.782Z,29.6,-77,2,-237,0.0
2026-06-27T16:51:22.819Z,29.6,-77,5,-211,0.0
2026-06-27T16:51:22.820Z,29.6,-75,2,-218,0.0
2026-06-27T16:51:22.821Z,29.6,-75,2,-248,0.0
2026-06-27T16:51:22.972Z,29.6,-75,3,-129,0.0
2026-06-27T16:51:22.974Z,29.6,-75,2,-134,0.0
2026-06-27T16:51:22.975Z,47.4,-75,2,-167,0.0
2026-06-27T16:51:22.977Z,47.4,-76,3,-174,0.0
2026-06-27T16:51:22.978Z,29.1,-76,2,-181,0.0
2026-06-27T16:51:22.980Z,29.1,-76,2,-187,0.0
2026-06-27T16:51:22.981Z,29.1,-76,2,-194,0.0
2026-06-27T16:51:22.982Z,47.8,-76,2,-202,0.0
2026-06-27T16:51:22.983Z,47.8,-76,2,-210,0.0
2026-06-27T16:51:22.984Z,29.6,-76,2,-217,0.0
2026-06-27T16:51:22.985Z,29.6,-76,2,-224,0.0
2026-06-27T16:51:22.986Z,29.6,-76,2,-231,0.0
2026-06-27T16:51:22.987Z,29.6,-76,2,-238,0.0
2026-06-27T16:51:23.032Z,29.6,-76,8,-213,0.0
2026-06-27T16:51:23.035Z,29.6,-73,2,-213,0.0
2026-06-27T16:51:23.038Z,46.4,-73,2,-241,0.0
2026-06-27T16:51:23.178Z,47.8,-73,2,-112,0.0
2026-06-27T16:51:23.181Z,28.8,-73,3,-116,0.0
2026-06-27T16:51:23.182Z,28.8,-73,2,-146,0.0
2026-06-27T16:51:23.183Z,29.3,-73,3,-177,0.0
2026-06-27T16:51:23.184Z,29.3,-74,2,-184,0.0
2026-06-27T16:51:23.186Z,29.3,-74,2,-190,0.0
2026-06-27T16:51:23.187Z,29.3,-74,2,-197,0.0
2026-06-27T16:51:23.188Z,29.3,-74,2,-204,0.0
2026-06-27T16:51:23.189Z,29.3,-74,2,-211,0.0
2026-06-27T16:51:23.190Z,29.9,-74,2,-218,0.0
2026-06-27T16:51:23.191Z,29.9,-74,2,-225,0.0
2026-06-27T16:51:23.192Z,29.9,-74,2,-232,0.0
2026-06-27T16:51:23.193Z,29.9,-74,2,-239,0.0
2026-06-27T16:51:23.289Z,29.9,-74,9,-158,0.0
2026-06-27T16:51:23.291Z,29.9,-74,2,-163,0.0
2026-06-27T16:51:23.292Z,29.1,-74,2,-193,0.0
2026-06-27T16:51:23.293Z,29.1,-74,2,-224,0.0
2026-06-27T16:51:23.294Z,29.1,-74,2,-232,0.0
2026-06-27T16:51:23.295Z,29.1,-74,2,-239,0.0
2026-06-27T16:51:23.390Z,29.9,-74,2,-155,0.0
2026-06-27T16:51:23.399Z,29.9,-76,6,-156,0.0
2026-06-27T16:51:23.403Z,29.9,-76,2,-159,0.0
2026-06-27T16:51:23.405Z,28.5,-76,2,-187,0.0
2026-06-27T16:51:23.408Z,28.5,-76,2,-216,0.0
2026-06-27T16:51:23.409Z,29.3,-76,2,-222,0.0
2026-06-27T16:51:23.411Z,29.3,-76,2,-229,0.0
2026-06-27T16:51:23.494Z,29.3,-76,5,-156,0.0
2026-06-27T16:51:23.496Z,29.3,-79,3,-162,0.0
2026-06-27T16:51:23.497Z,28.0,-79,2,-192,0.0
2026-06-27T16:51:23.499Z,29.6,-79,2,-222,0.0
2026-06-27T16:51:23.500Z,29.6,-79,3,-230,0.0
2026-06-27T16:51:23.501Z,29.6,-79,3,-237,0.0
2026-06-27T16:51:23.502Z,29.1,-79,3,-243,0.0
2026-06-27T16:51:23.606Z,29.1,-83,6,-154,0.0
2026-06-27T16:51:23.611Z,29.1,-83,2,-156,0.0
2026-06-27T16:51:23.616Z,29.9,-83,3,-181,0.0
2026-06-27T16:51:23.621Z,29.3,-83,2,-210,0.0
2026-06-27T16:51:23.623Z,29.3,-83,2,-214,0.0
2026-06-27T16:51:23.624Z,28.8,-83,2,-220,0.0
2026-06-27T16:51:23.757Z,28.8,-83,4,-101,0.0
2026-06-27T16:51:23.765Z,29.6,-83,5,-104,0.0
2026-06-27T16:51:23.773Z,29.6,-83,2,-103,0.0
2026-06-27T16:51:23.775Z,46.6,-83,2,-131,0.0
2026-06-27T16:51:23.777Z,29.3,-83,3,-161,0.0
2026-06-27T16:51:23.779Z,29.3,-83,2,-167,0.0
2026-06-27T16:51:23.780Z,46.4,-83,2,-174,0.0
2026-06-27T16:51:23.782Z,44.6,-83,2,-181,0.0
2026-06-27T16:51:23.783Z,43.8,-83,2,-189,0.0
2026-06-27T16:51:23.785Z,44.2,-83,2,-197,0.0
2026-06-27T16:51:23.786Z,44.6,-83,3,-204,0.0
2026-06-27T16:51:23.787Z,45.0,-83,3,-212,0.0
2026-06-27T16:51:23.789Z,42.8,-83,2,-218,0.0
2026-06-27T16:51:23.890Z,42.8,-83,5,-130,0.0
2026-06-27T16:51:23.891Z,42.8,-83,3,-136,0.0
2026-06-27T16:51:23.892Z,42.6,-83,2,-167,0.0
2026-06-27T16:51:23.894Z,42.6,-79,2,-174,0.0
2026-06-27T16:51:23.896Z,42.6,-79,3,-181,0.0
2026-06-27T16:51:23.897Z,42.6,-79,2,-189,0.0
2026-06-27T16:51:23.900Z,42.6,-79,2,-196,0.0
2026-06-27T16:51:23.901Z,42.6,-79,2,-203,0.0
2026-06-27T16:51:23.902Z,42.6,-79,3,-210,0.0
2026-06-27T16:51:23.903Z,43.0,-79,2,-218,0.0
2026-06-27T16:51:23.904Z,43.0,-79,2,-226,0.0
2026-06-27T16:51:23.905Z,43.0,-79,2,-234,0.0
2026-06-27T16:51:24.000Z,42.4,-79,2,-151,0.0
2026-06-27T16:51:24.001Z,42.4,-79,4,-159,0.0
2026-06-27T16:51:24.004Z,41.9,-78,2,-189,0.0
2026-06-27T16:51:24.005Z,43.3,-78,2,-220,0.0
2026-06-27T16:51:24.006Z,42.6,-78,2,-228,0.0
2026-06-27T16:51:24.007Z,42.6,-78,2,-236,0.0
2026-06-27T16:51:24.008Z,43.8,-78,2,-243,0.0
2026-06-27T16:51:24.172Z,44.2,-78,5,-91,0.0
2026-06-27T16:51:24.175Z,44.6,-79,2,-97,0.0
2026-06-27T16:51:24.177Z,43.6,-79,2,-127,0.0
2026-06-27T16:51:24.178Z,44.4,-79,2,-160,0.0
2026-06-27T16:51:24.179Z,44.8,-79,3,-168,0.0
2026-06-27T16:51:24.181Z,43.4,-79,3,-175,0.0
2026-06-27T16:51:24.182Z,43.0,-79,2,-182,0.0
2026-06-27T16:51:24.183Z,43.4,-79,2,-190,0.0
2026-06-27T16:51:24.184Z,43.4,-79,2,-198,0.0
2026-06-27T16:51:24.185Z,43.8,-79,2,-206,0.0
2026-06-27T16:51:24.186Z,43.2,-79,2,-214,0.0
2026-06-27T16:51:24.187Z,42.8,-79,3,-221,0.0
2026-06-27T16:51:24.188Z,42.8,-79,2,-229,0.0
2026-06-27T16:51:24.314Z,43.2,-79,5,-115,0.0
2026-06-27T16:51:24.316Z,43.6,-79,2,-121,0.0
2026-06-27T16:51:24.317Z,43.0,-79,2,-152,0.0
2026-06-27T16:51:24.318Z,43.4,-79,2,-161,0.0
2026-06-27T16:51:24.319Z,42.8,-79,3,-169,0.0
2026-06-27T16:51:24.320Z,42.8,-79,2,-177,0.0
2026-06-27T16:51:24.321Z,42.8,-79,2,-185,0.0
2026-06-27T16:51:24.322Z,43.2,-79,2,-193,0.0
2026-06-27T16:51:24.323Z,43.2,-79,2,-201,0.0
2026-06-27T16:51:24.325Z,43.6,-79,3,-207,0.0
2026-06-27T16:51:24.326Z,41.7,-79,2,-215,0.0
2026-06-27T16:51:24.327Z,41.2,-79,2,-223,0.0
2026-06-27T16:51:24.409Z,41.2,-79,2,-153,0.0
2026-06-27T16:51:24.410Z,40.8,-78,2,-161,0.0
2026-06-27T16:51:24.413Z,39.9,-78,2,-190,0.0
2026-06-27T16:51:24.414Z,41.5,-78,2,-221,0.0
2026-06-27T16:51:24.415Z,41.5,-78,2,-229,0.0
2026-06-27T16:51:24.416Z,41.0,-78,2,-237,0.0
2026-06-27T16:51:24.417Z,41.0,-78,2,-244,0.0
2026-06-27T16:51:24.518Z,40.6,-78,5,-155,0.0
2026-06-27T16:51:24.520Z,40.1,-80,3,-161,0.0
2026-06-27T16:51:24.522Z,39.6,-80,2,-191,0.0
2026-06-27T16:51:24.523Z,41.2,-80,2,-223,0.0
2026-06-27T16:51:24.525Z,40.8,-80,2,-230,0.0
2026-06-27T16:51:24.526Z,40.8,-80,3,-237,0.0
2026-06-27T16:51:24.624Z,40.8,-80,2,-151,0.0
2026-06-27T16:51:24.626Z,40.3,-83,4,-158,0.0
2026-06-27T16:51:24.628Z,39.4,-83,2,-189,0.0
2026-06-27T16:51:24.629Z,41.0,-83,2,-219,0.0
2026-06-27T16:51:24.630Z,40.6,-83,2,-227,0.0
2026-06-27T16:51:24.633Z,40.1,-83,2,-235,0.0
2026-06-27T16:51:24.727Z,39.6,-83,3,-153,0.0
2026-06-27T16:51:24.737Z,39.6,-83,2,-151,0.0
2026-06-27T16:51:24.741Z,39.2,-83,3,-155,0.0
2026-06-27T16:51:24.743Z,40.3,-83,2,-184,0.0
2026-06-27T16:51:24.745Z,39.0,-83,2,-213,0.0
2026-06-27T16:51:24.747Z,38.5,-83,3,-220,0.0
2026-06-27T16:51:24.819Z,38.5,-83,2,-157,0.0
2026-06-27T16:51:24.822Z,38.5,-84,5,-165,0.0
2026-06-27T16:51:24.824Z,40.6,-84,2,-172,0.0
2026-06-27T16:51:24.825Z,39.2,-84,2,-202,0.0
2026-06-27T16:51:24.826Z,38.7,-84,2,-233,0.0
2026-06-27T16:51:24.827Z,38.3,-84,2,-241,0.0
2026-06-27T16:51:24.828Z,38.3,-84,3,-248,0.0
2026-06-27T16:51:24.881Z,38.3,-86,5,-211,0.0
2026-06-27T16:51:24.887Z,38.3,-86,2,-214,0.0
2026-06-27T16:51:24.890Z,39.0,-86,2,-239,0.0
2026-06-27T16:51:25.031Z,38.0,-86,2,-129,0.0
2026-06-27T16:51:25.033Z,38.0,-86,2,-136,0.0
2026-06-27T16:51:25.035Z,39.6,-86,2,-166,0.0
2026-06-27T16:51:25.036Z,39.2,-86,2,-174,0.0
2026-06-27T16:51:25.037Z,39.2,-86,3,-181,0.0
2026-06-27T16:51:25.038Z,39.2,-86,2,-189,0.0
2026-06-27T16:51:25.039Z,39.2,-86,2,-196,0.0
2026-06-27T16:51:25.040Z,38.7,-86,2,-203,0.0
2026-06-27T16:51:25.042Z,38.7,-86,2,-211,0.0
2026-06-27T16:51:25.043Z,38.3,-86,3,-218,0.0
2026-06-27T16:51:25.044Z,38.3,-86,2,-226,0.0
2026-06-27T16:51:25.045Z,38.3,-86,3,-235,0.0
2026-06-27T16:51:25.188Z,38.3,-85,4,-104,0.0
2026-06-27T16:51:25.190Z,38.3,-85,2,-111,0.0
2026-06-27T16:51:25.192Z,38.3,-85,3,-140,0.0
2026-06-27T16:51:25.193Z,38.3,-85,2,-172,0.0
2026-06-27T16:51:25.194Z,37.8,-85,2,-180,0.0
2026-06-27T16:51:25.195Z,38.3,-85,3,-187,0.0
2026-06-27T16:51:25.196Z,38.3,-85,2,-195,0.0
2026-06-27T16:51:25.197Z,38.3,-85,3,-202,0.0
2026-06-27T16:51:25.198Z,40.3,-85,2,-210,0.0
2026-06-27T16:51:25.200Z,40.3,-85,2,-218,0.0
2026-06-27T16:51:25.201Z,39.9,-85,2,-224,0.0
2026-06-27T16:51:25.202Z,39.9,-85,2,-232,0.0
2026-06-27T16:51:25.317Z,40.3,-85,2,-126,0.0
2026-06-27T16:51:25.320Z,40.3,-85,5,-135,0.0
2026-06-27T16:51:25.322Z,40.3,-85,3,-140,0.0
2026-06-27T16:51:25.323Z,40.3,-85,2,-171,0.0
2026-06-27T16:51:25.325Z,40.8,-82,3,-177,0.0
2026-06-27T16:51:25.326Z,40.3,-82,2,-186,0.0
2026-06-27T16:51:25.327Z,40.8,-82,2,-194,0.0
2026-06-27T16:51:25.328Z,40.8,-82,2,-201,0.0
2026-06-27T16:51:25.329Z,40.8,-82,2,-209,0.0
2026-06-27T16:51:25.331Z,41.2,-82,2,-217,0.0
2026-06-27T16:51:25.332Z,41.2,-82,3,-223,0.0
2026-06-27T16:51:25.333Z,41.7,-82,2,-231,0.0
2026-06-27T16:51:25.334Z,41.7,-82,2,-239,0.0
2026-06-27T16:51:25.370Z,42.6,-82,4,-214,0.0
2026-06-27T16:51:25.372Z,42.6,-82,3,-222,0.0
2026-06-27T16:51:25.374Z,38.5,-83,2,-252,0.0
2026-06-27T16:51:25.535Z,39.0,-83,2,-122,0.0
2026-06-27T16:51:25.537Z,39.0,-83,3,-129,0.0
2026-06-27T16:51:25.539Z,39.4,-83,2,-160,0.0
2026-06-27T16:51:25.540Z,39.4,-83,3,-168,0.0
2026-06-27T16:51:25.541Z,39.4,-83,2,-175,0.0
2026-06-27T16:51:25.542Z,39.9,-83,2,-183,0.0
2026-06-27T16:51:25.543Z,39.9,-83,2,-190,0.0
2026-06-27T16:51:25.544Z,40.3,-83,2,-198,0.0
2026-06-27T16:51:25.545Z,41.7,-83,2,-205,0.0
2026-06-27T16:51:25.547Z,41.2,-83,2,-213,0.0
2026-06-27T16:51:25.548Z,41.2,-83,3,-220,0.0
2026-06-27T16:51:25.549Z,40.8,-83,2,-228,0.0
2026-06-27T16:51:25.550Z,40.8,-83,2,-236,0.0
2026-06-27T16:51:25.647Z,40.3,-83,8,-154,0.0
2026-06-27T16:51:25.650Z,40.3,-83,2,-158,0.0
2026-06-27T16:51:25.652Z,41.9,-83,2,-188,0.0
2026-06-27T16:51:25.653Z,40.6,-83,2,-220,0.0
2026-06-27T16:51:25.654Z,40.6,-83,2,-228,0.0
2026-06-27T16:51:25.656Z,42.2,-83,2,-234,0.0
2026-06-27T16:51:25.802Z,41.7,-83,5,-100,0.0
2026-06-27T16:51:25.804Z,41.7,-90,3,-107,0.0
2026-06-27T16:51:25.807Z,40.3,-90,2,-136,0.0
2026-06-27T16:51:25.808Z,39.0,-90,2,-168,0.0
2026-06-27T16:51:25.810Z,38.9,-90,3,-175,0.0
2026-06-27T16:51:25.811Z,38.5,-90,2,-182,0.0
2026-06-27T16:51:25.812Z,38.5,-90,2,-190,0.0
2026-06-27T16:51:25.813Z,38.0,-90,3,-197,0.0
2026-06-27T16:51:25.814Z,38.0,-90,2,-205,0.0
2026-06-27T16:51:25.815Z,38.0,-90,3,-212,0.0
2026-06-27T16:51:25.816Z,38.0,-90,2,-220,0.0
2026-06-27T16:51:25.817Z,38.0,-90,3,-227,0.0
2026-06-27T16:51:25.818Z,39.6,-90,2,-235,0.0
2026-06-27T16:51:25.865Z,39.6,-90,4,-199,0.0
2026-06-27T16:51:25.866Z,39.6,-90,2,-207,0.0
2026-06-27T16:51:25.867Z,39.6,-90,2,-238,0.0
2026-06-27T16:51:25.868Z,39.6,-86,3,-245,0.0
2026-06-27T16:51:26.002Z,39.6,-86,7,-128,0.0
2026-06-27T16:51:26.007Z,39.6,-86,2,-130,0.0
2026-06-27T16:51:26.010Z,39.6,-86,2,-158,0.0
2026-06-27T16:51:26.012Z,42.6,-86,2,-191,0.0
2026-06-27T16:51:26.014Z,46.2,-85,3,-198,0.0
2026-06-27T16:51:26.264Z,42.4,-85,2,19,0.0
2026-06-27T16:51:26.267Z,42.4,-85,3,15,0.0
2026-06-27T16:51:26.270Z,44.0,-85,2,-14,0.0
2026-06-27T16:51:26.271Z,42.6,-85,2,-46,0.0
2026-06-27T16:51:26.273Z,42.6,-85,2,-53,0.0
2026-06-27T16:51:26.274Z,42.6,-85,2,-61,0.0
2026-06-27T16:51:26.275Z,42.6,-85,2,-69,0.0
2026-06-27T16:51:26.276Z,40.8,-85,3,-76,0.0
2026-06-27T16:51:26.277Z,40.8,-85,2,-84,0.0
2026-06-27T16:51:26.278Z,40.8,-85,2,-92,0.0
2026-06-27T16:51:26.279Z,40.8,-85,2,-100,0.0
2026-06-27T16:51:26.281Z,40.8,-85,2,-107,0.0
2026-06-27T16:51:26.282Z,40.8,-85,2,-114,0.0
2026-06-27T16:51:26.378Z,40.8,-85,5,-30,0.0
2026-06-27T16:51:26.379Z,42.6,-85,2,-37,0.0
2026-06-27T16:51:26.381Z,43.0,-85,2,-44,0.0
2026-06-27T16:51:26.383Z,46.0,-85,2,-52,0.0
2026-06-27T16:51:26.384Z,41.0,-85,2,-82,0.0
2026-06-27T16:51:26.388Z,40.1,-85,2,-112,0.0
2026-06-27T16:51:26.391Z,40.1,-85,2,-116,0.0
2026-06-27T16:51:26.392Z,42.2,-85,4,-124,0.0
2026-06-27T16:51:26.393Z,39.9,-86,3,-154,0.0
2026-06-27T16:51:26.394Z,39.0,-86,2,-186,0.0
2026-06-27T16:51:26.395Z,39.0,-86,2,-194,0.0
2026-06-27T16:51:26.396Z,38.5,-86,2,-201,0.0
2026-06-27T16:51:26.468Z,38.5,-86,2,-144,0.0
2026-06-27T16:51:26.476Z,41.7,-86,14,-158,0.0
2026-06-27T16:51:26.482Z,41.3,-86,2,-158,0.0
2026-06-27T16:51:26.484Z,38.0,-86,3,-164,0.0
2026-06-27T16:51:26.486Z,37.1,-86,2,-193,0.0
2026-06-27T16:51:26.488Z,29.1,-86,2,-224,0.0
2026-06-27T16:51:26.618Z,36.2,-86,6,-109,0.0
2026-06-27T16:51:26.620Z,29.9,-83,2,-113,0.0
2026-06-27T16:51:26.622Z,29.3,-83,2,-142,0.0
2026-06-27T16:51:26.623Z,28.8,-83,2,-173,0.0
2026-06-27T16:51:26.625Z,36.0,-83,2,-180,0.0
2026-06-27T16:51:26.626Z,29.6,-83,3,-187,0.0
2026-06-27T16:51:26.627Z,29.6,-83,2,-194,0.0
2026-06-27T16:51:26.628Z,29.6,-83,2,-201,0.0
2026-06-27T16:51:26.629Z,29.6,-83,2,-208,0.0
2026-06-27T16:51:26.630Z,29.6,-83,2,-215,0.0
2026-06-27T16:51:26.631Z,29.6,-83,2,-222,0.0
2026-06-27T16:51:26.632Z,29.1,-83,2,-229,0.0
2026-06-27T16:51:26.740Z,29.1,-83,2,-129,0.0
2026-06-27T16:51:26.742Z,29.1,-83,4,-139,0.0
2026-06-27T16:51:26.744Z,29.1,-83,2,-145,0.0
2026-06-27T16:51:26.746Z,29.9,-83,2,-174,0.0
2026-06-27T16:51:26.747Z,29.9,-83,2,-181,0.0
2026-06-27T16:51:26.748Z,29.9,-83,3,-189,0.0
2026-06-27T16:51:26.749Z,28.5,-83,2,-196,0.0
2026-06-27T16:51:26.750Z,29.3,-83,2,-203,0.0
2026-06-27T16:51:26.751Z,29.3,-83,2,-210,0.0
2026-06-27T16:51:26.752Z,29.3,-83,2,-216,0.0
2026-06-27T16:51:26.753Z,29.3,-83,2,-223,0.0
2026-06-27T16:51:26.755Z,28.8,-83,2,-230,0.0
2026-06-27T16:51:26.756Z,28.8,-83,2,-237,0.0
2026-06-27T16:51:26.793Z,28.0,-83,5,-211,0.0
2026-06-27T16:51:26.794Z,28.8,-83,3,-219,0.0
2026-06-27T16:51:26.795Z,29.6,-83,2,-249,0.0
2026-06-27T16:51:26.874Z,29.6,-80,2,-179,0.0
2026-06-27T16:51:26.876Z,29.6,-80,5,-187,0.0
2026-06-27T16:51:26.877Z,29.9,-80,2,-217,0.0
2026-06-27T16:51:26.878Z,27.7,-80,2,-247,0.0
2026-06-27T16:51:27.019Z,29.3,-80,5,-118,0.0
2026-06-27T16:51:27.020Z,29.3,-80,3,-123,0.0
2026-06-27T16:51:27.022Z,27.1,-80,2,-153,0.0
2026-06-27T16:51:27.023Z,29.6,-80,2,-184,0.0
2026-06-27T16:51:27.024Z,29.1,-80,2,-192,0.0
2026-06-27T16:51:27.025Z,29.1,-80,2,-199,0.0
2026-06-27T16:51:27.026Z,29.6,-80,2,-206,0.0
2026-06-27T16:51:27.027Z,29.5,-80,2,-213,0.0
2026-06-27T16:51:27.030Z,29.6,-80,2,-218,0.0
2026-06-27T16:51:27.031Z,29.6,-80,2,-225,0.0
2026-06-27T16:51:27.032Z,29.6,-80,3,-232,0.0
2026-06-27T16:51:27.033Z,29.6,-80,3,-239,0.0
2026-06-27T16:51:27.073Z,29.6,-80,3,-209,0.0
2026-06-27T16:51:27.074Z,29.6,-80,2,-216,0.0
2026-06-27T16:51:27.075Z,29.6,-80,2,-246,0.0
2026-06-27T16:51:27.194Z,29.6,-80,2,-159,0.0
2026-06-27T16:51:27.196Z,29.6,-79,3,-165,0.0
2026-06-27T16:51:27.197Z,29.6,-79,2,-195,0.0
2026-06-27T16:51:27.199Z,29.6,-79,3,-201,0.0
2026-06-27T16:51:27.201Z,29.6,-79,2,-209,0.0
2026-06-27T16:51:27.202Z,29.6,-79,2,-215,0.0
2026-06-27T16:51:27.203Z,29.6,-79,2,-222,0.0
2026-06-27T16:51:27.204Z,29.6,-79,2,-228,0.0
2026-06-27T16:51:27.294Z,29.6,-87,6,-153,0.0
2026-06-27T16:51:27.302Z,29.6,-87,2,-153,0.0
2026-06-27T16:51:27.307Z,29.6,-87,2,-177,0.0
2026-06-27T16:51:27.310Z,29.6,-87,3,-206,0.0
2026-06-27T16:51:27.312Z,29.6,-87,2,-212,0.0
2026-06-27T16:51:27.313Z,29.6,-87,2,-218,0.0
2026-06-27T16:51:27.441Z,29.6,-87,4,-100,0.0
2026-06-27T16:51:27.444Z,29.6,-90,5,-109,0.0
2026-06-27T16:51:27.446Z,29.6,-90,2,-114,0.0
2026-06-27T16:51:27.447Z,29.6,-90,2,-144,0.0
2026-06-27T16:51:27.448Z,29.6,-90,2,-175,0.0
2026-06-27T16:51:27.450Z,29.6,-90,3,-182,0.0
2026-06-27T16:51:27.451Z,29.6,-90,2,-188,0.0
2026-06-27T16:51:27.452Z,29.6,-90,2,-195,0.0
2026-06-27T16:51:27.453Z,29.6,-90,2,-202,0.0
2026-06-27T16:51:27.454Z,29.6,-90,2,-209,0.0
2026-06-27T16:51:27.455Z,29.6,-90,2,-216,0.0
2026-06-27T16:51:27.456Z,29.6,-90,2,-223,0.0
2026-06-27T16:51:27.457Z,29.6,-90,2,-230,0.0
2026-06-27T16:51:27.556Z,29.6,-90,5,-142,0.0
2026-06-27T16:51:27.557Z,29.6,-90,2,-149,0.0
2026-06-27T16:51:27.560Z,29.6,-90,2,-177,0.0
2026-06-27T16:51:27.561Z,29.6,-83,2,-184,0.0
2026-06-27T16:51:27.563Z,29.6,-83,3,-193,0.0
2026-06-27T16:51:27.564Z,29.6,-83,2,-199,0.0
2026-06-27T16:51:27.565Z,29.6,-83,2,-206,0.0
2026-06-27T16:51:27.567Z,29.6,-83,2,-212,0.0
2026-06-27T16:51:27.569Z,29.6,-83,2,-219,0.0
2026-06-27T16:51:27.570Z,29.6,-83,2,-225,0.0
2026-06-27T16:51:27.571Z,29.6,-83,2,-232,0.0
2026-06-27T16:51:27.572Z,29.6,-83,2,-239,0.0
2026-06-27T16:51:27.705Z,29.6,-83,2,-121,0.0
2026-06-27T16:51:27.711Z,29.6,-83,2,-121,0.0
2026-06-27T16:51:27.716Z,29.6,-83,2,-146,0.0
2026-06-27T16:51:27.719Z,29.6,-81,2,-151,0.0
2026-06-27T16:51:27.720Z,29.6,-81,4,-159,0.0
2026-06-27T16:51:27.722Z,29.6,-81,3,-165,0.0
2026-06-27T16:51:27.724Z,29.6,-81,3,-172,0.0
2026-06-27T16:51:27.725Z,29.6,-81,3,-178,0.0
2026-06-27T16:51:27.727Z,29.6,-81,3,-185,0.0
2026-06-27T16:51:27.728Z,29.6,-81,3,-191,0.0
2026-06-27T16:51:27.730Z,29.6,-81,2,-198,0.0
2026-06-27T16:51:27.731Z,29.6,-81,2,-204,0.0
2026-06-27T16:51:27.732Z,29.6,-81,2,-211,0.0
2026-06-27T16:51:27.842Z,28.8,-78,7,-116,0.0
2026-06-27T16:51:27.851Z,29.6,-78,2,-114,0.0
2026-06-27T16:51:27.854Z,29.6,-78,3,-142,0.0
2026-06-27T16:51:27.857Z,29.6,-78,2,-170,0.0
2026-06-27T16:51:27.859Z,29.6,-78,2,-176,0.0
2026-06-27T16:51:27.861Z,29.6,-78,2,-182,0.0
2026-06-27T16:51:27.862Z,29.6,-78,2,-188,0.0
2026-06-27T16:51:27.864Z,29.6,-78,2,-194,0.0
2026-06-27T16:51:27.866Z,29.6,-78,2,-201,0.0
2026-06-27T16:51:27.867Z,29.6,-78,2,-208,0.0
2026-06-27T16:51:27.868Z,29.6,-78,2,-215,0.0
2026-06-27T16:51:27.870Z,29.6,-78,2,-221,0.0
2026-06-27T16:51:27.998Z,29.6,-78,3,-107,0.0
2026-06-27T16:51:28.007Z,29.6,-78,2,-104,0.0
2026-06-27T16:51:28.009Z,29.6,-78,2,-132,0.0
2026-06-27T16:51:28.012Z,29.6,-78,2,-162,0.0
2026-06-27T16:51:28.015Z,29.6,-84,3,-168,0.0
2026-06-27T16:51:28.017Z,29.6,-84,2,-173,0.0
2026-06-27T16:51:28.018Z,29.6,-84,2,-179,0.0
2026-06-27T16:51:28.019Z,29.6,-84,2,-186,0.0
2026-06-27T16:51:28.020Z,29.6,-84,2,-193,0.0
2026-06-27T16:51:28.021Z,29.6,-84,2,-200,0.0
2026-06-27T16:51:28.022Z,29.6,-84,2,-207,0.0
2026-06-27T16:51:28.023Z,29.6,-84,2,-214,0.0
2026-06-27T16:51:28.024Z,29.6,-84,2,-221,0.0
2026-06-27T16:51:28.106Z,29.6,-84,12,-157,0.0
2026-06-27T16:51:28.107Z,29.6,-87,2,-164,0.0
2026-06-27T16:51:28.110Z,29.6,-87,3,-192,0.0
2026-06-27T16:51:28.111Z,29.6,-87,2,-223,0.0
2026-06-27T16:51:28.112Z,29.6,-87,2,-229,0.0
2026-06-27T16:51:28.113Z,36.9,-87,2,-238,0.0
2026-06-27T16:51:28.257Z,29.6,-85,3,-107,0.0
2026-06-27T16:51:28.259Z,29.6,-85,2,-113,0.0
2026-06-27T16:51:28.260Z,29.6,-85,2,-143,0.0
2026-06-27T16:51:28.261Z,28.8,-85,2,-174,0.0
2026-06-27T16:51:28.263Z,29.6,-85,2,-180,0.0
2026-06-27T16:51:28.264Z,29.6,-85,2,-187,0.0
2026-06-27T16:51:28.265Z,29.6,-85,2,-194,0.0
2026-06-27T16:51:28.266Z,28.8,-85,2,-201,0.0
2026-06-27T16:51:28.267Z,28.8,-85,2,-207,0.0
2026-06-27T16:51:28.269Z,29.6,-85,2,-214,0.0
2026-06-27T16:51:28.270Z,29.6,-85,2,-221,0.0
2026-06-27T16:51:28.271Z,36.9,-85,2,-229,0.0
2026-06-27T16:51:28.382Z,29.6,-85,3,-130,0.0
2026-06-27T16:51:28.385Z,29.6,-85,5,-133,0.0
2026-06-27T16:51:28.386Z,29.6,-85,2,-140,0.0
2026-06-27T16:51:28.387Z,36.9,-85,2,-147,0.0
2026-06-27T16:51:28.388Z,28.8,-85,2,-177,0.0
2026-06-27T16:51:28.390Z,29.6,-90,2,-184,0.0
2026-06-27T16:51:28.393Z,29.6,-90,2,-191,0.0
2026-06-27T16:51:28.394Z,29.6,-90,3,-197,0.0
2026-06-27T16:51:28.395Z,29.6,-90,2,-203,0.0
2026-06-27T16:51:28.396Z,28.8,-90,2,-211,0.0
2026-06-27T16:51:28.397Z,29.6,-90,2,-218,0.0
2026-06-27T16:51:28.398Z,29.6,-90,2,-225,0.0
2026-06-27T16:51:28.399Z,36.9,-90,2,-232,0.0
2026-06-27T16:51:28.508Z,36.9,-90,5,-136,0.0
2026-06-27T16:51:28.509Z,36.9,-90,3,-142,0.0
2026-06-27T16:51:28.510Z,29.6,-90,3,-172,0.0
2026-06-27T16:51:28.511Z,28.8,-86,2,-179,0.0
2026-06-27T16:51:28.513Z,29.6,-86,3,-186,0.0
2026-06-27T16:51:28.514Z,29.6,-86,2,-193,0.0
2026-06-27T16:51:28.515Z,28.8,-86,2,-200,0.0
2026-06-27T16:51:28.517Z,28.8,-86,2,-206,0.0
2026-06-27T16:51:28.519Z,36.9,-86,2,-213,0.0
2026-06-27T16:51:28.520Z,28.8,-86,2,-220,0.0
2026-06-27T16:51:28.521Z,29.6,-86,2,-227,0.0
2026-06-27T16:51:28.522Z,28.8,-86,2,-234,0.0
2026-06-27T16:51:28.681Z,36.9,-86,3,-83,0.0
2026-06-27T16:51:28.684Z,28.8,-87,7,-93,0.0
2026-06-27T16:51:28.685Z,36.9,-87,2,-100,0.0
2026-06-27T16:51:28.686Z,28.8,-87,2,-130,0.0
2026-06-27T16:51:28.687Z,28.8,-87,2,-162,0.0
2026-06-27T16:51:28.688Z,28.8,-87,3,-169,0.0
2026-06-27T16:51:28.689Z,28.8,-87,3,-176,0.0
2026-06-27T16:51:28.690Z,28.8,-87,2,-183,0.0
2026-06-27T16:51:28.691Z,28.8,-87,2,-190,0.0
2026-06-27T16:51:28.692Z,28.8,-87,2,-197,0.0
2026-06-27T16:51:28.693Z,28.8,-87,2,-204,0.0
2026-06-27T16:51:28.694Z,29.6,-87,2,-211,0.0
2026-06-27T16:51:28.695Z,29.6,-87,2,-219,0.0
2026-06-27T16:51:28.698Z,29.6,-87,5,-232,0.0
2026-06-27T16:51:28.699Z,36.9,-87,2,-239,0.0
2026-06-27T16:51:28.838Z,36.9,-87,2,-133,0.0
2026-06-27T16:51:28.840Z,36.9,-85,3,-140,0.0
2026-06-27T16:51:28.842Z,29.6,-85,2,-169,0.0
2026-06-27T16:51:28.843Z,28.8,-85,2,-177,0.0
2026-06-27T16:51:28.844Z,36.9,-85,3,-184,0.0
2026-06-27T16:51:28.845Z,36.9,-85,2,-192,0.0
2026-06-27T16:51:28.846Z,29.6,-85,3,-199,0.0
2026-06-27T16:51:28.847Z,29.6,-85,3,-206,0.0
2026-06-27T16:51:28.848Z,29.6,-85,3,-213,0.0
2026-06-27T16:51:28.850Z,29.6,-85,3,-219,0.0
2026-06-27T16:51:28.851Z,36.9,-85,2,-226,0.0
2026-06-27T16:51:28.852Z,28.8,-85,2,-233,0.0
2026-06-27T16:51:28.853Z,28.8,-85,2,-240,0.0
2026-06-27T16:51:28.896Z,28.8,-85,5,-208,0.0
2026-06-27T16:51:28.899Z,28.8,-85,2,-215,0.0
2026-06-27T16:51:28.900Z,36.9,-85,2,-243,0.0
2026-06-27T16:51:29.045Z,36.9,-85,2,-132,0.0
2026-06-27T16:51:29.048Z,28.8,-89,3,-136,0.0
2026-06-27T16:51:29.050Z,36.9,-89,3,-165,0.0
2026-06-27T16:51:29.051Z,28.8,-89,2,-173,0.0
2026-06-27T16:51:29.053Z,28.8,-89,2,-180,0.0
2026-06-27T16:51:29.054Z,28.8,-89,2,-186,0.0
2026-06-27T16:51:29.055Z,36.9,-89,2,-193,0.0
2026-06-27T16:51:29.057Z,28.8,-89,2,-199,0.0
2026-06-27T16:51:29.058Z,28.8,-89,2,-206,0.0
2026-06-27T16:51:29.059Z,36.9,-89,2,-214,0.0
2026-06-27T16:51:29.060Z,36.9,-89,2,-221,0.0
2026-06-27T16:51:29.061Z,28.8,-89,2,-228,0.0
2026-06-27T16:51:29.062Z,28.8,-89,2,-235,0.0
2026-06-27T16:51:29.097Z,36.9,-89,5,-212,0.0
2026-06-27T16:51:29.100Z,36.9,-89,2,-217,0.0
2026-06-27T16:51:29.101Z,29.6,-89,2,-247,0.0
2026-06-27T16:51:29.234Z,28.8,-89,2,-147,0.0
2026-06-27T16:51:29.237Z,36.9,-88,2,-151,0.0
2026-06-27T16:51:29.239Z,36.9,-88,2,-182,0.0
2026-06-27T16:51:29.241Z,36.9,-88,2,-189,0.0
2026-06-27T16:51:29.243Z,28.8,-88,2,-195,0.0
2026-06-27T16:51:29.244Z,29.6,-88,2,-201,0.0
2026-06-27T16:51:29.246Z,28.8,-88,2,-208,0.0
2026-06-27T16:51:29.247Z,36.9,-88,2,-215,0.0
2026-06-27T16:51:29.249Z,36.9,-88,3,-221,0.0
2026-06-27T16:51:29.251Z,29.6,-88,2,-228,0.0
2026-06-27T16:51:29.334Z,36.9,-88,2,-155,0.0
2026-06-27T16:51:29.337Z,36.9,-90,6,-162,0.0
2026-06-27T16:51:29.342Z,36.9,-90,2,-165,0.0
2026-06-27T16:51:29.344Z,36.9,-90,2,-195,0.0
2026-06-27T16:51:29.346Z,28.8,-90,2,-225,0.0
2026-06-27T16:51:29.348Z,36.9,-90,3,-231,0.0
2026-06-27T16:51:29.478Z,28.8,-90,2,-132,0.0
2026-06-27T16:51:29.482Z,36.9,-90,2,-137,0.0
2026-06-27T16:51:29.484Z,36.9,-90,2,-166,0.0
2026-06-27T16:51:29.486Z,36.9,-90,2,-173,0.0
2026-06-27T16:51:29.488Z,28.8,-90,2,-180,0.0
2026-06-27T16:51:29.490Z,29.6,-90,2,-186,0.0
2026-06-27T16:51:29.492Z,28.8,-90,2,-192,0.0
2026-06-27T16:51:29.493Z,36.9,-90,2,-198,0.0
2026-06-27T16:51:29.494Z,28.8,-90,2,-205,0.0
2026-06-27T16:51:29.496Z,28.8,-90,2,-211,0.0
2026-06-27T16:51:29.497Z,28.8,-90,2,-218,0.0
2026-06-27T16:51:29.499Z,28.8,-90,2,-225,0.0
2026-06-27T16:51:29.500Z,28.8,-90,2,-231,0.0
2026-06-27T16:51:29.606Z,28.8,-90,4,-135,0.0
2026-06-27T16:51:29.608Z,28.8,-90,3,-142,0.0
2026-06-27T16:51:29.609Z,28.8,-90,2,-172,0.0
2026-06-27T16:51:29.611Z,36.9,-90,2,-179,0.0
2026-06-27T16:51:29.612Z,29.6,-90,3,-187,0.0
2026-06-27T16:51:29.614Z,28.8,-90,2,-194,0.0
2026-06-27T16:51:29.615Z,28.8,-90,2,-200,0.0
2026-06-27T16:51:29.617Z,28.8,-90,2,-207,0.0
2026-06-27T16:51:29.618Z,28.8,-90,2,-213,0.0
2026-06-27T16:51:29.619Z,28.8,-90,2,-220,0.0
2026-06-27T16:51:29.620Z,28.8,-90,2,-227,0.0
2026-06-27T16:51:29.622Z,28.8,-90,2,-233,0.0
2026-06-27T16:51:29.664Z,36.9,-90,2,-203,0.0
2026-06-27T16:51:29.665Z,36.9,-90,5,-213,0.0
2026-06-27T16:51:29.667Z,36.4,-90,2,-242,0.0
2026-06-27T16:51:29.747Z,36.4,-91,2,-172,0.0
2026-06-27T16:51:29.750Z,36.4,-91,3,-178,0.0
2026-06-27T16:51:29.755Z,29.6,-91,2,-182,0.0
2026-06-27T16:51:29.757Z,28.8,-91,2,-210,0.0
2026-06-27T16:51:29.795Z,36.4,-91,2,-203,0.0
2026-06-27T16:51:29.799Z,28.8,-91,3,-209,0.0
2026-06-27T16:51:29.800Z,28.8,-91,2,-215,0.0
2026-06-27T16:51:29.801Z,28.8,-91,3,-245,0.0
2026-06-27T16:51:29.945Z,29.6,-91,3,-132,0.0
2026-06-27T16:51:29.947Z,28.8,-91,2,-138,0.0
2026-06-27T16:51:29.950Z,28.8,-91,2,-167,0.0
2026-06-27T16:51:29.951Z,29.6,-90,2,-174,0.0
2026-06-27T16:51:29.952Z,28.8,-90,2,-181,0.0
2026-06-27T16:51:29.953Z,28.8,-90,2,-188,0.0
2026-06-27T16:51:29.954Z,28.8,-90,2,-195,0.0
2026-06-27T16:51:29.955Z,28.8,-90,2,-202,0.0
2026-06-27T16:51:29.956Z,28.8,-90,2,-208,0.0
2026-06-27T16:51:29.957Z,28.8,-90,2,-215,0.0
2026-06-27T16:51:29.959Z,28.8,-90,2,-222,0.0
2026-06-27T16:51:29.960Z,28.8,-90,2,-229,0.0
2026-06-27T16:51:29.961Z,28.8,-90,2,-236,0.0
2026-06-27T16:51:30.102Z,28.8,-89,6,-107,0.0
2026-06-27T16:51:30.104Z,28.8,-89,2,-113,0.0
2026-06-27T16:51:30.105Z,29.6,-89,2,-142,0.0
2026-06-27T16:51:30.106Z,28.8,-89,2,-173,0.0
2026-06-27T16:51:30.107Z,28.9,-89,3,-180,0.0
2026-06-27T16:51:30.108Z,28.8,-89,2,-187,0.0
2026-06-27T16:51:30.109Z,28.8,-89,2,-194,0.0
2026-06-27T16:51:30.110Z,36.9,-89,2,-201,0.0
2026-06-27T16:51:30.111Z,29.6,-89,2,-207,0.0
2026-06-27T16:51:30.113Z,29.6,-89,2,-214,0.0
2026-06-27T16:51:30.114Z,36.9,-89,2,-222,0.0
2026-06-27T16:51:30.115Z,29.6,-89,2,-229,0.0
2026-06-27T16:51:30.244Z,36.4,-89,2,-111,0.0
2026-06-27T16:51:30.247Z,28.8,-89,2,-117,0.0
2026-06-27T16:51:30.248Z,36.9,-89,3,-146,0.0
2026-06-27T16:51:30.251Z,28.8,-89,2,-176,0.0
2026-06-27T16:51:30.252Z,29.6,-90,3,-183,0.0
2026-06-27T16:51:30.253Z,36.4,-90,3,-190,0.0
2026-06-27T16:51:30.255Z,29.6,-90,2,-197,0.0
2026-06-27T16:51:30.257Z,28.8,-90,2,-203,0.0
2026-06-27T16:51:30.258Z,28.8,-90,2,-209,0.0
2026-06-27T16:51:30.259Z,28.8,-90,2,-216,0.0
2026-06-27T16:51:30.260Z,28.8,-90,2,-223,0.0
2026-06-27T16:51:30.261Z,29.6,-90,2,-230,0.0
2026-06-27T16:51:30.297Z,28.8,-90,2,-202,0.0
2026-06-27T16:51:30.300Z,28.8,-90,7,-214,0.0
2026-06-27T16:51:30.301Z,36.4,-90,2,-220,0.0
2026-06-27T16:51:30.302Z,36.4,-90,2,-250,0.0
2026-06-27T16:51:30.458Z,28.8,-90,2,-126,0.0
2026-06-27T16:51:30.461Z,36.4,-90,2,-131,0.0
2026-06-27T16:51:30.462Z,29.6,-90,2,-162,0.0
2026-06-27T16:51:30.464Z,36.4,-90,3,-169,0.0
2026-06-27T16:51:30.465Z,36.4,-90,2,-176,0.0
2026-06-27T16:51:30.466Z,28.8,-90,2,-183,0.0
2026-06-27T16:51:30.467Z,28.8,-90,2,-190,0.0
2026-06-27T16:51:30.468Z,36.4,-90,2,-197,0.0
2026-06-27T16:51:30.469Z,36.4,-90,2,-205,0.0
2026-06-27T16:51:30.470Z,28.8,-90,2,-212,0.0
2026-06-27T16:51:30.471Z,28.8,-90,3,-219,0.0
2026-06-27T16:51:30.472Z,28.8,-90,3,-226,0.0
2026-06-27T16:51:30.473Z,28.8,-90,3,-233,0.0
2026-06-27T16:51:30.560Z,36.4,-90,5,-157,0.0
2026-06-27T16:51:30.561Z,28.8,-90,2,-164,0.0
2026-06-27T16:51:30.562Z,28.8,-90,2,-194,0.0
2026-06-27T16:51:30.565Z,28.8,-90,2,-223,0.0
2026-06-27T16:51:30.566Z,28.8,-90,2,-230,0.0
2026-06-27T16:51:30.568Z,28.8,-90,2,-236,0.0
2026-06-27T16:51:30.569Z,28.8,-90,2,-243,0.0
2026-06-27T16:51:30.712Z,28.8,-88,6,-111,0.0
2026-06-27T16:51:30.715Z,28.8,-88,2,-116,0.0
2026-06-27T16:51:30.717Z,36.4,-88,2,-146,0.0
2026-06-27T16:51:30.718Z,36.4,-88,2,-177,0.0
2026-06-27T16:51:30.719Z,29.6,-88,3,-184,0.0
2026-06-27T16:51:30.720Z,36.4,-88,2,-191,0.0
2026-06-27T16:51:30.721Z,36.4,-88,2,-199,0.0
2026-06-27T16:51:30.723Z,29.6,-88,3,-205,0.0
2026-06-27T16:51:30.724Z,36.4,-88,2,-212,0.0
2026-06-27T16:51:30.725Z,36.4,-88,2,-220,0.0
2026-06-27T16:51:30.726Z,36.4,-88,3,-227,0.0
2026-06-27T16:51:30.727Z,36.4,-88,2,-235,0.0
2026-06-27T16:51:30.871Z,36.9,-88,2,-105,0.0
2026-06-27T16:51:30.880Z,36.4,-88,3,-103,0.0
2026-06-27T16:51:30.882Z,36.4,-88,2,-132,0.0
2026-06-27T16:51:30.884Z,36.4,-88,3,-138,0.0
2026-06-27T16:51:30.886Z,36.4,-88,2,-168,0.0
2026-06-27T16:51:30.888Z,28.8,-88,2,-175,0.0
2026-06-27T16:51:30.889Z,29.6,-88,2,-181,0.0
2026-06-27T16:51:30.890Z,28.8,-88,2,-188,0.0
2026-06-27T16:51:30.891Z,28.8,-88,2,-195,0.0
2026-06-27T16:51:30.892Z,36.4,-88,2,-203,0.0
2026-06-27T16:51:30.893Z,28.8,-88,2,-210,0.0
2026-06-27T16:51:30.894Z,28.8,-88,2,-217,0.0
2026-06-27T16:51:30.963Z,36.4,-88,2,-156,0.0
2026-06-27T16:51:30.966Z,28.8,-89,6,-166,0.0
2026-06-27T16:51:30.968Z,36.4,-89,3,-172,0.0
2026-06-27T16:51:30.969Z,28.8,-89,2,-201,0.0
2026-06-27T16:51:30.970Z,29.6,-89,2,-232,0.0
2026-06-27T16:51:30.971Z,29.6,-89,2,-239,0.0
2026-06-27T16:51:30.972Z,28.8,-89,2,-248,0.0
2026-06-27T16:51:31.121Z,29.6,-91,4,-111,0.0
2026-06-27T16:51:31.124Z,29.6,-91,2,-117,0.0
2026-06-27T16:51:31.125Z,29.6,-91,2,-146,0.0
2026-06-27T16:51:31.128Z,36.4,-91,2,-176,0.0
2026-06-27T16:51:31.129Z,29.6,-91,2,-182,0.0
2026-06-27T16:51:31.130Z,36.4,-91,2,-190,0.0
2026-06-27T16:51:31.131Z,36.4,-91,2,-197,0.0
2026-06-27T16:51:31.133Z,28.8,-91,2,-204,0.0
2026-06-27T16:51:31.134Z,29.6,-91,2,-210,0.0
2026-06-27T16:51:31.135Z,29.6,-91,2,-217,0.0
2026-06-27T16:51:31.136Z,29.6,-91,2,-224,0.0
2026-06-27T16:51:31.137Z,28.8,-91,2,-231,0.0
2026-06-27T16:51:31.246Z,36.4,-91,2,-131,0.0
2026-06-27T16:51:31.248Z,29.6,-91,5,-139,0.0
2026-06-27T16:51:31.249Z,29.6,-91,3,-146,0.0
2026-06-27T16:51:31.252Z,29.6,-91,2,-175,0.0
2026-06-27T16:51:31.253Z,29.6,-90,3,-181,0.0
2026-06-27T16:51:31.254Z,29.6,-90,4,-190,0.0
2026-06-27T16:51:31.255Z,29.6,-90,3,-197,0.0
2026-06-27T16:51:31.257Z,29.6,-90,2,-204,0.0
2026-06-27T16:51:31.258Z,29.6,-90,2,-210,0.0
2026-06-27T16:51:31.259Z,29.6,-90,2,-217,0.0
2026-06-27T16:51:31.260Z,29.6,-90,2,-224,0.0
2026-06-27T16:51:31.261Z,29.6,-90,2,-231,0.0
2026-06-27T16:51:31.262Z,36.4,-90,2,-239,0.0
2026-06-27T16:51:31.400Z,29.6,-90,4,-113,0.0
2026-06-27T16:51:31.402Z,36.4,-90,3,-119,0.0
2026-06-27T16:51:31.404Z,29.6,-90,2,-148,0.0
2026-06-27T16:51:31.407Z,36.4,-89,2,-153,0.0
2026-06-27T16:51:31.410Z,29.6,-89,4,-160,0.0
2026-06-27T16:51:31.411Z,29.6,-89,3,-167,0.0
2026-06-27T16:51:31.413Z,29.6,-89,3,-173,0.0
2026-06-27T16:51:31.414Z,36.4,-89,3,-180,0.0
2026-06-27T16:51:31.415Z,36.4,-89,2,-188,0.0
2026-06-27T16:51:31.416Z,29.6,-89,3,-195,0.0
2026-06-27T16:51:31.417Z,29.6,-89,3,-202,0.0
2026-06-27T16:51:31.418Z,36.4,-89,3,-208,0.0
2026-06-27T16:51:31.543Z,36.9,-89,4,-95,0.0
2026-06-27T16:51:31.545Z,29.6,-89,3,-101,0.0
2026-06-27T16:51:31.546Z,36.9,-89,2,-109,0.0
2026-06-27T16:51:31.549Z,29.6,-89,2,-113,0.0
2026-06-27T16:51:31.550Z,36.4,-89,2,-120,0.0
2026-06-27T16:51:31.551Z,36.4,-89,2,-151,0.0
2026-06-27T16:51:31.553Z,36.9,-89,2,-181,0.0
2026-06-27T16:51:31.554Z,36.9,-89,2,-189,0.0
2026-06-27T16:51:31.555Z,36.9,-89,2,-196,0.0
2026-06-27T16:51:31.556Z,36.9,-89,2,-204,0.0
2026-06-27T16:51:31.557Z,36.9,-89,2,-211,0.0
2026-06-27T16:51:31.558Z,36.9,-89,2,-219,0.0
2026-06-27T16:51:31.559Z,36.9,-89,2,-226,0.0
2026-06-27T16:51:33.637Z,36.9,-89,5,1840,0.0
2026-06-27T16:51:33.639Z,36.9,-89,5,1831,0.0
2026-06-27T16:51:33.642Z,36.9,-89,2,1826,0.0
2026-06-27T16:51:33.643Z,36.9,-89,2,1796,0.0
2026-06-27T16:51:33.644Z,36.9,-92,2,1789,0.0
2026-06-27T16:51:33.646Z,36.9,-92,3,1780,0.0
2026-06-27T16:51:33.647Z,36.9,-92,2,1773,0.0
2026-06-27T16:51:33.650Z,36.9,-92,2,1767,0.0
2026-06-27T16:51:33.651Z,28.8,-92,2,1761,0.0
2026-06-27T16:51:33.652Z,36.5,-92,2,1753,0.0
2026-06-27T16:51:33.653Z,28.8,-92,2,1746,0.0
2026-06-27T16:51:33.654Z,28.8,-92,2,1739,0.0
2026-06-27T16:51:33.734Z,36.4,-92,2,1808,0.0
2026-06-27T16:51:33.735Z,36.9,-92,1967,-164,0.0
2026-06-27T16:51:33.737Z,36.9,-90,2,-170,0.0
2026-06-27T16:51:33.739Z,36.9,-90,2,-200,0.0
2026-06-27T16:51:33.740Z,36.9,-90,2,-231,0.0
2026-06-27T16:51:33.742Z,28.8,-90,2,-238,0.0
2026-06-27T16:51:33.865Z,36.9,-90,2,-123,0.0
2026-06-27T16:51:33.868Z,36.9,-92,5,-133,0.0
2026-06-27T16:51:33.869Z,36.9,-92,2,-139,0.0
2026-06-27T16:51:33.871Z,28.8,-92,2,-168,0.0
2026-06-27T16:51:33.872Z,36.9,-92,2,-199,0.0
2026-06-27T16:51:33.873Z,28.8,-92,2,-207,0.0
2026-06-27T16:51:33.874Z,28.8,-92,3,-214,0.0
2026-06-27T16:51:33.875Z,28.8,-90,3,-221,0.0
2026-06-27T16:51:34.077Z,28.8,-90,3,-53,0.0
2026-06-27T16:51:34.083Z,28.8,-90,3,-54,0.0
2026-06-27T16:51:34.086Z,28.8,-90,2,-82,0.0
2026-06-27T16:51:34.087Z,28.8,-90,2,-112,0.0
2026-06-27T16:51:34.088Z,36.9,-90,3,-119,0.0
2026-06-27T16:51:34.090Z,28.8,-90,2,-125,0.0
2026-06-27T16:51:34.091Z,28.8,-90,2,-132,0.0
2026-06-27T16:51:34.092Z,36.9,-90,2,-140,0.0
2026-06-27T16:51:34.093Z,28.8,-90,3,-147,0.0
2026-06-27T16:51:34.094Z,28.8,-90,3,-154,0.0
2026-06-27T16:51:34.095Z,36.9,-90,3,-161,0.0
2026-06-27T16:51:34.096Z,28.8,-90,2,-168,0.0
2026-06-27T16:51:34.097Z,28.8,-90,2,-175,0.0
2026-06-27T16:51:34.207Z,36.9,-90,4,-77,0.0
2026-06-27T16:51:34.209Z,37.4,-90,3,-84,0.0
2026-06-27T16:51:34.210Z,37.4,-90,2,-91,0.0
2026-06-27T16:51:34.211Z,28.8,-90,2,-98,0.0
2026-06-27T16:51:34.213Z,28.8,-90,3,-127,0.0
2026-06-27T16:51:34.214Z,28.8,-90,2,-157,0.0
2026-06-27T16:51:34.215Z,28.8,-90,2,-188,0.0
2026-06-27T16:51:34.217Z,28.8,-90,2,-194,0.0
2026-06-27T16:51:34.218Z,28.8,-90,2,-201,0.0
2026-06-27T16:51:34.219Z,36.9,-90,2,-209,0.0
2026-06-27T16:51:34.220Z,28.8,-90,2,-216,0.0
2026-06-27T16:51:34.221Z,28.8,-90,2,-223,0.0
2026-06-27T16:51:34.265Z,28.8,-90,2,-191,0.0
2026-06-27T16:51:34.269Z,37.4,-90,5,-198,0.0
2026-06-27T16:51:34.270Z,28.8,-90,2,-204,0.0
2026-06-27T16:51:34.271Z,36.9,-90,2,-235,0.0
2026-06-27T16:51:34.273Z,36.9,-91,3,-241,0.0
2026-06-27T16:51:34.416Z,36.9,-91,2,-130,0.0
2026-06-27T16:51:34.419Z,36.9,-91,3,-136,0.0
2026-06-27T16:51:34.422Z,36.9,-91,2,-166,0.0
2026-06-27T16:51:34.424Z,28.8,-91,3,-171,0.0
2026-06-27T16:51:34.426Z,28.8,-91,2,-177,0.0
2026-06-27T16:51:34.427Z,28.8,-91,2,-183,0.0
2026-06-27T16:51:34.429Z,28.8,-91,2,-190,0.0
2026-06-27T16:51:34.430Z,28.8,-91,2,-196,0.0
2026-06-27T16:51:34.431Z,28.8,-91,2,-203,0.0
2026-06-27T16:51:34.433Z,28.8,-91,2,-210,0.0
2026-06-27T16:51:34.434Z,28.8,-91,2,-216,0.0
2026-06-27T16:51:34.435Z,28.8,-91,2,-223,0.0
2026-06-27T16:51:34.436Z,28.8,-91,2,-230,0.0
2026-06-27T16:51:34.564Z,28.8,-91,4,-113,0.0
2026-06-27T16:51:34.566Z,28.8,-91,3,-118,0.0
2026-06-27T16:51:34.568Z,28.8,-91,2,-148,0.0
2026-06-27T16:51:34.570Z,37.4,-91,2,-155,0.0
2026-06-27T16:51:34.571Z,28.8,-91,4,-163,0.0
2026-06-27T16:51:34.572Z,28.8,-91,2,-170,0.0
2026-06-27T16:51:34.573Z,28.8,-91,2,-177,0.0
2026-06-27T16:51:34.574Z,28.8,-91,2,-184,0.0
2026-06-27T16:51:34.575Z,28.8,-91,2,-190,0.0
2026-06-27T16:51:34.577Z,36.9,-91,2,-197,0.0
2026-06-27T16:51:34.578Z,28.8,-91,2,-204,0.0
2026-06-27T16:51:34.579Z,28.8,-91,2,-211,0.0
2026-06-27T16:51:36.317Z,36.9,-91,2,1514,0.0
2026-06-27T16:51:36.319Z,37.4,-91,5,1507,0.0
2026-06-27T16:51:36.320Z,37.4,-92,2,1500,0.0
2026-06-27T16:51:36.322Z,28.8,-92,2,1494,0.0
2026-06-27T16:51:36.323Z,28.8,-92,2,1464,0.0
2026-06-27T16:51:36.325Z,36.9,-92,2,1433,0.0
2026-06-27T16:51:36.326Z,28.8,-92,2,1426,0.0
2026-06-27T16:51:36.327Z,36.9,-92,3,1419,0.0
2026-06-27T16:51:36.328Z,36.9,-89,2,1412,0.0
2026-06-27T16:51:36.329Z,37.4,-89,3,1403,0.0
2026-06-27T16:51:36.331Z,28.8,-89,3,1396,0.0
2026-06-27T16:51:36.332Z,28.8,-89,2,1391,0.0
2026-06-27T16:51:36.333Z,36.9,-89,2,1383,0.0
2026-06-27T16:51:36.334Z,28.8,-89,3,1353,0.0
2026-06-27T16:51:36.335Z,28.8,-89,3,1323,0.0
2026-06-27T16:51:36.336Z,28.8,-89,2,1316,0.0
2026-06-27T16:51:36.337Z,36.9,-89,2,1309,0.0
2026-06-27T16:51:36.338Z,28.8,-89,2,1301,0.0
2026-06-27T16:51:36.340Z,28.8,-89,2,1295,0.0
2026-06-27T16:51:36.341Z,28.8,-89,2,1288,0.0
2026-06-27T16:51:36.342Z,28.8,-89,2,1281,0.0
2026-06-27T16:51:36.345Z,36.9,-89,5,1272,0.0
2026-06-27T16:51:36.346Z,37.4,-89,2,1265,0.0
2026-06-27T16:51:36.348Z,36.9,-89,2,1259,0.0
2026-06-27T16:51:36.349Z,36.9,-89,3,1251,0.0
2026-06-27T16:51:36.350Z,28.8,-89,3,1221,0.0
2026-06-27T16:51:38.143Z,28.8,-88,1460,1548,0.0
2026-06-27T16:51:38.145Z,28.8,-91,2,1542,0.0
2026-06-27T16:51:38.147Z,28.8,-91,2,1536,0.0
2026-06-27T16:51:38.148Z,28.8,-91,2,1506,0.0
2026-06-27T16:51:38.149Z,28.8,-91,2,1499,0.0
2026-06-27T16:51:38.151Z,28.8,-94,4,1492,0.0
2026-06-27T16:51:38.152Z,28.8,-94,3,1485,0.0
2026-06-27T16:51:38.153Z,36.9,-94,2,1477,0.0
2026-06-27T16:51:38.154Z,28.8,-94,2,1470,0.0
2026-06-27T16:51:38.156Z,28.8,-94,2,1464,0.0
2026-06-27T16:51:38.157Z,28.8,-94,2,1457,0.0
2026-06-27T16:51:38.158Z,28.8,-94,2,1450,0.0
2026-06-27T16:51:38.354Z,28.8,-94,2,1634,0.0
2026-06-27T16:51:38.359Z,28.8,-94,3,1631,0.0
2026-06-27T16:51:38.361Z,37.4,-94,3,1625,0.0
2026-06-27T16:51:38.364Z,28.8,-94,2,1620,0.0
2026-06-27T16:51:38.368Z,36.9,-94,3,1614,0.0
2026-06-27T16:51:38.369Z,28.8,-92,2,1610,0.0
2026-06-27T16:51:38.371Z,28.8,-92,3,1603,0.0
2026-06-27T16:51:38.372Z,36.9,-92,2,1597,0.0
2026-06-27T16:51:38.373Z,28.8,-92,1623,-30,0.0
2026-06-27T16:51:38.375Z,28.8,-92,2,-36,0.0
2026-06-27T16:51:38.376Z,28.8,-92,2,-66,0.0
2026-06-27T16:51:38.377Z,36.9,-92,2,-98,0.0
2026-06-27T16:51:38.458Z,28.8,-92,3,-26,0.0
2026-06-27T16:51:38.460Z,37.4,-92,121,-150,0.0
2026-06-27T16:51:38.462Z,36.9,-90,2,-157,0.0
2026-06-27T16:51:38.463Z,28.8,-90,2,-163,0.0
2026-06-27T16:51:38.465Z,28.8,-90,2,-192,0.0
2026-06-27T16:51:38.466Z,28.8,-90,2,-223,0.0
2026-06-27T16:51:38.467Z,28.8,-90,2,-230,0.0
2026-06-27T16:51:38.522Z,28.8,-93,3,-189,0.0
2026-06-27T16:51:38.530Z,37.3,-93,2,-190,0.0
2026-06-27T16:51:38.533Z,28.8,-93,3,-193,0.0
2026-06-27T16:51:38.535Z,28.8,-93,2,-199,0.0
2026-06-27T16:51:38.537Z,28.8,-93,2,-227,0.0
2026-06-27T16:51:38.575Z,28.8,-93,2,-223,0.0
2026-06-27T16:51:38.581Z,28.8,-93,4,-225,0.0
2026-06-27T16:51:38.725Z,28.8,-89,2,-113,0.0
2026-06-27T16:51:38.727Z,28.8,-89,3,-119,0.0
2026-06-27T16:51:38.729Z,28.8,-89,2,-147,0.0
2026-06-27T16:51:38.730Z,37.4,-89,2,-178,0.0
2026-06-27T16:51:38.731Z,28.8,-89,2,-185,0.0
2026-06-27T16:51:38.732Z,28.8,-89,2,-192,0.0
2026-06-27T16:51:38.733Z,28.8,-89,2,-198,0.0
2026-06-27T16:51:38.734Z,28.8,-89,2,-205,0.0
2026-06-27T16:51:38.736Z,28.8,-89,2,-212,0.0
2026-06-27T16:51:38.737Z,28.8,-89,2,-219,0.0
2026-06-27T16:51:38.738Z,28.8,-89,2,-226,0.0
2026-06-27T16:51:38.739Z,28.8,-89,2,-233,0.0
2026-06-27T16:51:38.740Z,28.8,-89,2,-240,0.0
2026-06-27T16:51:38.874Z,28.8,-89,4,-117,0.0
2026-06-27T16:51:38.876Z,28.8,-89,3,-122,0.0
2026-06-27T16:51:38.877Z,28.8,-89,4,-130,0.0
2026-06-27T16:51:38.878Z,28.8,-90,2,-161,0.0
2026-06-27T16:51:38.879Z,28.9,-90,4,-169,0.0
2026-06-27T16:51:38.880Z,28.8,-90,2,-176,0.0
2026-06-27T16:51:38.881Z,28.8,-90,2,-183,0.0
2026-06-27T16:51:38.882Z,28.8,-90,2,-191,0.0
2026-06-27T16:51:38.883Z,28.8,-90,3,-198,0.0
2026-06-27T16:51:38.884Z,28.8,-90,2,-205,0.0
2026-06-27T16:51:38.885Z,28.9,-90,2,-212,0.0
2026-06-27T16:51:38.886Z,28.8,-90,2,-219,0.0
2026-06-27T16:51:38.936Z,28.8,-90,2,-185,0.0
2026-06-27T16:51:38.939Z,36.9,-90,2,-185,0.0
2026-06-27T16:51:38.940Z,28.8,-90,2,-192,0.0
2026-06-27T16:51:38.943Z,28.8,-90,2,-220,0.0
2026-06-27T16:51:39.074Z,28.8,-90,2,-121,0.0
2026-06-27T16:51:39.076Z,28.8,-90,3,-126,0.0
2026-06-27T16:51:39.078Z,28.8,-90,2,-134,0.0
2026-06-27T16:51:39.079Z,28.8,-88,2,-164,0.0
2026-06-27T16:51:39.080Z,28.8,-88,2,-172,0.0
2026-06-27T16:51:39.081Z,28.8,-88,3,-179,0.0
2026-06-27T16:51:39.082Z,28.8,-88,3,-186,0.0
2026-06-27T16:51:39.083Z,28.8,-88,3,-193,0.0
2026-06-27T16:51:39.084Z,28.8,-88,3,-200,0.0
2026-06-27T16:51:39.085Z,28.8,-88,2,-207,0.0
2026-06-27T16:51:39.086Z,28.8,-88,2,-213,0.0
2026-06-27T16:51:39.087Z,28.8,-88,2,-220,0.0
2026-06-27T16:51:39.088Z,28.8,-88,2,-227,0.0
2026-06-27T16:51:39.177Z,28.8,-88,5,-151,0.0
2026-06-27T16:51:39.179Z,28.8,-88,3,-156,0.0
2026-06-27T16:51:39.181Z,28.8,-88,3,-163,0.0
2026-06-27T16:51:39.182Z,28.8,-88,2,-192,0.0
2026-06-27T16:51:39.184Z,28.8,-88,2,-223,0.0
2026-06-27T16:51:39.185Z,28.8,-88,3,-229,0.0
2026-06-27T16:51:39.343Z,28.8,-89,3,-85,0.0
2026-06-27T16:51:39.345Z,28.8,-89,2,-88,0.0
2026-06-27T16:51:39.347Z,28.8,-89,3,-93,0.0
2026-06-27T16:51:39.348Z,28.8,-89,2,-123,0.0
2026-06-27T16:51:39.350Z,28.8,-89,2,-155,0.0
2026-06-27T16:51:39.351Z,28.8,-89,3,-161,0.0
2026-06-27T16:51:39.352Z,28.8,-89,3,-168,0.0
2026-06-27T16:51:39.353Z,28.8,-89,3,-175,0.0
2026-06-27T16:51:39.354Z,28.8,-89,3,-182,0.0
2026-06-27T16:51:39.355Z,28.8,-89,3,-189,0.0
2026-06-27T16:51:39.356Z,28.8,-89,2,-196,0.0
2026-06-27T16:51:39.357Z,28.8,-89,2,-203,0.0
2026-06-27T16:51:39.397Z,28.8,-89,2,-170,0.0
2026-06-27T16:51:39.399Z,28.8,-89,5,-181,0.0
2026-06-27T16:51:39.400Z,28.8,-89,3,-188,0.0
2026-06-27T16:51:39.402Z,28.8,-89,2,-217,0.0
2026-06-27T16:51:39.403Z,28.8,-89,3,-247,0.0
2026-06-27T16:51:39.560Z,28.8,-89,3,-100,0.0
2026-06-27T16:51:39.561Z,28.8,-89,2,-107,0.0
2026-06-27T16:51:39.564Z,28.8,-89,2,-136,0.0
2026-06-27T16:51:39.565Z,28.8,-89,2,-166,0.0
2026-06-27T16:51:39.566Z,28.8,-91,2,-173,0.0
2026-06-27T16:51:39.567Z,28.8,-91,2,-180,0.0
2026-06-27T16:51:39.568Z,28.8,-91,2,-187,0.0
2026-06-27T16:51:39.571Z,28.8,-91,2,-192,0.0
2026-06-27T16:51:39.572Z,28.8,-91,2,-199,0.0
2026-06-27T16:51:39.573Z,28.8,-91,2,-206,0.0
2026-06-27T16:51:39.575Z,28.8,-91,2,-212,0.0
2026-06-27T16:51:39.576Z,28.8,-91,2,-219,0.0
2026-06-27T16:51:39.690Z,28.8,-91,2,-113,0.0
2026-06-27T16:51:39.692Z,28.8,-91,6,-122,0.0
2026-06-27T16:51:39.693Z,28.8,-91,2,-129,0.0
2026-06-27T16:51:39.695Z,28.8,-91,3,-136,0.0
2026-06-27T16:51:39.696Z,28.8,-91,3,-166,0.0
2026-06-27T16:51:39.697Z,28.8,-91,3,-196,0.0
2026-06-27T16:51:39.698Z,28.8,-91,2,-203,0.0
2026-06-27T16:51:39.821Z,37.8,-91,2,-112,0.0
2026-06-27T16:51:39.823Z,28.8,-89,5,-120,0.0
2026-06-27T16:51:39.825Z,28.8,-89,3,-125,0.0
2026-06-27T16:51:39.827Z,28.8,-89,2,-131,0.0
2026-06-27T16:51:39.828Z,28.8,-89,2,-161,0.0
2026-06-27T16:51:39.829Z,28.8,-89,2,-192,0.0
2026-06-27T16:51:39.830Z,28.8,-89,2,-199,0.0
2026-06-27T16:51:39.970Z,28.8,-88,2,-68,0.0
2026-06-27T16:51:39.972Z,37.8,-88,3,-75,0.0
2026-06-27T16:51:39.975Z,28.8,-88,3,-80,0.0
2026-06-27T16:51:39.976Z,28.8,-88,2,-86,0.0
2026-06-27T16:51:39.977Z,28.8,-88,2,-93,0.0
2026-06-27T16:51:39.978Z,37.8,-88,2,-100,0.0
2026-06-27T16:51:39.979Z,28.8,-88,2,-107,0.0
2026-06-27T16:51:39.980Z,28.8,-88,2,-114,0.0
2026-06-27T16:51:39.982Z,28.8,-88,2,-143,0.0
2026-06-27T16:51:40.109Z,28.8,-88,3,-26,0.0
2026-06-27T16:51:40.112Z,28.8,-89,3,-33,0.0
2026-06-27T16:51:40.114Z,37.4,-89,3,-39,0.0
2026-06-27T16:51:40.116Z,28.8,-89,2,-44,0.0
2026-06-27T16:51:40.117Z,28.8,-89,2,-51,0.0
2026-06-27T16:51:40.119Z,37.8,-89,3,-57,0.0
2026-06-27T16:51:40.120Z,28.8,-89,2,-64,0.0
2026-06-27T16:51:40.121Z,28.8,-89,2,-94,0.0
2026-06-27T16:51:40.122Z,28.8,-89,2,-125,0.0
2026-06-27T16:51:40.123Z,28.8,-90,2,-132,0.0
2026-06-27T16:51:40.124Z,28.8,-90,2,-139,0.0
2026-06-27T16:51:40.125Z,28.8,-90,2,-146,0.0
2026-06-27T16:51:40.126Z,28.8,-90,2,-153,0.0
2026-06-27T16:51:40.267Z,28.8,-90,5,-23,0.0
2026-06-27T16:51:40.268Z,28.8,-90,2,-30,0.0
2026-06-27T16:51:40.269Z,28.8,-90,3,-36,0.0
2026-06-27T16:51:40.270Z,28.8,-90,2,-43,0.0
2026-06-27T16:51:40.451Z,28.8,-90,179,-47,0.0
2026-06-27T16:51:40.453Z,28.8,-89,3,-52,0.0
2026-06-27T16:51:40.454Z,28.8,-89,2,-59,0.0
2026-06-27T16:51:40.455Z,28.8,-89,2,-89,0.0
2026-06-27T16:51:40.456Z,28.8,-90,2,-120,0.0
2026-06-27T16:51:40.458Z,28.8,-90,2,-128,0.0
2026-06-27T16:51:40.459Z,28.8,-90,3,-134,0.0
2026-06-27T16:51:40.460Z,28.8,-90,3,-141,0.0
2026-06-27T16:51:40.461Z,28.8,-90,3,-148,0.0
2026-06-27T16:51:40.462Z,28.8,-90,3,-155,0.0
2026-06-27T16:51:40.463Z,28.8,-90,3,-162,0.0
2026-06-27T16:51:40.464Z,28.8,-90,3,-169,0.0
2026-06-27T16:51:40.559Z,28.8,-90,3,-84,0.0
2026-06-27T16:51:40.562Z,28.8,-90,2,-90,0.0
2026-06-27T16:51:40.563Z,28.8,-90,3,-97,0.0
2026-06-27T16:51:40.564Z,28.8,-90,3,-104,0.0
2026-06-27T16:51:40.566Z,28.8,-90,3,-110,0.0
2026-06-27T16:51:40.567Z,28.8,-90,2,-116,0.0
2026-06-27T16:51:40.569Z,28.8,-90,2,-145,0.0
2026-06-27T16:51:40.571Z,28.8,-90,2,-174,0.0
2026-06-27T16:51:40.572Z,28.8,-91,2,-181,0.0
2026-06-27T16:51:40.573Z,28.8,-91,2,-212,0.0
2026-06-27T16:51:40.574Z,28.8,-91,2,-219,0.0
2026-06-27T16:51:40.575Z,28.8,-91,2,-226,0.0
2026-06-27T16:51:40.698Z,28.8,-91,2,-111,0.0
2026-06-27T16:51:40.700Z,28.8,-91,12,-127,0.0
2026-06-27T16:51:40.702Z,28.8,-91,2,-133,0.0
2026-06-27T16:51:40.703Z,28.8,-91,2,-163,0.0
2026-06-27T16:51:40.704Z,28.8,-91,3,-169,0.0
2026-06-27T16:51:40.706Z,28.8,-91,3,-178,0.0
2026-06-27T16:51:40.707Z,28.8,-91,2,-184,0.0
2026-06-27T16:51:40.708Z,28.8,-91,2,-191,0.0
2026-06-27T16:51:40.709Z,28.8,-91,2,-198,0.0
2026-06-27T16:51:40.710Z,28.8,-91,2,-205,0.0
2026-06-27T16:51:40.711Z,28.8,-91,2,-212,0.0
2026-06-27T16:51:40.712Z,28.8,-91,2,-219,0.0
2026-06-27T16:51:40.713Z,28.8,-91,2,-226,0.0
2026-06-27T16:51:40.906Z,37.8,-91,2,-46,0.0
2026-06-27T16:51:40.912Z,28.8,-91,4,-48,0.0
2026-06-27T16:51:40.915Z,28.8,-91,2,-54,0.0
2026-06-27T16:51:40.918Z,28.8,-91,2,-81,0.0
2026-06-27T16:51:40.920Z,28.8,-91,2,-111,0.0
2026-06-27T16:51:40.922Z,28.8,-91,2,-117,0.0
2026-06-27T16:51:40.923Z,28.8,-91,2,-123,0.0
2026-06-27T16:51:40.925Z,28.8,-91,2,-130,0.0
2026-06-27T16:51:40.926Z,28.8,-91,3,-159,0.0
2026-06-27T16:51:40.927Z,28.8,-91,3,-189,0.0
2026-06-27T16:51:40.929Z,28.8,-91,2,-219,0.0
2026-06-27T16:51:40.959Z,28.8,-91,2,-219,0.0
2026-06-27T16:51:40.963Z,28.8,-90,2,-224,0.0
2026-06-27T16:51:41.115Z,28.8,-90,2,-103,0.0
2026-06-27T16:51:41.118Z,28.8,-90,6,-111,0.0
2026-06-27T16:51:41.119Z,28.8,-90,2,-141,0.0
2026-06-27T16:51:41.121Z,28.8,-87,3,-146,0.0
2026-06-27T16:51:41.122Z,28.8,-87,2,-178,0.0
2026-06-27T16:51:41.123Z,28.8,-87,3,-185,0.0
2026-06-27T16:51:41.124Z,28.8,-87,3,-192,0.0
2026-06-27T16:51:41.125Z,28.8,-87,3,-199,0.0
2026-06-27T16:51:41.126Z,28.8,-87,3,-206,0.0
2026-06-27T16:51:41.127Z,28.8,-87,2,-213,0.0
2026-06-27T16:51:41.128Z,28.8,-87,2,-220,0.0
2026-06-27T16:51:41.129Z,28.8,-87,2,-227,0.0
2026-06-27T16:51:41.130Z,28.8,-87,2,-234,0.0
2026-06-27T16:51:41.220Z,28.8,-87,4,-154,0.0
2026-06-27T16:51:41.221Z,28.8,-87,3,-162,0.0
2026-06-27T16:51:41.224Z,28.8,-87,2,-191,0.0
2026-06-27T16:51:41.225Z,28.8,-87,2,-221,0.0
2026-06-27T16:51:41.226Z,28.8,-87,2,-228,0.0
2026-06-27T16:51:41.227Z,28.8,-87,3,-234,0.0
2026-06-27T16:51:41.778Z,28.8,-88,3,-187,0.0
2026-06-27T16:51:42.240Z,28.8,-92,6,-223,0.0
2026-06-27T16:51:42.717Z,28.8,-89,2,-245,0.0
2026-06-27T16:51:43.209Z,36.4,-83,6,-254,0.0
2026-06-27T16:51:43.772Z,36.4,-85,5,-190,0.0
2026-06-27T16:51:44.209Z,36.4,-90,5,-253,0.0
2026-06-27T16:51:44.709Z,36.9,-85,6,-257,0.0
2026-06-27T16:51:45.209Z,28.8,-81,6,-253,0.0
2026-06-27T16:51:45.711Z,28.8,-91,5,-254,0.0
2026-06-27T16:51:46.218Z,28.8,-85,8,-245,0.0
2026-06-27T16:51:46.710Z,28.8,-81,5,-256,0.0
2026-06-27T16:51:47.207Z,28.8,-83,5,-259,0.0
2026-06-27T16:51:47.719Z,28.8,-88,5,-247,0.0
2026-06-27T16:51:48.203Z,28.8,-82,5,-259,0.0
2026-06-27T16:51:48.703Z,28.8,-89,5,-259,0.0
2026-06-27T16:51:49.224Z,28.8,-90,6,-237,0.0
2026-06-27T16:51:49.731Z,28.8,-90,6,-231,0.0
2026-06-27T16:51:51.161Z,28.8,-93,5,696,0.0
2026-06-27T16:51:51.169Z,28.8,-88,2,203,0.0
2026-06-27T16:51:51.448Z,28.8,-85,3,-17,0.0
2026-06-27T16:51:51.741Z,28.8,-86,2,-220,0.0
2026-06-27T16:51:52.247Z,28.8,-87,6,-216,0.0
2026-06-27T16:51:52.729Z,28.8,-84,5,-232,0.0
2026-06-27T16:51:53.203Z,28.8,-75,5,-260,0.0
2026-06-27T16:51:53.705Z,28.8,-72,5,-259,0.0
2026-06-27T16:51:54.209Z,28.8,-82,4,-256,0.0
2026-06-27T16:51:54.701Z,28.8,-70,8,-261,0.0
2026-06-27T16:51:55.205Z,28.8,-74,6,-260,0.0
2026-06-27T16:51:55.704Z,28.8,-71,6,-260,0.0
2026-06-27T16:51:56.201Z,28.8,-74,6,-261,0.0
2026-06-27T16:51:56.705Z,28.8,-62,5,-260,0.0
2026-06-27T16:51:57.204Z,28.8,-68,5,-261,0.0
2026-06-27T16:51:57.706Z,28.8,-63,5,-259,0.0
2026-06-27T16:51:58.206Z,36.4,-60,5,-259,0.0
2026-06-27T16:51:58.707Z,37.3,-62,6,-258,0.0
2026-06-27T16:51:59.206Z,28.8,-65,6,-260,0.0
2026-06-27T16:51:59.700Z,28.8,-68,5,-262,0.0
2026-06-27T16:52:00.203Z,28.8,-53,6,-259,0.0
2026-06-27T16:52:00.700Z,28.8,-43,5,-262,0.0
2026-06-27T16:52:01.201Z,27.9,-31,6,-261,0.0
2026-06-27T16:52:01.703Z,28.8,-26,5,-259,0.0
2026-06-27T16:52:02.201Z,28.8,-30,6,-262,0.0
2026-06-27T16:52:02.706Z,28.8,-31,5,-259,0.0
2026-06-27T16:52:03.204Z,28.8,-30,8,-261,0.0
2026-06-27T16:52:03.701Z,28.8,-30,6,-261,0.0
2026-06-27T16:52:04.205Z,28.8,-29,5,-260,0.0
2026-06-27T16:52:04.704Z,28.0,-30,6,-261,0.0
2026-06-27T16:52:05.206Z,28.8,-30,6,-260,0.0
2026-06-27T16:52:05.705Z,28.0,-32,6,-260,0.0
2026-06-27T16:52:06.205Z,29.6,-30,5,-261,0.0
2026-06-27T16:52:06.704Z,29.6,-30,6,-261,0.0
2026-06-27T16:52:07.203Z,36.9,-30,5,-259,0.0
2026-06-27T16:52:07.701Z,36.9,-33,6,-261,0.0
2026-06-27T16:52:08.202Z,36.9,-39,6,-261,0.0
2026-06-27T16:52:08.705Z,36.9,-38,5,-258,0.0
2026-06-27T16:52:09.203Z,36.9,-40,5,-260,0.0
2026-06-27T16:52:09.703Z,37.4,-40,6,-262,0.0
2026-06-27T16:52:10.202Z,37.4,-40,5,-261,0.0
2026-06-27T16:52:10.711Z,37.3,-40,6,-251,0.0
2026-06-27T16:52:11.200Z,37.4,-42,6,-263,0.0
2026-06-27T16:52:11.512Z,37.3,-36,5,-51,0.0
2026-06-27T16:52:11.514Z,37.4,-36,3,-149,0.0
2026-06-27T16:52:11.515Z,37.3,-36,3,-247,0.0
2026-06-27T16:52:11.599Z,37.3,-36,2,-264,0.0
2026-06-27T16:52:11.731Z,37.3,-36,5,-232,0.0
2026-06-27T16:52:11.929Z,36.9,-36,3,-133,0.0
2026-06-27T16:52:11.931Z,36.9,-37,3,-231,0.0
2026-06-27T16:52:12.004Z,36.9,-37,2,-262,0.0
2026-06-27T16:52:12.131Z,36.9,-36,6,-233,0.0
2026-06-27T16:52:12.342Z,36.9,-36,3,-123,0.0
2026-06-27T16:52:12.345Z,36.9,-35,3,-217,0.0
2026-06-27T16:52:12.541Z,36.9,-35,2,-126,0.0
2026-06-27T16:52:12.549Z,36.9,-36,3,-217,0.0
2026-06-27T16:52:12.745Z,29.6,-36,2,-120,0.0
2026-06-27T16:52:12.748Z,36.9,-36,2,-214,0.0
2026-06-27T16:52:12.800Z,36.9,-36,3,-263,0.0
2026-06-27T16:52:12.947Z,36.9,-37,5,-216,0.0
2026-06-27T16:52:13.162Z,36.9,-37,3,-101,0.0
2026-06-27T16:52:13.164Z,36.9,-36,4,-199,0.0
2026-06-27T16:52:13.380Z,29.6,-36,2,-84,0.0
2026-06-27T16:52:13.383Z,29.6,-35,2,-179,0.0
2026-06-27T16:52:13.563Z,36.9,-35,2,-101,0.0
2026-06-27T16:52:13.567Z,37.3,-36,3,-195,0.0
2026-06-27T16:52:13.765Z,36.9,-36,3,-97,0.0
2026-06-27T16:52:13.767Z,37.3,-35,3,-195,0.0
2026-06-27T16:52:13.821Z,36.9,-35,3,-241,0.0
2026-06-27T16:52:13.971Z,36.9,-34,3,-192,0.0
2026-06-27T16:52:14.018Z,37.3,-35,3,-244,0.0
2026-06-27T16:52:14.175Z,36.9,-35,3,-188,0.0
2026-06-27T16:52:14.199Z,36.4,-35,3,-263,0.0
2026-06-27T16:52:14.381Z,36.4,-34,5,-181,0.0
2026-06-27T16:52:14.584Z,36.9,-34,3,-79,0.0
2026-06-27T16:52:14.586Z,37.3,-34,3,-177,0.0
2026-06-27T16:52:14.790Z,36.9,-34,3,-73,0.0
2026-06-27T16:52:14.793Z,36.9,-34,3,-170,0.0
2026-06-27T16:52:14.841Z,36.9,-34,3,-221,0.0
2026-06-27T16:52:14.995Z,36.4,-34,3,-167,0.0
2026-06-27T16:52:15.211Z,36.9,-35,3,-51,0.0
2026-06-27T16:52:15.213Z,36.9,-34,3,-149,0.0
2026-06-27T16:52:15.214Z,37.4,-34,2,-248,0.0
2026-06-27T16:52:15.405Z,37.3,-34,3,-159,0.0
2026-06-27T16:52:15.407Z,36.9,-34,3,-254,0.0
2026-06-27T16:52:15.508Z,36.9,-34,6,-254,0.0
2026-06-27T16:52:15.613Z,36.9,-34,6,-253,0.0
2026-06-27T16:52:15.818Z,36.9,-34,3,-148,0.0
2026-06-27T16:52:15.821Z,36.9,-35,3,-241,0.0
2026-06-27T16:52:15.901Z,36.9,-35,3,-264,0.0
2026-06-27T16:52:16.032Z,37.3,-35,5,-234,0.0
2026-06-27T16:52:16.227Z,36.9,-35,3,-139,0.0
2026-06-27T16:52:16.229Z,36.9,-34,3,-233,0.0
2026-06-27T16:52:16.435Z,36.9,-34,2,-132,0.0
2026-06-27T16:52:16.440Z,36.9,-34,3,-222,0.0
2026-06-27T16:52:16.633Z,36.9,-34,2,-130,0.0
2026-06-27T16:52:16.635Z,36.9,-35,3,-227,0.0
2026-06-27T16:52:16.844Z,36.9,-35,2,-122,0.0
2026-06-27T16:52:16.846Z,36.9,-34,3,-216,0.0
2026-06-27T16:52:17.042Z,36.9,-34,3,-120,0.0
2026-06-27T16:52:17.044Z,37.4,-34,3,-218,0.0
2026-06-27T16:52:17.101Z,37.4,-34,2,-263,0.0
2026-06-27T16:52:17.247Z,36.9,-34,6,-215,0.0
2026-06-27T16:52:17.299Z,36.9,-35,3,-263,0.0
2026-06-27T16:52:17.451Z,36.9,-35,5,-212,0.0
2026-06-27T16:52:17.657Z,36.9,-34,3,-105,0.0
2026-06-27T16:52:17.660Z,36.9,-34,3,-203,0.0
2026-06-27T16:52:17.865Z,36.4,-34,3,-99,0.0
2026-06-27T16:52:17.873Z,36.4,-34,3,-193,0.0
2026-06-27T16:52:17.924Z,36.9,-34,2,-241,0.0
2026-06-27T16:52:18.069Z,36.9,-33,3,-197,0.0
2026-06-27T16:52:18.128Z,36.9,-34,3,-238,0.0
2026-06-27T16:52:18.276Z,36.9,-33,3,-190,0.0
2026-06-27T16:52:18.325Z,36.9,-33,3,-239,0.0
2026-06-27T16:52:18.480Z,36.4,-33,3,-185,0.0
2026-06-27T16:52:18.685Z,36.4,-33,3,-80,0.0
2026-06-27T16:52:18.690Z,36.4,-33,3,-173,0.0
2026-06-27T16:52:18.889Z,36.9,-33,3,-76,0.0
2026-06-27T16:52:18.891Z,36.4,-33,3,-171,0.0
2026-06-27T16:52:19.090Z,36.4,-33,2,-72,0.0
2026-06-27T16:52:19.092Z,36.9,-33,3,-170,0.0
2026-06-27T16:52:19.149Z,29.6,-33,2,-213,0.0
2026-06-27T16:52:19.293Z,29.6,-33,2,-168,0.0
2026-06-27T16:52:19.346Z,29.6,-33,2,-215,0.0
2026-06-27T16:52:19.501Z,29.6,-34,3,-161,0.0
2026-06-27T16:52:19.504Z,36.4,-33,2,-259,0.0
2026-06-27T16:52:19.705Z,36.4,-33,6,-159,0.0
2026-06-27T16:52:19.707Z,36.9,-33,3,-255,0.0
2026-06-27T16:52:19.813Z,36.9,-33,6,-250,0.0
2026-06-27T16:52:19.914Z,37.4,-33,3,-252,0.0
2026-06-27T16:52:20.119Z,37.4,-34,3,-148,0.0
2026-06-27T16:52:20.121Z,37.4,-33,3,-241,0.0
2026-06-27T16:52:20.323Z,37.4,-33,2,-143,0.0
2026-06-27T16:52:20.332Z,37.3,-34,3,-233,0.0
2026-06-27T16:52:20.523Z,37.4,-34,2,-140,0.0
2026-06-27T16:52:20.526Z,37.4,-33,3,-236,0.0
2026-06-27T16:52:20.606Z,37.4,-33,2,-256,0.0
2026-06-27T16:52:20.738Z,37.4,-33,5,-225,0.0
2026-06-27T16:52:20.937Z,37.4,-33,3,-129,0.0
2026-06-27T16:52:20.944Z,36.9,-33,2,-221,0.0
2026-06-27T16:52:21.146Z,36.9,-33,2,-118,0.0
2026-06-27T16:52:21.150Z,36.9,-33,3,-213,0.0
2026-06-27T16:52:21.206Z,36.9,-33,2,-261,0.0
2026-06-27T16:52:21.344Z,36.9,-33,7,-219,0.0
2026-06-27T16:52:21.552Z,37.3,-32,3,-113,0.0
2026-06-27T16:52:21.554Z,37.4,-32,3,-208,0.0
2026-06-27T16:52:21.753Z,36.9,-32,2,-110,0.0
2026-06-27T16:52:21.756Z,37.3,-33,3,-208,0.0
2026-06-27T16:52:21.814Z,37.4,-33,3,-252,0.0
2026-06-27T16:52:21.961Z,37.4,-34,3,-204,0.0
2026-06-27T16:52:22.165Z,37.8,-36,3,-100,0.0
2026-06-27T16:52:22.168Z,37.4,-37,3,-194,0.0
2026-06-27T16:52:22.372Z,37.4,-37,3,-94,0.0
2026-06-27T16:52:22.375Z,37.4,-36,3,-189,0.0
2026-06-27T16:52:22.586Z,37.3,-36,3,-76,0.0
2026-06-27T16:52:22.588Z,37.4,-37,3,-175,0.0
2026-06-27T16:52:22.781Z,37.4,-37,3,-84,0.0
2026-06-27T16:52:22.790Z,37.4,-43,3,-176,0.0
2026-06-27T16:52:22.985Z,37.4,-43,3,-80,0.0
2026-06-27T16:52:22.993Z,37.4,-46,3,-172,0.0
2026-06-27T16:52:23.039Z,36.9,-46,3,-223,0.0
2026-06-27T16:52:23.186Z,37.0,-46,3,-176,0.0
2026-06-27T16:52:23.237Z,37.4,-39,3,-225,0.0
2026-06-27T16:52:23.392Z,37.3,-34,3,-171,0.0
2026-06-27T16:52:23.597Z,36.9,-35,3,-66,0.0
2026-06-27T16:52:23.601Z,37.4,-37,3,-162,0.0
2026-06-27T16:52:23.801Z,37.3,-37,3,-62,0.0
2026-06-27T16:52:23.803Z,36.9,-37,3,-159,0.0
2026-06-27T16:52:23.805Z,37.3,-37,3,-257,0.0
2026-06-27T16:52:24.015Z,37.4,-41,7,-149,0.0
2026-06-27T16:52:24.017Z,37.4,-41,3,-246,0.0
2026-06-27T16:52:24.117Z,37.4,-41,2,-247,0.0
2026-06-27T16:52:24.218Z,37.4,-43,3,-245,0.0
2026-06-27T16:52:24.415Z,37.4,-36,3,-149,0.0
2026-06-27T16:52:24.419Z,37.3,-38,3,-244,0.0
2026-06-27T16:52:24.496Z,37.4,-38,2,-266,0.0
2026-06-27T16:52:24.648Z,37.4,-36,5,-215,0.0
2026-06-27T16:52:24.714Z,37.4,-36,3,-250,0.0
2026-06-27T16:52:24.837Z,37.4,-40,5,-229,0.0
2026-06-27T16:52:25.030Z,37.4,-41,3,-133,0.0
2026-06-27T16:52:25.033Z,37.4,-38,3,-229,0.0
2026-06-27T16:52:25.245Z,37.4,-38,2,-118,0.0
2026-06-27T16:52:25.247Z,36.9,-36,3,-215,0.0
2026-06-27T16:52:25.456Z,37.3,-36,2,-108,0.0
2026-06-27T16:52:25.458Z,36.9,-33,3,-205,0.0
2026-06-27T16:52:25.647Z,36.9,-33,2,-118,0.0
2026-06-27T16:52:25.650Z,36.9,-34,4,-213,0.0
2026-06-27T16:52:25.705Z,37.4,-34,2,-260,0.0
2026-06-27T16:52:25.851Z,36.9,-33,7,-212,0.0
2026-06-27T16:52:25.903Z,36.9,-33,3,-259,0.0
2026-06-27T16:52:26.056Z,37.4,-34,3,-211,0.0
2026-06-27T16:52:26.106Z,37.4,-34,3,-260,0.0
2026-06-27T16:52:26.263Z,28.8,-33,3,-202,0.0
2026-06-27T16:52:26.475Z,37.8,-34,2,-91,0.0
2026-06-27T16:52:26.479Z,37.4,-33,3,-184,0.0
2026-06-27T16:52:26.671Z,37.4,-33,3,-94,0.0
2026-06-27T16:52:26.675Z,37.4,-32,3,-188,0.0
2026-06-27T16:52:26.877Z,37.4,-32,3,-88,0.0
2026-06-27T16:52:26.879Z,37.4,-32,3,-184,0.0
2026-06-27T16:52:27.082Z,37.4,-32,3,-83,0.0
2026-06-27T16:52:27.090Z,37.4,-32,3,-177,0.0
2026-06-27T16:52:27.284Z,36.9,-32,3,-80,0.0
2026-06-27T16:52:27.288Z,36.9,-32,3,-175,0.0
2026-06-27T16:52:27.334Z,36.9,-32,3,-228,0.0
2026-06-27T16:52:27.487Z,36.9,-32,3,-175,0.0
2026-06-27T16:52:27.692Z,36.9,-32,3,-70,0.0
2026-06-27T16:52:27.694Z,36.9,-33,3,-168,0.0
2026-06-27T16:52:27.902Z,37.4,-33,3,-64,0.0
2026-06-27T16:52:27.904Z,37.4,-32,3,-158,0.0
2026-06-27T16:52:28.104Z,37.4,-32,3,-59,0.0
2026-06-27T16:52:28.107Z,37.4,-33,5,-157,0.0
2026-06-27T16:52:28.109Z,37.4,-33,3,-255,0.0
2026-06-27T16:52:28.306Z,36.9,-33,3,-157,0.0
2026-06-27T16:52:28.307Z,37.4,-33,3,-255,0.0
2026-06-27T16:52:28.520Z,37.4,-33,2,-143,0.0
2026-06-27T16:52:28.522Z,37.4,-32,3,-240,0.0
2026-06-27T16:52:28.715Z,37.4,-32,2,-148,0.0
2026-06-27T16:52:28.717Z,36.9,-33,3,-245,0.0
2026-06-27T16:52:28.924Z,37.3,-33,2,-142,0.0
2026-06-27T16:52:28.927Z,37.8,-32,3,-236,0.0
2026-06-27T16:52:28.997Z,37.4,-32,2,-266,0.0
2026-06-27T16:52:29.125Z,37.8,-33,5,-238,0.0
2026-06-27T16:52:29.200Z,37.4,-32,3,-264,0.0
2026-06-27T16:52:29.330Z,37.4,-33,5,-232,0.0
2026-06-27T16:52:29.539Z,28.8,-33,3,-126,0.0
2026-06-27T16:52:29.542Z,37.4,-32,2,-220,0.0
2026-06-27T16:52:29.740Z,37.4,-32,2,-123,0.0
2026-06-27T16:52:29.742Z,37.4,-33,3,-220,0.0
2026-06-27T16:52:29.944Z,36.9,-33,2,-118,0.0
2026-06-27T16:52:29.946Z,36.9,-32,3,-216,0.0
2026-06-27T16:52:30.169Z,36.9,-32,2,-93,0.0
2026-06-27T16:52:30.171Z,36.9,-33,4,-191,0.0
2026-06-27T16:52:30.358Z,37.4,-33,2,-107,0.0
2026-06-27T16:52:30.361Z,37.3,-33,3,-202,0.0
2026-06-27T16:52:30.561Z,37.4,-33,3,-103,0.0
2026-06-27T16:52:30.567Z,37.3,-33,3,-198,0.0
2026-06-27T16:52:30.763Z,37.4,-33,3,-99,0.0
2026-06-27T16:52:30.766Z,37.4,-32,3,-196,0.0
2026-06-27T16:52:30.969Z,36.9,-32,3,-94,0.0
2026-06-27T16:52:30.973Z,36.9,-30,3,-190,0.0
2026-06-27T16:52:31.173Z,37.3,-30,3,-89,0.0
2026-06-27T16:52:31.175Z,36.9,-31,3,-187,0.0
2026-06-27T16:52:31.384Z,36.9,-31,3,-78,0.0
2026-06-27T16:52:31.386Z,37.3,-30,3,-176,0.0
2026-06-27T16:52:31.583Z,36.9,-30,3,-79,0.0
2026-06-27T16:52:31.585Z,36.9,-31,3,-177,0.0
2026-06-27T16:52:31.788Z,37.3,-31,3,-75,0.0
2026-06-27T16:52:31.790Z,36.9,-31,3,-172,0.0
2026-06-27T16:52:31.993Z,37.3,-31,3,-70,0.0
2026-06-27T16:52:31.995Z,36.9,-30,3,-167,0.0
2026-06-27T16:52:32.049Z,36.9,-30,3,-213,0.0
2026-06-27T16:52:32.202Z,36.9,-31,3,-163,0.0
2026-06-27T16:52:32.253Z,36.9,-31,3,-210,0.0
2026-06-27T16:52:32.402Z,37.3,-30,6,-160,0.0
2026-06-27T16:52:32.405Z,37.8,-31,3,-258,0.0
2026-06-27T16:52:32.610Z,37.3,-31,6,-155,0.0
2026-06-27T16:52:32.612Z,37.4,-31,3,-251,0.0
2026-06-27T16:52:32.816Z,37.4,-32,3,-152,0.0
2026-06-27T16:52:32.823Z,37.4,-32,3,-242,0.0
2026-06-27T16:52:33.016Z,36.9,-32,2,-147,0.0
2026-06-27T16:52:33.019Z,36.9,-33,3,-244,0.0
2026-06-27T16:52:33.222Z,36.9,-33,2,-141,0.0
2026-06-27T16:52:33.224Z,29.6,-33,3,-237,0.0
2026-06-27T16:52:33.299Z,36.9,-33,2,-265,0.0
2026-06-27T16:52:33.432Z,36.9,-34,6,-233,0.0
2026-06-27T16:52:33.499Z,36.9,-35,3,-265,0.0
2026-06-27T16:52:33.635Z,36.9,-39,5,-231,0.0
2026-06-27T16:52:33.697Z,36.9,-46,3,-265,0.0
2026-06-27T16:52:33.850Z,36.9,-44,5,-216,0.0
2026-06-27T16:52:34.040Z,36.9,-42,3,-122,0.0
2026-06-27T16:52:34.042Z,29.6,-37,3,-220,0.0
2026-06-27T16:52:34.245Z,36.9,-37,2,-118,0.0
2026-06-27T16:52:34.247Z,36.9,-34,3,-215,0.0
2026-06-27T16:52:34.450Z,37.4,-34,2,-112,0.0
2026-06-27T16:52:34.452Z,37.4,-27,3,-211,0.0
2026-06-27T16:52:34.662Z,37.4,-27,3,-103,0.0
2026-06-27T16:52:34.664Z,37.3,-26,3,-199,0.0
2026-06-27T16:52:34.864Z,37.3,-26,3,-102,0.0
2026-06-27T16:52:34.871Z,37.3,-27,3,-194,0.0
2026-06-27T16:52:35.067Z,36.9,-27,3,-97,0.0
2026-06-27T16:52:35.070Z,36.9,-27,3,-192,0.0
2026-06-27T16:52:35.269Z,29.6,-27,2,-92,0.0
2026-06-27T16:52:35.271Z,36.9,-26,2,-191,0.0
2026-06-27T16:52:35.479Z,37.4,-26,2,-87,0.0
2026-06-27T16:52:35.483Z,37.3,-26,3,-181,0.0
2026-06-27T16:52:35.680Z,37.4,-26,3,-83,0.0
2026-06-27T16:52:35.683Z,37.3,-27,3,-180,0.0
2026-06-27T16:52:35.890Z,37.3,-27,3,-72,0.0
2026-06-27T16:52:35.892Z,36.9,-27,3,-170,0.0
2026-06-27T16:52:36.089Z,37.3,-27,3,-73,0.0
2026-06-27T16:52:36.093Z,36.9,-26,3,-170,0.0
2026-06-27T16:52:36.144Z,36.9,-26,3,-221,0.0
2026-06-27T16:52:36.292Z,36.4,-26,3,-169,0.0
2026-06-27T16:52:36.343Z,36.4,-27,3,-219,0.0
2026-06-27T16:52:36.509Z,36.9,-27,3,-156,0.0
2026-06-27T16:52:36.511Z,36.9,-26,4,-251,0.0
2026-06-27T16:52:36.709Z,36.9,-28,6,-155,0.0
2026-06-27T16:52:36.712Z,36.9,-28,3,-251,0.0
2026-06-27T16:52:36.805Z,36.9,-28,6,-257,0.0
2026-06-27T16:52:36.897Z,36.9,-26,3,-265,0.0
2026-06-27T16:52:37.120Z,37.4,-26,5,-147,0.0
2026-06-27T16:52:37.125Z,37.3,-26,3,-240,0.0
2026-06-27T16:52:37.196Z,36.9,-26,2,-266,0.0
2026-06-27T16:52:37.318Z,36.9,-26,5,-246,0.0
2026-06-27T16:52:37.396Z,36.9,-27,3,-266,0.0
2026-06-27T16:52:37.532Z,37.4,-26,5,-231,0.0
2026-06-27T16:52:37.726Z,37.4,-27,3,-137,0.0
2026-06-27T16:52:37.728Z,37.3,-27,3,-234,0.0
2026-06-27T16:52:37.939Z,37.3,-27,2,-124,0.0
2026-06-27T16:52:37.941Z,37.3,-27,3,-221,0.0
2026-06-27T16:52:38.137Z,37.3,-27,2,-127,0.0
2026-06-27T16:52:38.141Z,36.9,-27,3,-221,0.0
2026-06-27T16:52:38.343Z,36.9,-27,2,-120,0.0
2026-06-27T16:52:38.346Z,37.3,-26,3,-217,0.0
2026-06-27T16:52:38.548Z,36.9,-26,2,-114,0.0
2026-06-27T16:52:38.550Z,37.3,-26,3,-212,0.0
2026-06-27T16:52:38.754Z,37.4,-26,2,-111,0.0
2026-06-27T16:52:38.757Z,37.3,-26,3,-206,0.0
2026-06-27T16:52:38.961Z,36.9,-26,3,-104,0.0
2026-06-27T16:52:38.966Z,36.9,-26,3,-199,0.0
2026-06-27T16:52:39.161Z,37.4,-26,3,-102,0.0
2026-06-27T16:52:39.162Z,37.4,-26,3,-201,0.0
2026-06-27T16:52:39.377Z,37.4,-26,3,-88,0.0
2026-06-27T16:52:39.382Z,37.4,-26,3,-182,0.0